module_order,module_title,lesson_order,lesson_title,step_order,step_title,step_type,checker_type,xp,difficulty,estimated_minutes
1,"Модуль 1. Python Core, терминал, Git",1,Первый код,1,Смысл,theory,,20,1,18
1,"Модуль 1. Python Core, терминал, Git",1,Первый код,2,print,theory,,20,1,18
1,"Модуль 1. Python Core, терминал, Git",1,Первый код,3,print и вывод,test,quiz_single,25,1,10
1,"Модуль 1. Python Core, терминал, Git",1,Первый код,4,Первый вывод,practice,python_stdout,50,1,10
1,"Модуль 1. Python Core, терминал, Git",1,Первый код,5,Две строки,practice,python_stdout,50,1,10
1,"Модуль 1. Python Core, терминал, Git",1,Первый код,6,Порядок,practice,python_stdout,50,1,10
1,"Модуль 1. Python Core, терминал, Git",1,Первый код,7,Точный текст,practice,python_stdout,50,1,10
1,"Модуль 1. Python Core, терминал, Git",1,Первый код,8,Кавычка,practice,python_stdout,50,1,12
1,"Модуль 1. Python Core, терминал, Git",1,Первый код,9,Лишняя строка,practice,python_stdout,50,1,12
1,"Модуль 1. Python Core, терминал, Git",1,Первый код,10,Три строки,project,ide_plugin,125,1,24
1,"Модуль 1. Python Core, терминал, Git",1,Первый код,11,Короткая проверка,summary,,10,1,6
1,"Модуль 1. Python Core, терминал, Git",2,Ввод и числа,1,Что это,theory,,20,1,16
1,"Модуль 1. Python Core, терминал, Git",2,Ввод и числа,2,Минимальный пример,theory,,20,1,16
1,"Модуль 1. Python Core, терминал, Git",2,Ввод и числа,3,Ввод и числа,test,quiz_single,25,1,10
1,"Модуль 1. Python Core, терминал, Git",2,Ввод и числа,4,Имя,practice,python_stdout,50,1,12
1,"Модуль 1. Python Core, терминал, Git",2,Ввод и числа,5,Возраст,practice,python_stdout,50,1,12
1,"Модуль 1. Python Core, терминал, Git",2,Ввод и числа,6,Сумма,practice,python_stdout,55,2,14
1,"Модуль 1. Python Core, терминал, Git",2,Ввод и числа,7,Площадь,practice,python_stdout,55,2,14
1,"Модуль 1. Python Core, терминал, Git",2,Ввод и числа,8,Скидка,practice,python_stdout,55,2,14
1,"Модуль 1. Python Core, терминал, Git",2,Ввод и числа,9,Забытый int,practice,python_stdout,55,2,12
1,"Модуль 1. Python Core, терминал, Git",2,Ввод и числа,10,Следующий год,project,ide_plugin,140,2,25
1,"Модуль 1. Python Core, терминал, Git",2,Ввод и числа,11,Короткая проверка,summary,,10,1,6
1,"Модуль 1. Python Core, терминал, Git",3,Строки,1,Что это,theory,,20,1,16
1,"Модуль 1. Python Core, терминал, Git",3,Строки,2,Минимальный пример,theory,,20,1,16
1,"Модуль 1. Python Core, терминал, Git",3,Строки,3,Строки,test,quiz_single,25,1,10
1,"Модуль 1. Python Core, терминал, Git",3,Строки,4,Без краёв,practice,python_stdout,50,1,12
1,"Модуль 1. Python Core, терминал, Git",3,Строки,5,Нижний регистр,practice,python_stdout,50,1,12
1,"Модуль 1. Python Core, терминал, Git",3,Строки,6,Первые символы,practice,python_stdout,55,2,12
1,"Модуль 1. Python Core, терминал, Git",3,Строки,7,Замена,practice,python_stdout,55,2,12
1,"Модуль 1. Python Core, терминал, Git",3,Строки,8,Slug,practice,python_stdout,55,2,16
1,"Модуль 1. Python Core, терминал, Git",3,Строки,9,Забыто присваивание,practice,python_stdout,55,2,12
1,"Модуль 1. Python Core, терминал, Git",3,Строки,10,Чистое имя,project,ide_plugin,140,2,25
1,"Модуль 1. Python Core, терминал, Git",3,Строки,11,Короткая проверка,summary,,10,1,6
1,"Модуль 1. Python Core, терминал, Git",4,bool и None,1,Что это,theory,,20,1,16
1,"Модуль 1. Python Core, терминал, Git",4,bool и None,2,Минимальный пример,theory,,20,1,16
1,"Модуль 1. Python Core, терминал, Git",4,bool и None,3,bool и None,test,quiz_single,25,1,10
1,"Модуль 1. Python Core, терминал, Git",4,bool и None,4,Равно,practice,python_stdout,50,1,12
1,"Модуль 1. Python Core, терминал, Git",4,bool и None,5,Положительное,practice,python_stdout,50,1,12
1,"Модуль 1. Python Core, терминал, Git",4,bool и None,6,Пустая строка,practice,python_stdout,55,2,12
1,"Модуль 1. Python Core, терминал, Git",4,bool и None,7,None,practice,python_stdout,50,1,12
1,"Модуль 1. Python Core, терминал, Git",4,bool и None,8,Не строка None,practice,python_stdout,55,2,12
1,"Модуль 1. Python Core, терминал, Git",4,bool и None,9,Заполнено,project,ide_plugin,140,2,25
1,"Модуль 1. Python Core, терминал, Git",4,bool и None,10,Короткая проверка,summary,,10,1,6
1,"Модуль 1. Python Core, терминал, Git",5,Условия,1,Что это,theory,,20,1,16
1,"Модуль 1. Python Core, терминал, Git",5,Условия,2,Минимальный пример,theory,,20,1,16
1,"Модуль 1. Python Core, терминал, Git",5,Условия,3,Условия,test,quiz_single,25,1,10
1,"Модуль 1. Python Core, терминал, Git",5,Условия,4,Возраст,practice,python_stdout,55,2,14
1,"Модуль 1. Python Core, терминал, Git",5,Условия,5,Знак числа,practice,python_stdout,55,2,15
1,"Модуль 1. Python Core, терминал, Git",5,Условия,6,Граница,practice,python_stdout,55,2,12
1,"Модуль 1. Python Core, терминал, Git",5,Условия,7,Код доступа,practice,python_stdout,55,2,14
1,"Модуль 1. Python Core, терминал, Git",5,Условия,8,Один знак,practice,python_stdout,55,2,14
1,"Модуль 1. Python Core, терминал, Git",5,Условия,9,Можно войти,project,ide_plugin,140,2,25
1,"Модуль 1. Python Core, терминал, Git",5,Условия,10,Короткая проверка,summary,,10,1,6
1,"Модуль 1. Python Core, терминал, Git",6,Типы и память,1,Что это,theory,,20,1,16
1,"Модуль 1. Python Core, терминал, Git",6,Типы и память,2,Минимальный пример,theory,,20,1,16
1,"Модуль 1. Python Core, терминал, Git",6,Типы и память,3,Типы,test,quiz_single,25,1,10
1,"Модуль 1. Python Core, терминал, Git",6,Типы и память,4,Имя типа,practice,python_stdout,55,2,12
1,"Модуль 1. Python Core, терминал, Git",6,Типы и память,5,После int,practice,python_stdout,55,2,12
1,"Модуль 1. Python Core, терминал, Git",6,Типы и память,6,После float,practice,python_stdout,55,2,12
1,"Модуль 1. Python Core, терминал, Git",6,Типы и память,7,Переприсваивание,practice,python_stdout,55,2,12
1,"Модуль 1. Python Core, терминал, Git",6,Типы и память,8,Два имени,practice,python_stdout,55,2,12
1,"Модуль 1. Python Core, терминал, Git",6,Типы и память,9,Паспорт значения,project,ide_plugin,140,2,25
1,"Модуль 1. Python Core, терминал, Git",6,Типы и память,10,Короткая проверка,summary,,10,1,6
1,"Модуль 1. Python Core, терминал, Git",7,Циклы,1,Что это,theory,,20,1,16
1,"Модуль 1. Python Core, терминал, Git",7,Циклы,2,Минимальный пример,theory,,20,1,16
1,"Модуль 1. Python Core, терминал, Git",7,Циклы,3,Циклы,test,quiz_single,25,1,10
1,"Модуль 1. Python Core, терминал, Git",7,Циклы,4,Range,practice,python_stdout,55,2,12
1,"Модуль 1. Python Core, терминал, Git",7,Циклы,5,Сумма,practice,python_stdout,55,2,15
1,"Модуль 1. Python Core, терминал, Git",7,Циклы,6,Повтор слова,practice,python_stdout,55,2,14
1,"Модуль 1. Python Core, терминал, Git",7,Циклы,7,Обратный отсчёт,practice,python_stdout,55,2,15
1,"Модуль 1. Python Core, терминал, Git",7,Циклы,8,Stop,practice,python_stdout,60,3,18
1,"Модуль 1. Python Core, терминал, Git",7,Циклы,9,Забыто уменьшение,practice,python_stdout,55,2,14
1,"Модуль 1. Python Core, терминал, Git",7,Циклы,10,Сумма до n,project,ide_plugin,140,2,25
1,"Модуль 1. Python Core, терминал, Git",7,Циклы,11,Короткая проверка,summary,,10,1,6
1,"Модуль 1. Python Core, терминал, Git",8,Списки,1,Что это,theory,,20,1,16
1,"Модуль 1. Python Core, терминал, Git",8,Списки,2,Минимальный пример,theory,,20,1,16
1,"Модуль 1. Python Core, терминал, Git",8,Списки,3,Списки,test,quiz_single,25,1,10
1,"Модуль 1. Python Core, терминал, Git",8,Списки,4,Первый элемент,practice,python_stdout,55,2,12
1,"Модуль 1. Python Core, терминал, Git",8,Списки,5,Append,practice,python_stdout,55,2,12
1,"Модуль 1. Python Core, терминал, Git",8,Списки,6,Замена,practice,python_stdout,55,2,12
1,"Модуль 1. Python Core, терминал, Git",8,Списки,7,Слова,practice,python_stdout,55,2,14
1,"Модуль 1. Python Core, терминал, Git",8,Списки,8,Копия,practice,python_stdout,60,3,14
1,"Модуль 1. Python Core, терминал, Git",8,Списки,9,Последний элемент,practice,python_stdout,55,2,12
1,"Модуль 1. Python Core, терминал, Git",8,Списки,10,Список покупок,project,ide_plugin,140,2,25
1,"Модуль 1. Python Core, терминал, Git",8,Списки,11,Короткая проверка,summary,,10,1,6
1,"Модуль 1. Python Core, терминал, Git",9,Функции,1,Что это,theory,,20,1,16
1,"Модуль 1. Python Core, терминал, Git",9,Функции,2,Минимальный пример,theory,,20,1,16
1,"Модуль 1. Python Core, терминал, Git",9,Функции,3,Функции,test,quiz_single,25,1,10
1,"Модуль 1. Python Core, терминал, Git",9,Функции,4,Приветствие,practice,python_pytest,80,2,16
1,"Модуль 1. Python Core, терминал, Git",9,Функции,5,Площадь,practice,python_pytest,80,2,16
1,"Модуль 1. Python Core, терминал, Git",9,Функции,6,Чётное,practice,python_pytest,80,2,16
1,"Модуль 1. Python Core, терминал, Git",9,Функции,7,По умолчанию,practice,python_pytest,80,2,16
1,"Модуль 1. Python Core, терминал, Git",9,Функции,8,Печать вместо return,practice,python_pytest,80,2,14
1,"Модуль 1. Python Core, терминал, Git",9,Функции,9,Чистая цена,practice,python_pytest,80,2,16
1,"Модуль 1. Python Core, терминал, Git",9,Функции,10,Калькулятор скидки,project,ide_plugin,140,2,28
1,"Модуль 1. Python Core, терминал, Git",9,Функции,11,Короткая проверка,summary,,10,1,6
1,"Модуль 1. Python Core, терминал, Git",10,Кортежи,1,Что это,theory,,20,1,16
1,"Модуль 1. Python Core, терминал, Git",10,Кортежи,2,Минимальный пример,theory,,20,1,16
1,"Модуль 1. Python Core, терминал, Git",10,Кортежи,3,Кортежи,test,quiz_single,25,1,10
1,"Модуль 1. Python Core, терминал, Git",10,Кортежи,4,Точка,practice,python_pytest,80,2,15
1,"Модуль 1. Python Core, терминал, Git",10,Кортежи,5,Координата x,practice,python_pytest,80,2,14
1,"Модуль 1. Python Core, терминал, Git",10,Кортежи,6,Распаковка,practice,python_pytest,80,2,15
1,"Модуль 1. Python Core, терминал, Git",10,Кортежи,7,Сдвиг,practice,python_pytest,80,2,16
1,"Модуль 1. Python Core, терминал, Git",10,Кортежи,8,Новый кортеж,practice,python_pytest,80,2,16
1,"Модуль 1. Python Core, терминал, Git",10,Кортежи,9,Минимум и максимум,practice,python_pytest,80,2,16
1,"Модуль 1. Python Core, терминал, Git",10,Кортежи,10,Координата точки,project,ide_plugin,140,2,30
1,"Модуль 1. Python Core, терминал, Git",10,Кортежи,11,Короткая проверка,summary,,10,1,6
1,"Модуль 1. Python Core, терминал, Git",11,Множества,1,Что это,theory,,40,2,18
1,"Модуль 1. Python Core, терминал, Git",11,Множества,2,Минимальный пример,theory,,40,2,18
1,"Модуль 1. Python Core, терминал, Git",11,Множества,3,Понимание,test,quiz_single,40,2,12
1,"Модуль 1. Python Core, терминал, Git",11,Множества,4,Уникальные теги,practice,python_pytest,70,2,18
1,"Модуль 1. Python Core, терминал, Git",11,Множества,5,Общие роли,practice,python_pytest,70,2,18
1,"Модуль 1. Python Core, терминал, Git",11,Множества,6,Уникальные теги,practice,python_pytest,70,2,18
1,"Модуль 1. Python Core, терминал, Git",11,Множества,7,Общие роли,practice,python_pytest,70,2,18
1,"Модуль 1. Python Core, терминал, Git",11,Множества,8,Мини-проект,project,ide_plugin,120,2,45
1,"Модуль 1. Python Core, терминал, Git",11,Множества,9,Закрепление,test,quiz_single,40,2,12
1,"Модуль 1. Python Core, терминал, Git",11,Множества,10,Контрольный артефакт,project,ide_plugin,110,2,30
1,"Модуль 1. Python Core, терминал, Git",11,Множества,11,Итог,summary,,40,2,8
1,"Модуль 1. Python Core, терминал, Git",12,Словари,1,Что это,theory,,40,2,18
1,"Модуль 1. Python Core, терминал, Git",12,Словари,2,Минимальный пример,theory,,40,2,18
1,"Модуль 1. Python Core, терминал, Git",12,Словари,3,Понимание,test,quiz_single,40,2,12
1,"Модуль 1. Python Core, терминал, Git",12,Словари,4,Счётчик статусов,practice,python_pytest,70,2,18
1,"Модуль 1. Python Core, терминал, Git",12,Словари,5,Безопасное значение,practice,python_pytest,70,2,18
1,"Модуль 1. Python Core, терминал, Git",12,Словари,6,Счётчик статусов,practice,python_pytest,70,2,18
1,"Модуль 1. Python Core, терминал, Git",12,Словари,7,Безопасное значение,practice,python_pytest,70,2,18
1,"Модуль 1. Python Core, терминал, Git",12,Словари,8,Мини-проект,project,ide_plugin,120,2,45
1,"Модуль 1. Python Core, терминал, Git",12,Словари,9,Закрепление,test,quiz_single,40,2,12
1,"Модуль 1. Python Core, терминал, Git",12,Словари,10,Контрольный артефакт,project,ide_plugin,110,2,30
1,"Модуль 1. Python Core, терминал, Git",12,Словари,11,Итог,summary,,40,2,8
1,"Модуль 1. Python Core, терминал, Git",13,map/filter/lambda,1,Что это,theory,,40,2,18
1,"Модуль 1. Python Core, терминал, Git",13,map/filter/lambda,2,Минимальный пример,theory,,40,2,18
1,"Модуль 1. Python Core, терминал, Git",13,map/filter/lambda,3,Понимание,test,quiz_single,40,2,12
1,"Модуль 1. Python Core, терминал, Git",13,map/filter/lambda,4,Активные имена,practice,python_pytest,70,2,18
1,"Модуль 1. Python Core, терминал, Git",13,map/filter/lambda,5,Активные имена,practice,python_pytest,70,2,18
1,"Модуль 1. Python Core, терминал, Git",13,map/filter/lambda,6,Активные имена,practice,python_pytest,70,2,18
1,"Модуль 1. Python Core, терминал, Git",13,map/filter/lambda,7,Активные имена,practice,python_pytest,70,2,18
1,"Модуль 1. Python Core, терминал, Git",13,map/filter/lambda,8,Мини-проект,project,ide_plugin,120,2,45
1,"Модуль 1. Python Core, терминал, Git",13,map/filter/lambda,9,Закрепление,test,quiz_single,40,2,12
1,"Модуль 1. Python Core, терминал, Git",13,map/filter/lambda,10,Контрольный артефакт,project,ide_plugin,110,2,30
1,"Модуль 1. Python Core, терминал, Git",13,map/filter/lambda,11,Итог,summary,,40,2,8
1,"Модуль 1. Python Core, терминал, Git",14,datetime,1,Что это,theory,,40,2,18
1,"Модуль 1. Python Core, терминал, Git",14,datetime,2,Минимальный пример,theory,,40,2,18
1,"Модуль 1. Python Core, терминал, Git",14,datetime,3,Понимание,test,quiz_single,40,2,12
1,"Модуль 1. Python Core, терминал, Git",14,datetime,4,Дней до дедлайна,practice,python_pytest,70,2,18
1,"Модуль 1. Python Core, терминал, Git",14,datetime,5,Дней до дедлайна,practice,python_pytest,70,2,18
1,"Модуль 1. Python Core, терминал, Git",14,datetime,6,Дней до дедлайна,practice,python_pytest,70,2,18
1,"Модуль 1. Python Core, терминал, Git",14,datetime,7,Дней до дедлайна,practice,python_pytest,70,2,18
1,"Модуль 1. Python Core, терминал, Git",14,datetime,8,Мини-проект,project,ide_plugin,120,2,45
1,"Модуль 1. Python Core, терминал, Git",14,datetime,9,Закрепление,test,quiz_single,40,2,12
1,"Модуль 1. Python Core, терминал, Git",14,datetime,10,Контрольный артефакт,project,ide_plugin,110,2,30
1,"Модуль 1. Python Core, терминал, Git",14,datetime,11,Итог,summary,,40,2,8
1,"Модуль 1. Python Core, терминал, Git",15,Итераторы,1,Что это,theory,,40,2,18
1,"Модуль 1. Python Core, терминал, Git",15,Итераторы,2,Минимальный пример,theory,,40,2,18
1,"Модуль 1. Python Core, терминал, Git",15,Итераторы,3,Понимание,test,quiz_single,40,2,12
1,"Модуль 1. Python Core, терминал, Git",15,Итераторы,4,До стоп-слова,practice,python_pytest,70,2,18
1,"Модуль 1. Python Core, терминал, Git",15,Итераторы,5,До стоп-слова,practice,python_pytest,70,2,18
1,"Модуль 1. Python Core, терминал, Git",15,Итераторы,6,До стоп-слова,practice,python_pytest,70,2,18
1,"Модуль 1. Python Core, терминал, Git",15,Итераторы,7,До стоп-слова,practice,python_pytest,70,2,18
1,"Модуль 1. Python Core, терминал, Git",15,Итераторы,8,Мини-проект,project,ide_plugin,120,2,45
1,"Модуль 1. Python Core, терминал, Git",15,Итераторы,9,Закрепление,test,quiz_single,40,2,12
1,"Модуль 1. Python Core, терминал, Git",15,Итераторы,10,Контрольный артефакт,project,ide_plugin,110,2,30
1,"Модуль 1. Python Core, терминал, Git",15,Итераторы,11,Итог,summary,,40,2,8
1,"Модуль 1. Python Core, терминал, Git",16,Генераторы,1,Что это,theory,,40,2,18
1,"Модуль 1. Python Core, терминал, Git",16,Генераторы,2,Минимальный пример,theory,,40,2,18
1,"Модуль 1. Python Core, терминал, Git",16,Генераторы,3,Понимание,test,quiz_single,40,2,12
1,"Модуль 1. Python Core, терминал, Git",16,Генераторы,4,Квадраты до n,practice,python_pytest,70,2,18
1,"Модуль 1. Python Core, терминал, Git",16,Генераторы,5,Квадраты до n,practice,python_pytest,70,2,18
1,"Модуль 1. Python Core, терминал, Git",16,Генераторы,6,Квадраты до n,practice,python_pytest,70,2,18
1,"Модуль 1. Python Core, терминал, Git",16,Генераторы,7,Квадраты до n,practice,python_pytest,70,2,18
1,"Модуль 1. Python Core, терминал, Git",16,Генераторы,8,Мини-проект,project,ide_plugin,120,2,45
1,"Модуль 1. Python Core, терминал, Git",16,Генераторы,9,Закрепление,test,quiz_single,40,2,12
1,"Модуль 1. Python Core, терминал, Git",16,Генераторы,10,Контрольный артефакт,project,ide_plugin,110,2,30
1,"Модуль 1. Python Core, терминал, Git",16,Генераторы,11,Итог,summary,,40,2,8
1,"Модуль 1. Python Core, терминал, Git",17,Декораторы,1,Что это,theory,,40,2,18
1,"Модуль 1. Python Core, терминал, Git",17,Декораторы,2,Минимальный пример,theory,,40,2,18
1,"Модуль 1. Python Core, терминал, Git",17,Декораторы,3,Понимание,test,quiz_single,40,2,12
1,"Модуль 1. Python Core, терминал, Git",17,Декораторы,4,Лог вызова,practice,python_pytest,70,2,18
1,"Модуль 1. Python Core, терминал, Git",17,Декораторы,5,Лог вызова,practice,python_pytest,70,2,18
1,"Модуль 1. Python Core, терминал, Git",17,Декораторы,6,Лог вызова,practice,python_pytest,70,2,18
1,"Модуль 1. Python Core, терминал, Git",17,Декораторы,7,Лог вызова,practice,python_pytest,70,2,18
1,"Модуль 1. Python Core, терминал, Git",17,Декораторы,8,Мини-проект,project,ide_plugin,120,2,45
1,"Модуль 1. Python Core, терминал, Git",17,Декораторы,9,Закрепление,test,quiz_single,40,2,12
1,"Модуль 1. Python Core, терминал, Git",17,Декораторы,10,Контрольный артефакт,project,ide_plugin,110,2,30
1,"Модуль 1. Python Core, терминал, Git",17,Декораторы,11,Итог,summary,,40,2,8
1,"Модуль 1. Python Core, терминал, Git",18,Контекстные менеджеры,1,Что это,theory,,40,2,18
1,"Модуль 1. Python Core, терминал, Git",18,Контекстные менеджеры,2,Минимальный пример,theory,,40,2,18
1,"Модуль 1. Python Core, терминал, Git",18,Контекстные менеджеры,3,Понимание,test,quiz_single,40,2,12
1,"Модуль 1. Python Core, терминал, Git",18,Контекстные менеджеры,4,Временный флаг,practice,python_pytest,70,2,18
1,"Модуль 1. Python Core, терминал, Git",18,Контекстные менеджеры,5,Временный флаг,practice,python_pytest,70,2,18
1,"Модуль 1. Python Core, терминал, Git",18,Контекстные менеджеры,6,Временный флаг,practice,python_pytest,70,2,18
1,"Модуль 1. Python Core, терминал, Git",18,Контекстные менеджеры,7,Временный флаг,practice,python_pytest,70,2,18
1,"Модуль 1. Python Core, терминал, Git",18,Контекстные менеджеры,8,Мини-проект,project,ide_plugin,120,2,45
1,"Модуль 1. Python Core, терминал, Git",18,Контекстные менеджеры,9,Закрепление,test,quiz_single,40,2,12
1,"Модуль 1. Python Core, терминал, Git",18,Контекстные менеджеры,10,Контрольный артефакт,project,ide_plugin,110,2,30
1,"Модуль 1. Python Core, терминал, Git",18,Контекстные менеджеры,11,Итог,summary,,40,2,8
1,"Модуль 1. Python Core, терминал, Git",19,Исключения,1,Что это,theory,,40,2,18
1,"Модуль 1. Python Core, терминал, Git",19,Исключения,2,Минимальный пример,theory,,40,2,18
1,"Модуль 1. Python Core, терминал, Git",19,Исключения,3,Понимание,test,quiz_single,40,2,12
1,"Модуль 1. Python Core, терминал, Git",19,Исключения,4,Порт сервера,practice,python_pytest,70,2,18
1,"Модуль 1. Python Core, терминал, Git",19,Исключения,5,Порт сервера,practice,python_pytest,70,2,18
1,"Модуль 1. Python Core, терминал, Git",19,Исключения,6,Порт сервера,practice,python_pytest,70,2,18
1,"Модуль 1. Python Core, терминал, Git",19,Исключения,7,Порт сервера,practice,python_pytest,70,2,18
1,"Модуль 1. Python Core, терминал, Git",19,Исключения,8,Мини-проект,project,ide_plugin,120,2,45
1,"Модуль 1. Python Core, терминал, Git",19,Исключения,9,Закрепление,test,quiz_single,40,2,12
1,"Модуль 1. Python Core, терминал, Git",19,Исключения,10,Контрольный артефакт,project,ide_plugin,110,2,30
1,"Модуль 1. Python Core, терминал, Git",19,Исключения,11,Итог,summary,,40,2,8
1,"Модуль 1. Python Core, терминал, Git",20,AI для учёбы,1,Что это,theory,,40,2,18
1,"Модуль 1. Python Core, терминал, Git",20,AI для учёбы,2,Минимальный пример,theory,,40,2,18
1,"Модуль 1. Python Core, терминал, Git",20,AI для учёбы,3,Понимание,test,quiz_single,40,2,12
1,"Модуль 1. Python Core, терминал, Git",20,AI для учёбы,4,Messages payload,practice,python_pytest,70,2,18
1,"Модуль 1. Python Core, терминал, Git",20,AI для учёбы,5,Messages payload,practice,python_pytest,70,2,18
1,"Модуль 1. Python Core, терминал, Git",20,AI для учёбы,6,Timeout provider,practice,python_pytest,70,2,18
1,"Модуль 1. Python Core, терминал, Git",20,AI для учёбы,7,Schema fallback,practice,python_pytest,70,2,18
1,"Модуль 1. Python Core, терминал, Git",20,AI для учёбы,8,Chunk citation,practice,python_pytest,70,2,18
1,"Модуль 1. Python Core, терминал, Git",20,AI для учёбы,9,Graph node,practice,python_pytest,70,2,18
1,"Модуль 1. Python Core, терминал, Git",20,AI для учёбы,10,AI-минипроект,project,ide_plugin,140,2,50
1,"Модуль 1. Python Core, терминал, Git",20,AI для учёбы,11,Контрольный артефакт,project,ide_plugin,110,2,30
1,"Модуль 1. Python Core, терминал, Git",20,AI для учёбы,12,Итог,summary,,40,2,8
1,"Модуль 1. Python Core, терминал, Git",21,Как работает компьютер,1,Что это,theory,,40,2,18
1,"Модуль 1. Python Core, терминал, Git",21,Как работает компьютер,2,Минимальный пример,theory,,40,2,16
1,"Модуль 1. Python Core, терминал, Git",21,Как работает компьютер,3,Понимание,test,quiz_single,40,2,12
1,"Модуль 1. Python Core, терминал, Git",21,Как работает компьютер,4,README,practice,ide_plugin,90,2,30
1,"Модуль 1. Python Core, терминал, Git",21,Как работает компьютер,5,Команда,practice,ide_plugin,90,2,30
1,"Модуль 1. Python Core, терминал, Git",21,Как работает компьютер,6,Ошибка,practice,ide_plugin,90,2,30
1,"Модуль 1. Python Core, терминал, Git",21,Как работает компьютер,7,Git state,practice,ide_plugin,90,2,30
1,"Модуль 1. Python Core, терминал, Git",21,Как работает компьютер,8,Проверка,project,ide_plugin,130,2,45
1,"Модуль 1. Python Core, терминал, Git",21,Как работает компьютер,9,Контрольный артефакт,project,ide_plugin,110,2,30
1,"Модуль 1. Python Core, терминал, Git",21,Как работает компьютер,10,Итог,summary,,40,2,8
1,"Модуль 1. Python Core, терминал, Git",22,Терминал: базовые команды,1,Что это,theory,,40,2,18
1,"Модуль 1. Python Core, терминал, Git",22,Терминал: базовые команды,2,Минимальный пример,theory,,40,2,16
1,"Модуль 1. Python Core, терминал, Git",22,Терминал: базовые команды,3,Понимание,test,quiz_single,40,2,12
1,"Модуль 1. Python Core, терминал, Git",22,Терминал: базовые команды,4,README,practice,ide_plugin,90,2,30
1,"Модуль 1. Python Core, терминал, Git",22,Терминал: базовые команды,5,Команда,practice,ide_plugin,90,2,30
1,"Модуль 1. Python Core, терминал, Git",22,Терминал: базовые команды,6,Ошибка,practice,ide_plugin,90,2,30
1,"Модуль 1. Python Core, терминал, Git",22,Терминал: базовые команды,7,Git state,practice,ide_plugin,90,2,30
1,"Модуль 1. Python Core, терминал, Git",22,Терминал: базовые команды,8,Проверка,project,ide_plugin,130,2,45
1,"Модуль 1. Python Core, терминал, Git",22,Терминал: базовые команды,9,Контрольный артефакт,project,ide_plugin,110,2,30
1,"Модуль 1. Python Core, терминал, Git",22,Терминал: базовые команды,10,Итог,summary,,40,2,8
1,"Модуль 1. Python Core, терминал, Git",23,Терминал: процессы и bash,1,Что это,theory,,40,2,18
1,"Модуль 1. Python Core, терминал, Git",23,Терминал: процессы и bash,2,Минимальный пример,theory,,40,2,16
1,"Модуль 1. Python Core, терминал, Git",23,Терминал: процессы и bash,3,Понимание,test,quiz_single,40,2,12
1,"Модуль 1. Python Core, терминал, Git",23,Терминал: процессы и bash,4,README,practice,ide_plugin,90,2,30
1,"Модуль 1. Python Core, терминал, Git",23,Терминал: процессы и bash,5,Команда,practice,ide_plugin,90,2,30
1,"Модуль 1. Python Core, терминал, Git",23,Терминал: процессы и bash,6,Ошибка,practice,ide_plugin,90,2,30
1,"Модуль 1. Python Core, терминал, Git",23,Терминал: процессы и bash,7,Git state,practice,ide_plugin,90,2,30
1,"Модуль 1. Python Core, терминал, Git",23,Терминал: процессы и bash,8,Проверка,project,ide_plugin,130,2,45
1,"Модуль 1. Python Core, терминал, Git",23,Терминал: процессы и bash,9,Контрольный артефакт,project,ide_plugin,110,2,30
1,"Модуль 1. Python Core, терминал, Git",23,Терминал: процессы и bash,10,Итог,summary,,40,2,8
1,"Модуль 1. Python Core, терминал, Git",24,Git: первые коммиты,1,Что это,theory,,40,2,18
1,"Модуль 1. Python Core, терминал, Git",24,Git: первые коммиты,2,Минимальный пример,theory,,40,2,16
1,"Модуль 1. Python Core, терминал, Git",24,Git: первые коммиты,3,Понимание,test,quiz_single,40,2,12
1,"Модуль 1. Python Core, терминал, Git",24,Git: первые коммиты,4,README,practice,ide_plugin,90,2,30
1,"Модуль 1. Python Core, терминал, Git",24,Git: первые коммиты,5,Команда,practice,ide_plugin,90,2,30
1,"Модуль 1. Python Core, терминал, Git",24,Git: первые коммиты,6,Ошибка,practice,ide_plugin,90,2,30
1,"Модуль 1. Python Core, терминал, Git",24,Git: первые коммиты,7,Git state,practice,ide_plugin,90,2,30
1,"Модуль 1. Python Core, терминал, Git",24,Git: первые коммиты,8,Проверка,project,ide_plugin,130,2,45
1,"Модуль 1. Python Core, терминал, Git",24,Git: первые коммиты,9,Контрольный артефакт,project,ide_plugin,110,2,30
1,"Модуль 1. Python Core, терминал, Git",24,Git: первые коммиты,10,Итог,summary,,40,2,8
1,"Модуль 1. Python Core, терминал, Git",25,Git: индекс и история,1,Что это,theory,,40,2,18
1,"Модуль 1. Python Core, терминал, Git",25,Git: индекс и история,2,Минимальный пример,theory,,40,2,16
1,"Модуль 1. Python Core, терминал, Git",25,Git: индекс и история,3,Понимание,test,quiz_single,40,2,12
1,"Модуль 1. Python Core, терминал, Git",25,Git: индекс и история,4,README,practice,ide_plugin,90,2,30
1,"Модуль 1. Python Core, терминал, Git",25,Git: индекс и история,5,Команда,practice,ide_plugin,90,2,30
1,"Модуль 1. Python Core, терминал, Git",25,Git: индекс и история,6,Ошибка,practice,ide_plugin,90,2,30
1,"Модуль 1. Python Core, терминал, Git",25,Git: индекс и история,7,Git state,practice,ide_plugin,90,2,30
1,"Модуль 1. Python Core, терминал, Git",25,Git: индекс и история,8,Проверка,project,ide_plugin,130,2,45
1,"Модуль 1. Python Core, терминал, Git",25,Git: индекс и история,9,Контрольный артефакт,project,ide_plugin,110,2,30
1,"Модуль 1. Python Core, терминал, Git",25,Git: индекс и история,10,Итог,summary,,40,2,8
1,"Модуль 1. Python Core, терминал, Git",26,Git: ветки,1,Что это,theory,,40,2,18
1,"Модуль 1. Python Core, терминал, Git",26,Git: ветки,2,Минимальный пример,theory,,40,2,16
1,"Модуль 1. Python Core, терминал, Git",26,Git: ветки,3,Понимание,test,quiz_single,40,2,12
1,"Модуль 1. Python Core, терминал, Git",26,Git: ветки,4,README,practice,ide_plugin,90,2,30
1,"Модуль 1. Python Core, терминал, Git",26,Git: ветки,5,Команда,practice,ide_plugin,90,2,30
1,"Модуль 1. Python Core, терминал, Git",26,Git: ветки,6,Ошибка,practice,ide_plugin,90,2,30
1,"Модуль 1. Python Core, терминал, Git",26,Git: ветки,7,Git state,practice,ide_plugin,90,2,30
1,"Модуль 1. Python Core, терминал, Git",26,Git: ветки,8,Проверка,project,ide_plugin,130,2,45
1,"Модуль 1. Python Core, терминал, Git",26,Git: ветки,9,Контрольный артефакт,project,ide_plugin,110,2,30
1,"Модуль 1. Python Core, терминал, Git",26,Git: ветки,10,Итог,summary,,40,2,8
1,"Модуль 1. Python Core, терминал, Git",27,Git: отмена изменений,1,Что это,theory,,40,2,18
1,"Модуль 1. Python Core, терминал, Git",27,Git: отмена изменений,2,Минимальный пример,theory,,40,2,16
1,"Модуль 1. Python Core, терминал, Git",27,Git: отмена изменений,3,Понимание,test,quiz_single,40,2,12
1,"Модуль 1. Python Core, терминал, Git",27,Git: отмена изменений,4,README,practice,ide_plugin,90,2,30
1,"Модуль 1. Python Core, терминал, Git",27,Git: отмена изменений,5,Команда,practice,ide_plugin,90,2,30
1,"Модуль 1. Python Core, терминал, Git",27,Git: отмена изменений,6,Ошибка,practice,ide_plugin,90,2,30
1,"Модуль 1. Python Core, терминал, Git",27,Git: отмена изменений,7,Git state,practice,ide_plugin,90,2,30
1,"Модуль 1. Python Core, терминал, Git",27,Git: отмена изменений,8,Проверка,project,ide_plugin,130,2,45
1,"Модуль 1. Python Core, терминал, Git",27,Git: отмена изменений,9,Контрольный артефакт,project,ide_plugin,110,2,30
1,"Модуль 1. Python Core, терминал, Git",27,Git: отмена изменений,10,Итог,summary,,40,2,8
1,"Модуль 1. Python Core, терминал, Git",28,Git: merge и rebase,1,Что это,theory,,40,2,18
1,"Модуль 1. Python Core, терминал, Git",28,Git: merge и rebase,2,Минимальный пример,theory,,40,2,16
1,"Модуль 1. Python Core, терминал, Git",28,Git: merge и rebase,3,Понимание,test,quiz_single,40,2,12
1,"Модуль 1. Python Core, терминал, Git",28,Git: merge и rebase,4,README,practice,ide_plugin,90,2,30
1,"Модуль 1. Python Core, терминал, Git",28,Git: merge и rebase,5,Команда,practice,ide_plugin,90,2,30
1,"Модуль 1. Python Core, терминал, Git",28,Git: merge и rebase,6,Ошибка,practice,ide_plugin,90,2,30
1,"Модуль 1. Python Core, терминал, Git",28,Git: merge и rebase,7,Git state,practice,ide_plugin,90,2,30
1,"Модуль 1. Python Core, терминал, Git",28,Git: merge и rebase,8,Проверка,project,ide_plugin,130,2,45
1,"Модуль 1. Python Core, терминал, Git",28,Git: merge и rebase,9,Контрольный артефакт,project,ide_plugin,110,2,30
1,"Модуль 1. Python Core, терминал, Git",28,Git: merge и rebase,10,Итог,summary,,40,2,8
1,"Модуль 1. Python Core, терминал, Git",29,GitHub и remote,1,Что это,theory,,40,2,18
1,"Модуль 1. Python Core, терминал, Git",29,GitHub и remote,2,Минимальный пример,theory,,40,2,16
1,"Модуль 1. Python Core, терминал, Git",29,GitHub и remote,3,Понимание,test,quiz_single,40,2,12
1,"Модуль 1. Python Core, терминал, Git",29,GitHub и remote,4,README,practice,ide_plugin,90,2,30
1,"Модуль 1. Python Core, терминал, Git",29,GitHub и remote,5,Команда,practice,ide_plugin,90,2,30
1,"Модуль 1. Python Core, терминал, Git",29,GitHub и remote,6,Ошибка,practice,ide_plugin,90,2,30
1,"Модуль 1. Python Core, терминал, Git",29,GitHub и remote,7,Git state,practice,ide_plugin,90,2,30
1,"Модуль 1. Python Core, терминал, Git",29,GitHub и remote,8,Проверка,project,ide_plugin,130,2,45
1,"Модуль 1. Python Core, терминал, Git",29,GitHub и remote,9,Контрольный артефакт,project,ide_plugin,110,2,30
1,"Модуль 1. Python Core, терминал, Git",29,GitHub и remote,10,Итог,summary,,40,2,8
1,"Модуль 1. Python Core, терминал, Git",30,CLI-проект: менеджер задач,1,Что это,theory,,40,2,18
1,"Модуль 1. Python Core, терминал, Git",30,CLI-проект: менеджер задач,2,Минимальный пример,theory,,40,2,16
1,"Модуль 1. Python Core, терминал, Git",30,CLI-проект: менеджер задач,3,Понимание,test,quiz_single,40,2,12
1,"Модуль 1. Python Core, терминал, Git",30,CLI-проект: менеджер задач,4,README,practice,ide_plugin,90,2,30
1,"Модуль 1. Python Core, терминал, Git",30,CLI-проект: менеджер задач,5,Команда,practice,ide_plugin,90,2,30
1,"Модуль 1. Python Core, терминал, Git",30,CLI-проект: менеджер задач,6,Ошибка,practice,ide_plugin,90,2,30
1,"Модуль 1. Python Core, терминал, Git",30,CLI-проект: менеджер задач,7,Git state,practice,ide_plugin,90,2,30
1,"Модуль 1. Python Core, терминал, Git",30,CLI-проект: менеджер задач,8,Проверка,project,ide_plugin,130,2,45
1,"Модуль 1. Python Core, терминал, Git",30,CLI-проект: менеджер задач,9,Контрольный артефакт,project,ide_plugin,110,2,30
1,"Модуль 1. Python Core, терминал, Git",30,CLI-проект: менеджер задач,10,Итог,summary,,40,2,8
1,"Модуль 1. Python Core, терминал, Git",31,Экзамен 1,1,Что это,theory,,40,2,18
1,"Модуль 1. Python Core, терминал, Git",31,Экзамен 1,2,Минимальный пример,theory,,40,2,16
1,"Модуль 1. Python Core, терминал, Git",31,Экзамен 1,3,Понимание,test,quiz_single,40,2,12
1,"Модуль 1. Python Core, терминал, Git",31,Экзамен 1,4,README,practice,ide_plugin,90,2,30
1,"Модуль 1. Python Core, терминал, Git",31,Экзамен 1,5,Команда,practice,ide_plugin,90,2,30
1,"Модуль 1. Python Core, терминал, Git",31,Экзамен 1,6,Ошибка,practice,ide_plugin,90,2,30
1,"Модуль 1. Python Core, терминал, Git",31,Экзамен 1,7,Git state,practice,ide_plugin,90,2,30
1,"Модуль 1. Python Core, терминал, Git",31,Экзамен 1,8,Проверка,project,ide_plugin,130,2,45
1,"Модуль 1. Python Core, терминал, Git",31,Экзамен 1,9,Контрольный артефакт,project,ide_plugin,110,2,30
1,"Модуль 1. Python Core, терминал, Git",31,Экзамен 1,10,Итог,summary,,40,2,8
2,Модуль 2. Python Hard,1,ООП: классы,1,Что это,theory,,40,2,18
2,Модуль 2. Python Hard,1,ООП: классы,2,Минимальный пример,theory,,40,2,18
2,Модуль 2. Python Hard,1,ООП: классы,3,Понимание,test,quiz_single,40,2,12
2,Модуль 2. Python Hard,1,ООП: классы,4,Задача,practice,python_pytest,70,2,18
2,Модуль 2. Python Hard,1,ООП: классы,5,Задача,practice,python_pytest,70,2,18
2,Модуль 2. Python Hard,1,ООП: классы,6,Задача,practice,python_pytest,70,2,18
2,Модуль 2. Python Hard,1,ООП: классы,7,Задача,practice,python_pytest,70,2,18
2,Модуль 2. Python Hard,1,ООП: классы,8,Задача,practice,python_pytest,70,2,18
2,Модуль 2. Python Hard,1,ООП: классы,9,Задача,practice,python_pytest,70,2,18
2,Модуль 2. Python Hard,1,ООП: классы,10,Мини-проект,project,ide_plugin,120,2,45
2,Модуль 2. Python Hard,1,ООП: классы,11,Закрепление,test,quiz_single,40,2,12
2,Модуль 2. Python Hard,1,ООП: классы,12,Контрольный артефакт,project,ide_plugin,110,2,30
2,Модуль 2. Python Hard,1,ООП: классы,13,Итог,summary,,40,2,8
2,Модуль 2. Python Hard,2,ООП: атрибуты,1,Что это,theory,,40,2,18
2,Модуль 2. Python Hard,2,ООП: атрибуты,2,Минимальный пример,theory,,40,2,18
2,Модуль 2. Python Hard,2,ООП: атрибуты,3,Понимание,test,quiz_single,40,2,12
2,Модуль 2. Python Hard,2,ООП: атрибуты,4,Задача,practice,python_pytest,70,2,18
2,Модуль 2. Python Hard,2,ООП: атрибуты,5,Задача,practice,python_pytest,70,2,18
2,Модуль 2. Python Hard,2,ООП: атрибуты,6,Задача,practice,python_pytest,70,2,18
2,Модуль 2. Python Hard,2,ООП: атрибуты,7,Задача,practice,python_pytest,70,2,18
2,Модуль 2. Python Hard,2,ООП: атрибуты,8,Задача,practice,python_pytest,70,2,18
2,Модуль 2. Python Hard,2,ООП: атрибуты,9,Задача,practice,python_pytest,70,2,18
2,Модуль 2. Python Hard,2,ООП: атрибуты,10,Мини-проект,project,ide_plugin,120,2,45
2,Модуль 2. Python Hard,2,ООП: атрибуты,11,Закрепление,test,quiz_single,40,2,12
2,Модуль 2. Python Hard,2,ООП: атрибуты,12,Контрольный артефакт,project,ide_plugin,110,2,30
2,Модуль 2. Python Hard,2,ООП: атрибуты,13,Итог,summary,,40,2,8
2,Модуль 2. Python Hard,3,ООП: методы,1,Что это,theory,,40,2,18
2,Модуль 2. Python Hard,3,ООП: методы,2,Минимальный пример,theory,,40,2,18
2,Модуль 2. Python Hard,3,ООП: методы,3,Понимание,test,quiz_single,40,2,12
2,Модуль 2. Python Hard,3,ООП: методы,4,Задача,practice,python_pytest,70,2,18
2,Модуль 2. Python Hard,3,ООП: методы,5,Задача,practice,python_pytest,70,2,18
2,Модуль 2. Python Hard,3,ООП: методы,6,Задача,practice,python_pytest,70,2,18
2,Модуль 2. Python Hard,3,ООП: методы,7,Задача,practice,python_pytest,70,2,18
2,Модуль 2. Python Hard,3,ООП: методы,8,Задача,practice,python_pytest,70,2,18
2,Модуль 2. Python Hard,3,ООП: методы,9,Задача,practice,python_pytest,70,2,18
2,Модуль 2. Python Hard,3,ООП: методы,10,Мини-проект,project,ide_plugin,120,2,45
2,Модуль 2. Python Hard,3,ООП: методы,11,Закрепление,test,quiz_single,40,2,12
2,Модуль 2. Python Hard,3,ООП: методы,12,Контрольный артефакт,project,ide_plugin,110,2,30
2,Модуль 2. Python Hard,3,ООП: методы,13,Итог,summary,,40,2,8
2,Модуль 2. Python Hard,4,Инкапсуляция,1,Что это,theory,,40,2,18
2,Модуль 2. Python Hard,4,Инкапсуляция,2,Минимальный пример,theory,,40,2,18
2,Модуль 2. Python Hard,4,Инкапсуляция,3,Понимание,test,quiz_single,40,2,12
2,Модуль 2. Python Hard,4,Инкапсуляция,4,Температура,practice,python_pytest,70,2,18
2,Модуль 2. Python Hard,4,Инкапсуляция,5,Температура,practice,python_pytest,70,2,18
2,Модуль 2. Python Hard,4,Инкапсуляция,6,Температура,practice,python_pytest,70,2,18
2,Модуль 2. Python Hard,4,Инкапсуляция,7,Температура,practice,python_pytest,70,2,18
2,Модуль 2. Python Hard,4,Инкапсуляция,8,Температура,practice,python_pytest,70,2,18
2,Модуль 2. Python Hard,4,Инкапсуляция,9,Температура,practice,python_pytest,70,2,18
2,Модуль 2. Python Hard,4,Инкапсуляция,10,Мини-проект,project,ide_plugin,120,2,45
2,Модуль 2. Python Hard,4,Инкапсуляция,11,Закрепление,test,quiz_single,40,2,12
2,Модуль 2. Python Hard,4,Инкапсуляция,12,Контрольный артефакт,project,ide_plugin,110,2,30
2,Модуль 2. Python Hard,4,Инкапсуляция,13,Итог,summary,,40,2,8
2,Модуль 2. Python Hard,5,Композиция,1,Что это,theory,,40,2,18
2,Модуль 2. Python Hard,5,Композиция,2,Минимальный пример,theory,,40,2,18
2,Модуль 2. Python Hard,5,Композиция,3,Понимание,test,quiz_single,40,2,12
2,Модуль 2. Python Hard,5,Композиция,4,Заказ и позиция,practice,python_pytest,70,2,18
2,Модуль 2. Python Hard,5,Композиция,5,Заказ и позиция,practice,python_pytest,70,2,18
2,Модуль 2. Python Hard,5,Композиция,6,Заказ и позиция,practice,python_pytest,70,2,18
2,Модуль 2. Python Hard,5,Композиция,7,Заказ и позиция,practice,python_pytest,70,2,18
2,Модуль 2. Python Hard,5,Композиция,8,Заказ и позиция,practice,python_pytest,70,2,18
2,Модуль 2. Python Hard,5,Композиция,9,Заказ и позиция,practice,python_pytest,70,2,18
2,Модуль 2. Python Hard,5,Композиция,10,Мини-проект,project,ide_plugin,120,2,45
2,Модуль 2. Python Hard,5,Композиция,11,Закрепление,test,quiz_single,40,2,12
2,Модуль 2. Python Hard,5,Композиция,12,Контрольный артефакт,project,ide_plugin,110,2,30
2,Модуль 2. Python Hard,5,Композиция,13,Итог,summary,,40,2,8
2,Модуль 2. Python Hard,6,Магические методы,1,Что это,theory,,40,2,18
2,Модуль 2. Python Hard,6,Магические методы,2,Минимальный пример,theory,,40,2,18
2,Модуль 2. Python Hard,6,Магические методы,3,Понимание,test,quiz_single,40,2,12
2,Модуль 2. Python Hard,6,Магические методы,4,Деньги,practice,python_pytest,70,2,18
2,Модуль 2. Python Hard,6,Магические методы,5,Деньги,practice,python_pytest,70,2,18
2,Модуль 2. Python Hard,6,Магические методы,6,Деньги,practice,python_pytest,70,2,18
2,Модуль 2. Python Hard,6,Магические методы,7,Деньги,practice,python_pytest,70,2,18
2,Модуль 2. Python Hard,6,Магические методы,8,Деньги,practice,python_pytest,70,2,18
2,Модуль 2. Python Hard,6,Магические методы,9,Деньги,practice,python_pytest,70,2,18
2,Модуль 2. Python Hard,6,Магические методы,10,Мини-проект,project,ide_plugin,120,2,45
2,Модуль 2. Python Hard,6,Магические методы,11,Закрепление,test,quiz_single,40,2,12
2,Модуль 2. Python Hard,6,Магические методы,12,Контрольный артефакт,project,ide_plugin,110,2,30
2,Модуль 2. Python Hard,6,Магические методы,13,Итог,summary,,40,2,8
2,Модуль 2. Python Hard,7,Протоколы Python,1,Что это,theory,,40,2,18
2,Модуль 2. Python Hard,7,Протоколы Python,2,Минимальный пример,theory,,40,2,18
2,Модуль 2. Python Hard,7,Протоколы Python,3,Понимание,test,quiz_single,40,2,12
2,Модуль 2. Python Hard,7,Протоколы Python,4,Закрываемый ресурс,practice,python_pytest,70,2,18
2,Модуль 2. Python Hard,7,Протоколы Python,5,Закрываемый ресурс,practice,python_pytest,70,2,18
2,Модуль 2. Python Hard,7,Протоколы Python,6,Закрываемый ресурс,practice,python_pytest,70,2,18
2,Модуль 2. Python Hard,7,Протоколы Python,7,Закрываемый ресурс,practice,python_pytest,70,2,18
2,Модуль 2. Python Hard,7,Протоколы Python,8,Закрываемый ресурс,practice,python_pytest,70,2,18
2,Модуль 2. Python Hard,7,Протоколы Python,9,Закрываемый ресурс,practice,python_pytest,70,2,18
2,Модуль 2. Python Hard,7,Протоколы Python,10,Мини-проект,project,ide_plugin,120,2,45
2,Модуль 2. Python Hard,7,Протоколы Python,11,Закрепление,test,quiz_single,40,2,12
2,Модуль 2. Python Hard,7,Протоколы Python,12,Контрольный артефакт,project,ide_plugin,110,2,30
2,Модуль 2. Python Hard,7,Протоколы Python,13,Итог,summary,,40,2,8
2,Модуль 2. Python Hard,8,Наследование,1,Что это,theory,,40,2,18
2,Модуль 2. Python Hard,8,Наследование,2,Минимальный пример,theory,,40,2,18
2,Модуль 2. Python Hard,8,Наследование,3,Понимание,test,quiz_single,40,2,12
2,Модуль 2. Python Hard,8,Наследование,4,Уведомления,practice,python_pytest,70,2,18
2,Модуль 2. Python Hard,8,Наследование,5,Уведомления,practice,python_pytest,70,2,18
2,Модуль 2. Python Hard,8,Наследование,6,Уведомления,practice,python_pytest,70,2,18
2,Модуль 2. Python Hard,8,Наследование,7,Уведомления,practice,python_pytest,70,2,18
2,Модуль 2. Python Hard,8,Наследование,8,Уведомления,practice,python_pytest,70,2,18
2,Модуль 2. Python Hard,8,Наследование,9,Уведомления,practice,python_pytest,70,2,18
2,Модуль 2. Python Hard,8,Наследование,10,Мини-проект,project,ide_plugin,120,2,45
2,Модуль 2. Python Hard,8,Наследование,11,Закрепление,test,quiz_single,40,2,12
2,Модуль 2. Python Hard,8,Наследование,12,Контрольный артефакт,project,ide_plugin,110,2,30
2,Модуль 2. Python Hard,8,Наследование,13,Итог,summary,,40,2,8
2,Модуль 2. Python Hard,9,Полиморфизм,1,Что это,theory,,40,2,18
2,Модуль 2. Python Hard,9,Полиморфизм,2,Минимальный пример,theory,,40,2,18
2,Модуль 2. Python Hard,9,Полиморфизм,3,Понимание,test,quiz_single,40,2,12
2,Модуль 2. Python Hard,9,Полиморфизм,4,Единый интерфейс,practice,python_pytest,70,2,18
2,Модуль 2. Python Hard,9,Полиморфизм,5,Единый интерфейс,practice,python_pytest,70,2,18
2,Модуль 2. Python Hard,9,Полиморфизм,6,Единый интерфейс,practice,python_pytest,70,2,18
2,Модуль 2. Python Hard,9,Полиморфизм,7,Единый интерфейс,practice,python_pytest,70,2,18
2,Модуль 2. Python Hard,9,Полиморфизм,8,Единый интерфейс,practice,python_pytest,70,2,18
2,Модуль 2. Python Hard,9,Полиморфизм,9,Единый интерфейс,practice,python_pytest,70,2,18
2,Модуль 2. Python Hard,9,Полиморфизм,10,Мини-проект,project,ide_plugin,120,2,45
2,Модуль 2. Python Hard,9,Полиморфизм,11,Закрепление,test,quiz_single,40,2,12
2,Модуль 2. Python Hard,9,Полиморфизм,12,Контрольный артефакт,project,ide_plugin,110,2,30
2,Модуль 2. Python Hard,9,Полиморфизм,13,Итог,summary,,40,2,8
2,Модуль 2. Python Hard,10,Абстракции,1,Что это,theory,,40,2,18
2,Модуль 2. Python Hard,10,Абстракции,2,Минимальный пример,theory,,40,2,18
2,Модуль 2. Python Hard,10,Абстракции,3,Понимание,test,quiz_single,40,2,12
2,Модуль 2. Python Hard,10,Абстракции,4,Единый интерфейс,practice,python_pytest,70,2,18
2,Модуль 2. Python Hard,10,Абстракции,5,Единый интерфейс,practice,python_pytest,70,2,18
2,Модуль 2. Python Hard,10,Абстракции,6,Единый интерфейс,practice,python_pytest,70,2,18
2,Модуль 2. Python Hard,10,Абстракции,7,Единый интерфейс,practice,python_pytest,70,2,18
2,Модуль 2. Python Hard,10,Абстракции,8,Единый интерфейс,practice,python_pytest,70,2,18
2,Модуль 2. Python Hard,10,Абстракции,9,Единый интерфейс,practice,python_pytest,70,2,18
2,Модуль 2. Python Hard,10,Абстракции,10,Мини-проект,project,ide_plugin,120,2,45
2,Модуль 2. Python Hard,10,Абстракции,11,Закрепление,test,quiz_single,40,2,12
2,Модуль 2. Python Hard,10,Абстракции,12,Контрольный артефакт,project,ide_plugin,110,2,30
2,Модуль 2. Python Hard,10,Абстракции,13,Итог,summary,,40,2,8
2,Модуль 2. Python Hard,11,dataclasses,1,Что это,theory,,40,2,18
2,Модуль 2. Python Hard,11,dataclasses,2,Минимальный пример,theory,,40,2,18
2,Модуль 2. Python Hard,11,dataclasses,3,Понимание,test,quiz_single,40,2,12
2,Модуль 2. Python Hard,11,dataclasses,4,Карточка задачи,practice,python_pytest,70,2,18
2,Модуль 2. Python Hard,11,dataclasses,5,Карточка задачи,practice,python_pytest,70,2,18
2,Модуль 2. Python Hard,11,dataclasses,6,Карточка задачи,practice,python_pytest,70,2,18
2,Модуль 2. Python Hard,11,dataclasses,7,Карточка задачи,practice,python_pytest,70,2,18
2,Модуль 2. Python Hard,11,dataclasses,8,Карточка задачи,practice,python_pytest,70,2,18
2,Модуль 2. Python Hard,11,dataclasses,9,Карточка задачи,practice,python_pytest,70,2,18
2,Модуль 2. Python Hard,11,dataclasses,10,Мини-проект,project,ide_plugin,120,2,45
2,Модуль 2. Python Hard,11,dataclasses,11,Закрепление,test,quiz_single,40,2,12
2,Модуль 2. Python Hard,11,dataclasses,12,Контрольный артефакт,project,ide_plugin,110,2,30
2,Модуль 2. Python Hard,11,dataclasses,13,Итог,summary,,40,2,8
2,Модуль 2. Python Hard,12,typing: база,1,Что это,theory,,40,2,18
2,Модуль 2. Python Hard,12,typing: база,2,Минимальный пример,theory,,40,2,18
2,Модуль 2. Python Hard,12,typing: база,3,Понимание,test,quiz_single,40,2,12
2,Модуль 2. Python Hard,12,typing: база,4,Optional email,practice,python_pytest,70,2,18
2,Модуль 2. Python Hard,12,typing: база,5,Typed page,practice,python_pytest,70,2,18
2,Модуль 2. Python Hard,12,typing: база,6,Optional email,practice,python_pytest,70,2,18
2,Модуль 2. Python Hard,12,typing: база,7,Typed page,practice,python_pytest,70,2,18
2,Модуль 2. Python Hard,12,typing: база,8,Optional email,practice,python_pytest,70,2,18
2,Модуль 2. Python Hard,12,typing: база,9,Typed page,practice,python_pytest,70,2,18
2,Модуль 2. Python Hard,12,typing: база,10,Мини-проект,project,ide_plugin,120,2,45
2,Модуль 2. Python Hard,12,typing: база,11,Закрепление,test,quiz_single,40,2,12
2,Модуль 2. Python Hard,12,typing: база,12,Контрольный артефакт,project,ide_plugin,110,2,30
2,Модуль 2. Python Hard,12,typing: база,13,Итог,summary,,40,2,8
2,Модуль 2. Python Hard,13,typing: Optional и Union,1,Что это,theory,,40,2,18
2,Модуль 2. Python Hard,13,typing: Optional и Union,2,Минимальный пример,theory,,40,2,18
2,Модуль 2. Python Hard,13,typing: Optional и Union,3,Понимание,test,quiz_single,40,2,12
2,Модуль 2. Python Hard,13,typing: Optional и Union,4,Typed page,practice,python_pytest,70,2,18
2,Модуль 2. Python Hard,13,typing: Optional и Union,5,Optional email,practice,python_pytest,70,2,18
2,Модуль 2. Python Hard,13,typing: Optional и Union,6,Typed page,practice,python_pytest,70,2,18
2,Модуль 2. Python Hard,13,typing: Optional и Union,7,Optional email,practice,python_pytest,70,2,18
2,Модуль 2. Python Hard,13,typing: Optional и Union,8,Typed page,practice,python_pytest,70,2,18
2,Модуль 2. Python Hard,13,typing: Optional и Union,9,Optional email,practice,python_pytest,70,2,18
2,Модуль 2. Python Hard,13,typing: Optional и Union,10,Мини-проект,project,ide_plugin,120,2,45
2,Модуль 2. Python Hard,13,typing: Optional и Union,11,Закрепление,test,quiz_single,40,2,12
2,Модуль 2. Python Hard,13,typing: Optional и Union,12,Контрольный артефакт,project,ide_plugin,110,2,30
2,Модуль 2. Python Hard,13,typing: Optional и Union,13,Итог,summary,,40,2,8
2,Модуль 2. Python Hard,14,typing: generics,1,Что это,theory,,40,2,18
2,Модуль 2. Python Hard,14,typing: generics,2,Минимальный пример,theory,,40,2,18
2,Модуль 2. Python Hard,14,typing: generics,3,Понимание,test,quiz_single,40,2,12
2,Модуль 2. Python Hard,14,typing: generics,4,Optional email,practice,python_pytest,70,2,18
2,Модуль 2. Python Hard,14,typing: generics,5,Typed page,practice,python_pytest,70,2,18
2,Модуль 2. Python Hard,14,typing: generics,6,Optional email,practice,python_pytest,70,2,18
2,Модуль 2. Python Hard,14,typing: generics,7,Typed page,practice,python_pytest,70,2,18
2,Модуль 2. Python Hard,14,typing: generics,8,Optional email,practice,python_pytest,70,2,18
2,Модуль 2. Python Hard,14,typing: generics,9,Typed page,practice,python_pytest,70,2,18
2,Модуль 2. Python Hard,14,typing: generics,10,Мини-проект,project,ide_plugin,120,2,45
2,Модуль 2. Python Hard,14,typing: generics,11,Закрепление,test,quiz_single,40,2,12
2,Модуль 2. Python Hard,14,typing: generics,12,Контрольный артефакт,project,ide_plugin,110,2,30
2,Модуль 2. Python Hard,14,typing: generics,13,Итог,summary,,40,2,8
2,Модуль 2. Python Hard,15,mypy и контракты,1,Что это,theory,,40,2,18
2,Модуль 2. Python Hard,15,mypy и контракты,2,Минимальный пример,theory,,40,2,18
2,Модуль 2. Python Hard,15,mypy и контракты,3,Понимание,test,quiz_single,40,2,12
2,Модуль 2. Python Hard,15,mypy и контракты,4,Cache TTL,practice,python_pytest,70,2,18
2,Модуль 2. Python Hard,15,mypy и контракты,5,Inventory delta,practice,python_pytest,70,2,18
2,Модуль 2. Python Hard,15,mypy и контракты,6,State transition,practice,python_pytest,70,2,18
2,Модуль 2. Python Hard,15,mypy и контракты,7,CSV columns,practice,python_pytest,70,2,18
2,Модуль 2. Python Hard,15,mypy и контракты,8,Priority queue,practice,python_pytest,70,2,18
2,Модуль 2. Python Hard,15,mypy и контракты,9,Retry log,practice,python_pytest,70,2,18
2,Модуль 2. Python Hard,15,mypy и контракты,10,Мини-проект,project,ide_plugin,120,2,45
2,Модуль 2. Python Hard,15,mypy и контракты,11,Закрепление,test,quiz_single,40,2,12
2,Модуль 2. Python Hard,15,mypy и контракты,12,Контрольный артефакт,project,ide_plugin,110,2,30
2,Модуль 2. Python Hard,15,mypy и контракты,13,Итог,summary,,40,2,8
2,Модуль 2. Python Hard,16,Файлы и pathlib,1,Что это,theory,,40,2,18
2,Модуль 2. Python Hard,16,Файлы и pathlib,2,Минимальный пример,theory,,40,2,18
2,Модуль 2. Python Hard,16,Файлы и pathlib,3,Понимание,test,quiz_single,40,2,12
2,Модуль 2. Python Hard,16,Файлы и pathlib,4,Inventory delta,practice,python_pytest,70,2,18
2,Модуль 2. Python Hard,16,Файлы и pathlib,5,State transition,practice,python_pytest,70,2,18
2,Модуль 2. Python Hard,16,Файлы и pathlib,6,CSV columns,practice,python_pytest,70,2,18
2,Модуль 2. Python Hard,16,Файлы и pathlib,7,Priority queue,practice,python_pytest,70,2,18
2,Модуль 2. Python Hard,16,Файлы и pathlib,8,Retry log,practice,python_pytest,70,2,18
2,Модуль 2. Python Hard,16,Файлы и pathlib,9,Cache TTL,practice,python_pytest,70,2,18
2,Модуль 2. Python Hard,16,Файлы и pathlib,10,Мини-проект,project,ide_plugin,120,2,45
2,Модуль 2. Python Hard,16,Файлы и pathlib,11,Закрепление,test,quiz_single,40,2,12
2,Модуль 2. Python Hard,16,Файлы и pathlib,12,Контрольный артефакт,project,ide_plugin,110,2,30
2,Модуль 2. Python Hard,16,Файлы и pathlib,13,Итог,summary,,40,2,8
2,Модуль 2. Python Hard,17,JSON и CSV,1,Что это,theory,,40,2,18
2,Модуль 2. Python Hard,17,JSON и CSV,2,Минимальный пример,theory,,40,2,18
2,Модуль 2. Python Hard,17,JSON и CSV,3,Понимание,test,quiz_single,40,2,12
2,Модуль 2. Python Hard,17,JSON и CSV,4,State transition,practice,python_pytest,70,2,18
2,Модуль 2. Python Hard,17,JSON и CSV,5,CSV columns,practice,python_pytest,70,2,18
2,Модуль 2. Python Hard,17,JSON и CSV,6,Priority queue,practice,python_pytest,70,2,18
2,Модуль 2. Python Hard,17,JSON и CSV,7,Retry log,practice,python_pytest,70,2,18
2,Модуль 2. Python Hard,17,JSON и CSV,8,Cache TTL,practice,python_pytest,70,2,18
2,Модуль 2. Python Hard,17,JSON и CSV,9,Inventory delta,practice,python_pytest,70,2,18
2,Модуль 2. Python Hard,17,JSON и CSV,10,Мини-проект,project,ide_plugin,120,2,45
2,Модуль 2. Python Hard,17,JSON и CSV,11,Закрепление,test,quiz_single,40,2,12
2,Модуль 2. Python Hard,17,JSON и CSV,12,Контрольный артефакт,project,ide_plugin,110,2,30
2,Модуль 2. Python Hard,17,JSON и CSV,13,Итог,summary,,40,2,8
2,Модуль 2. Python Hard,18,Логирование,1,Что это,theory,,40,2,18
2,Модуль 2. Python Hard,18,Логирование,2,Минимальный пример,theory,,40,2,18
2,Модуль 2. Python Hard,18,Логирование,3,Понимание,test,quiz_single,40,2,12
2,Модуль 2. Python Hard,18,Логирование,4,CSV columns,practice,python_pytest,70,2,18
2,Модуль 2. Python Hard,18,Логирование,5,Priority queue,practice,python_pytest,70,2,18
2,Модуль 2. Python Hard,18,Логирование,6,Retry log,practice,python_pytest,70,2,18
2,Модуль 2. Python Hard,18,Логирование,7,Cache TTL,practice,python_pytest,70,2,18
2,Модуль 2. Python Hard,18,Логирование,8,Inventory delta,practice,python_pytest,70,2,18
2,Модуль 2. Python Hard,18,Логирование,9,State transition,practice,python_pytest,70,2,18
2,Модуль 2. Python Hard,18,Логирование,10,Мини-проект,project,ide_plugin,120,2,45
2,Модуль 2. Python Hard,18,Логирование,11,Закрепление,test,quiz_single,40,2,12
2,Модуль 2. Python Hard,18,Логирование,12,Контрольный артефакт,project,ide_plugin,110,2,30
2,Модуль 2. Python Hard,18,Логирование,13,Итог,summary,,40,2,8
2,Модуль 2. Python Hard,19,Пакеты и импорты,1,Что это,theory,,40,2,18
2,Модуль 2. Python Hard,19,Пакеты и импорты,2,Минимальный пример,theory,,40,2,18
2,Модуль 2. Python Hard,19,Пакеты и импорты,3,Понимание,test,quiz_single,40,2,12
2,Модуль 2. Python Hard,19,Пакеты и импорты,4,Priority queue,practice,python_pytest,70,2,18
2,Модуль 2. Python Hard,19,Пакеты и импорты,5,Retry log,practice,python_pytest,70,2,18
2,Модуль 2. Python Hard,19,Пакеты и импорты,6,Cache TTL,practice,python_pytest,70,2,18
2,Модуль 2. Python Hard,19,Пакеты и импорты,7,Inventory delta,practice,python_pytest,70,2,18
2,Модуль 2. Python Hard,19,Пакеты и импорты,8,State transition,practice,python_pytest,70,2,18
2,Модуль 2. Python Hard,19,Пакеты и импорты,9,CSV columns,practice,python_pytest,70,2,18
2,Модуль 2. Python Hard,19,Пакеты и импорты,10,Мини-проект,project,ide_plugin,120,2,45
2,Модуль 2. Python Hard,19,Пакеты и импорты,11,Закрепление,test,quiz_single,40,2,12
2,Модуль 2. Python Hard,19,Пакеты и импорты,12,Контрольный артефакт,project,ide_plugin,110,2,30
2,Модуль 2. Python Hard,19,Пакеты и импорты,13,Итог,summary,,40,2,8
2,Модуль 2. Python Hard,20,Poetry,1,Что это,theory,,40,2,18
2,Модуль 2. Python Hard,20,Poetry,2,Минимальный пример,theory,,40,2,16
2,Модуль 2. Python Hard,20,Poetry,3,Понимание,test,quiz_single,40,2,12
2,Модуль 2. Python Hard,20,Poetry,4,README,practice,ide_plugin,90,2,30
2,Модуль 2. Python Hard,20,Poetry,5,Команда,practice,ide_plugin,90,2,30
2,Модуль 2. Python Hard,20,Poetry,6,Ошибка,practice,ide_plugin,90,2,30
2,Модуль 2. Python Hard,20,Poetry,7,Git state,practice,ide_plugin,90,2,30
2,Модуль 2. Python Hard,20,Poetry,8,Проверка,project,ide_plugin,130,2,45
2,Модуль 2. Python Hard,20,Poetry,9,Контрольный артефакт,project,ide_plugin,110,2,30
2,Модуль 2. Python Hard,20,Poetry,10,Итог,summary,,40,2,8
2,Модуль 2. Python Hard,21,pytest: функции,1,Что это,theory,,40,2,18
2,Модуль 2. Python Hard,21,pytest: функции,2,Минимальный пример,theory,,40,2,18
2,Модуль 2. Python Hard,21,pytest: функции,3,Понимание,test,quiz_single,40,2,12
2,Модуль 2. Python Hard,21,pytest: функции,4,Param ids,practice,python_pytest,70,2,18
2,Модуль 2. Python Hard,21,pytest: функции,5,Param ids,practice,python_pytest,70,2,18
2,Модуль 2. Python Hard,21,pytest: функции,6,Param ids,practice,python_pytest,70,2,18
2,Модуль 2. Python Hard,21,pytest: функции,7,Param ids,practice,python_pytest,70,2,18
2,Модуль 2. Python Hard,21,pytest: функции,8,Param ids,practice,python_pytest,70,2,18
2,Модуль 2. Python Hard,21,pytest: функции,9,Param ids,practice,python_pytest,70,2,18
2,Модуль 2. Python Hard,21,pytest: функции,10,Мини-проект,project,ide_plugin,120,2,45
2,Модуль 2. Python Hard,21,pytest: функции,11,Закрепление,test,quiz_single,40,2,12
2,Модуль 2. Python Hard,21,pytest: функции,12,Контрольный артефакт,project,ide_plugin,110,2,30
2,Модуль 2. Python Hard,21,pytest: функции,13,Итог,summary,,40,2,8
2,Модуль 2. Python Hard,22,pytest: fixtures,1,Что это,theory,,40,2,18
2,Модуль 2. Python Hard,22,pytest: fixtures,2,Минимальный пример,theory,,40,2,18
2,Модуль 2. Python Hard,22,pytest: fixtures,3,Понимание,test,quiz_single,40,2,12
2,Модуль 2. Python Hard,22,pytest: fixtures,4,Param ids,practice,python_pytest,70,2,18
2,Модуль 2. Python Hard,22,pytest: fixtures,5,Param ids,practice,python_pytest,70,2,18
2,Модуль 2. Python Hard,22,pytest: fixtures,6,Param ids,practice,python_pytest,70,2,18
2,Модуль 2. Python Hard,22,pytest: fixtures,7,Param ids,practice,python_pytest,70,2,18
2,Модуль 2. Python Hard,22,pytest: fixtures,8,Param ids,practice,python_pytest,70,2,18
2,Модуль 2. Python Hard,22,pytest: fixtures,9,Param ids,practice,python_pytest,70,2,18
2,Модуль 2. Python Hard,22,pytest: fixtures,10,Мини-проект,project,ide_plugin,120,2,45
2,Модуль 2. Python Hard,22,pytest: fixtures,11,Закрепление,test,quiz_single,40,2,12
2,Модуль 2. Python Hard,22,pytest: fixtures,12,Контрольный артефакт,project,ide_plugin,110,2,30
2,Модуль 2. Python Hard,22,pytest: fixtures,13,Итог,summary,,40,2,8
2,Модуль 2. Python Hard,23,pytest: parametrization,1,Что это,theory,,40,2,18
2,Модуль 2. Python Hard,23,pytest: parametrization,2,Минимальный пример,theory,,40,2,18
2,Модуль 2. Python Hard,23,pytest: parametrization,3,Понимание,test,quiz_single,40,2,12
2,Модуль 2. Python Hard,23,pytest: parametrization,4,Param ids,practice,python_pytest,70,2,18
2,Модуль 2. Python Hard,23,pytest: parametrization,5,Param ids,practice,python_pytest,70,2,18
2,Модуль 2. Python Hard,23,pytest: parametrization,6,Param ids,practice,python_pytest,70,2,18
2,Модуль 2. Python Hard,23,pytest: parametrization,7,Param ids,practice,python_pytest,70,2,18
2,Модуль 2. Python Hard,23,pytest: parametrization,8,Param ids,practice,python_pytest,70,2,18
2,Модуль 2. Python Hard,23,pytest: parametrization,9,Param ids,practice,python_pytest,70,2,18
2,Модуль 2. Python Hard,23,pytest: parametrization,10,Мини-проект,project,ide_plugin,120,2,45
2,Модуль 2. Python Hard,23,pytest: parametrization,11,Закрепление,test,quiz_single,40,2,12
2,Модуль 2. Python Hard,23,pytest: parametrization,12,Контрольный артефакт,project,ide_plugin,110,2,30
2,Модуль 2. Python Hard,23,pytest: parametrization,13,Итог,summary,,40,2,8
2,Модуль 2. Python Hard,24,pytest: mocking,1,Что это,theory,,40,2,18
2,Модуль 2. Python Hard,24,pytest: mocking,2,Минимальный пример,theory,,40,2,18
2,Модуль 2. Python Hard,24,pytest: mocking,3,Понимание,test,quiz_single,40,2,12
2,Модуль 2. Python Hard,24,pytest: mocking,4,Mock calls,practice,python_pytest,70,2,18
2,Модуль 2. Python Hard,24,pytest: mocking,5,Mock calls,practice,python_pytest,70,2,18
2,Модуль 2. Python Hard,24,pytest: mocking,6,Mock calls,practice,python_pytest,70,2,18
2,Модуль 2. Python Hard,24,pytest: mocking,7,Mock calls,practice,python_pytest,70,2,18
2,Модуль 2. Python Hard,24,pytest: mocking,8,Mock calls,practice,python_pytest,70,2,18
2,Модуль 2. Python Hard,24,pytest: mocking,9,Mock calls,practice,python_pytest,70,2,18
2,Модуль 2. Python Hard,24,pytest: mocking,10,Мини-проект,project,ide_plugin,120,2,45
2,Модуль 2. Python Hard,24,pytest: mocking,11,Закрепление,test,quiz_single,40,2,12
2,Модуль 2. Python Hard,24,pytest: mocking,12,Контрольный артефакт,project,ide_plugin,110,2,30
2,Модуль 2. Python Hard,24,pytest: mocking,13,Итог,summary,,40,2,8
2,Модуль 2. Python Hard,25,pytest: coverage,1,Что это,theory,,40,2,18
2,Модуль 2. Python Hard,25,pytest: coverage,2,Минимальный пример,theory,,40,2,18
2,Модуль 2. Python Hard,25,pytest: coverage,3,Понимание,test,quiz_single,40,2,12
2,Модуль 2. Python Hard,25,pytest: coverage,4,Coverage branches,practice,python_pytest,70,2,18
2,Модуль 2. Python Hard,25,pytest: coverage,5,Coverage branches,practice,python_pytest,70,2,18
2,Модуль 2. Python Hard,25,pytest: coverage,6,Coverage branches,practice,python_pytest,70,2,18
2,Модуль 2. Python Hard,25,pytest: coverage,7,Coverage branches,practice,python_pytest,70,2,18
2,Модуль 2. Python Hard,25,pytest: coverage,8,Coverage branches,practice,python_pytest,70,2,18
2,Модуль 2. Python Hard,25,pytest: coverage,9,Coverage branches,practice,python_pytest,70,2,18
2,Модуль 2. Python Hard,25,pytest: coverage,10,Мини-проект,project,ide_plugin,120,2,45
2,Модуль 2. Python Hard,25,pytest: coverage,11,Закрепление,test,quiz_single,40,2,12
2,Модуль 2. Python Hard,25,pytest: coverage,12,Контрольный артефакт,project,ide_plugin,110,2,30
2,Модуль 2. Python Hard,25,pytest: coverage,13,Итог,summary,,40,2,8
2,Модуль 2. Python Hard,26,Алгоритмы: сложность,1,Что это,theory,,40,2,18
2,Модуль 2. Python Hard,26,Алгоритмы: сложность,2,Минимальный пример,theory,,40,2,18
2,Модуль 2. Python Hard,26,Алгоритмы: сложность,3,Понимание,test,quiz_single,40,2,12
2,Модуль 2. Python Hard,26,Алгоритмы: сложность,4,Retry log,practice,python_pytest,70,2,18
2,Модуль 2. Python Hard,26,Алгоритмы: сложность,5,Cache TTL,practice,python_pytest,70,2,18
2,Модуль 2. Python Hard,26,Алгоритмы: сложность,6,Inventory delta,practice,python_pytest,70,2,18
2,Модуль 2. Python Hard,26,Алгоритмы: сложность,7,State transition,practice,python_pytest,70,2,18
2,Модуль 2. Python Hard,26,Алгоритмы: сложность,8,CSV columns,practice,python_pytest,70,2,18
2,Модуль 2. Python Hard,26,Алгоритмы: сложность,9,Priority queue,practice,python_pytest,70,2,18
2,Модуль 2. Python Hard,26,Алгоритмы: сложность,10,Мини-проект,project,ide_plugin,120,2,45
2,Модуль 2. Python Hard,26,Алгоритмы: сложность,11,Закрепление,test,quiz_single,40,2,12
2,Модуль 2. Python Hard,26,Алгоритмы: сложность,12,Контрольный артефакт,project,ide_plugin,110,2,30
2,Модуль 2. Python Hard,26,Алгоритмы: сложность,13,Итог,summary,,40,2,8
2,Модуль 2. Python Hard,27,Массивы и списки,1,Что это,theory,,40,2,18
2,Модуль 2. Python Hard,27,Массивы и списки,2,Минимальный пример,theory,,40,2,18
2,Модуль 2. Python Hard,27,Массивы и списки,3,Понимание,test,quiz_single,40,2,12
2,Модуль 2. Python Hard,27,Массивы и списки,4,Cache TTL,practice,python_pytest,70,2,18
2,Модуль 2. Python Hard,27,Массивы и списки,5,Inventory delta,practice,python_pytest,70,2,18
2,Модуль 2. Python Hard,27,Массивы и списки,6,State transition,practice,python_pytest,70,2,18
2,Модуль 2. Python Hard,27,Массивы и списки,7,CSV columns,practice,python_pytest,70,2,18
2,Модуль 2. Python Hard,27,Массивы и списки,8,Priority queue,practice,python_pytest,70,2,18
2,Модуль 2. Python Hard,27,Массивы и списки,9,Retry log,practice,python_pytest,70,2,18
2,Модуль 2. Python Hard,27,Массивы и списки,10,Мини-проект,project,ide_plugin,120,2,45
2,Модуль 2. Python Hard,27,Массивы и списки,11,Закрепление,test,quiz_single,40,2,12
2,Модуль 2. Python Hard,27,Массивы и списки,12,Контрольный артефакт,project,ide_plugin,110,2,30
2,Модуль 2. Python Hard,27,Массивы и списки,13,Итог,summary,,40,2,8
2,Модуль 2. Python Hard,28,Hash map и set,1,Что это,theory,,40,2,18
2,Модуль 2. Python Hard,28,Hash map и set,2,Минимальный пример,theory,,40,2,18
2,Модуль 2. Python Hard,28,Hash map и set,3,Понимание,test,quiz_single,40,2,12
2,Модуль 2. Python Hard,28,Hash map и set,4,Inventory delta,practice,python_pytest,70,2,18
2,Модуль 2. Python Hard,28,Hash map и set,5,State transition,practice,python_pytest,70,2,18
2,Модуль 2. Python Hard,28,Hash map и set,6,CSV columns,practice,python_pytest,70,2,18
2,Модуль 2. Python Hard,28,Hash map и set,7,Priority queue,practice,python_pytest,70,2,18
2,Модуль 2. Python Hard,28,Hash map и set,8,Retry log,practice,python_pytest,70,2,18
2,Модуль 2. Python Hard,28,Hash map и set,9,Cache TTL,practice,python_pytest,70,2,18
2,Модуль 2. Python Hard,28,Hash map и set,10,Мини-проект,project,ide_plugin,120,2,45
2,Модуль 2. Python Hard,28,Hash map и set,11,Закрепление,test,quiz_single,40,2,12
2,Модуль 2. Python Hard,28,Hash map и set,12,Контрольный артефакт,project,ide_plugin,110,2,30
2,Модуль 2. Python Hard,28,Hash map и set,13,Итог,summary,,40,2,8
2,Модуль 2. Python Hard,29,"Stack, queue, deque",1,Что это,theory,,40,2,18
2,Модуль 2. Python Hard,29,"Stack, queue, deque",2,Минимальный пример,theory,,40,2,18
2,Модуль 2. Python Hard,29,"Stack, queue, deque",3,Понимание,test,quiz_single,40,2,12
2,Модуль 2. Python Hard,29,"Stack, queue, deque",4,State transition,practice,python_pytest,70,2,18
2,Модуль 2. Python Hard,29,"Stack, queue, deque",5,CSV columns,practice,python_pytest,70,2,18
2,Модуль 2. Python Hard,29,"Stack, queue, deque",6,Priority queue,practice,python_pytest,70,2,18
2,Модуль 2. Python Hard,29,"Stack, queue, deque",7,Retry log,practice,python_pytest,70,2,18
2,Модуль 2. Python Hard,29,"Stack, queue, deque",8,Cache TTL,practice,python_pytest,70,2,18
2,Модуль 2. Python Hard,29,"Stack, queue, deque",9,Inventory delta,practice,python_pytest,70,2,18
2,Модуль 2. Python Hard,29,"Stack, queue, deque",10,Мини-проект,project,ide_plugin,120,2,45
2,Модуль 2. Python Hard,29,"Stack, queue, deque",11,Закрепление,test,quiz_single,40,2,12
2,Модуль 2. Python Hard,29,"Stack, queue, deque",12,Контрольный артефакт,project,ide_plugin,110,2,30
2,Модуль 2. Python Hard,29,"Stack, queue, deque",13,Итог,summary,,40,2,8
2,Модуль 2. Python Hard,30,Сортировки,1,Что это,theory,,40,2,18
2,Модуль 2. Python Hard,30,Сортировки,2,Минимальный пример,theory,,40,2,18
2,Модуль 2. Python Hard,30,Сортировки,3,Понимание,test,quiz_single,40,2,12
2,Модуль 2. Python Hard,30,Сортировки,4,CSV columns,practice,python_pytest,70,2,18
2,Модуль 2. Python Hard,30,Сортировки,5,Priority queue,practice,python_pytest,70,2,18
2,Модуль 2. Python Hard,30,Сортировки,6,Retry log,practice,python_pytest,70,2,18
2,Модуль 2. Python Hard,30,Сортировки,7,Cache TTL,practice,python_pytest,70,2,18
2,Модуль 2. Python Hard,30,Сортировки,8,Inventory delta,practice,python_pytest,70,2,18
2,Модуль 2. Python Hard,30,Сортировки,9,State transition,practice,python_pytest,70,2,18
2,Модуль 2. Python Hard,30,Сортировки,10,Мини-проект,project,ide_plugin,120,2,45
2,Модуль 2. Python Hard,30,Сортировки,11,Закрепление,test,quiz_single,40,2,12
2,Модуль 2. Python Hard,30,Сортировки,12,Контрольный артефакт,project,ide_plugin,110,2,30
2,Модуль 2. Python Hard,30,Сортировки,13,Итог,summary,,40,2,8
2,Модуль 2. Python Hard,31,Binary search,1,Что это,theory,,40,2,18
2,Модуль 2. Python Hard,31,Binary search,2,Минимальный пример,theory,,40,2,18
2,Модуль 2. Python Hard,31,Binary search,3,Понимание,test,quiz_single,40,2,12
2,Модуль 2. Python Hard,31,Binary search,4,Граница поиска,practice,python_pytest,70,2,18
2,Модуль 2. Python Hard,31,Binary search,5,Граница поиска,practice,python_pytest,70,2,18
2,Модуль 2. Python Hard,31,Binary search,6,Граница поиска,practice,python_pytest,70,2,18
2,Модуль 2. Python Hard,31,Binary search,7,Граница поиска,practice,python_pytest,70,2,18
2,Модуль 2. Python Hard,31,Binary search,8,Граница поиска,practice,python_pytest,70,2,18
2,Модуль 2. Python Hard,31,Binary search,9,Граница поиска,practice,python_pytest,70,2,18
2,Модуль 2. Python Hard,31,Binary search,10,Мини-проект,project,ide_plugin,120,2,45
2,Модуль 2. Python Hard,31,Binary search,11,Закрепление,test,quiz_single,40,2,12
2,Модуль 2. Python Hard,31,Binary search,12,Контрольный артефакт,project,ide_plugin,110,2,30
2,Модуль 2. Python Hard,31,Binary search,13,Итог,summary,,40,2,8
2,Модуль 2. Python Hard,32,threading,1,Что это,theory,,40,2,18
2,Модуль 2. Python Hard,32,threading,2,Минимальный пример,theory,,40,2,18
2,Модуль 2. Python Hard,32,threading,3,Понимание,test,quiz_single,40,2,12
2,Модуль 2. Python Hard,32,threading,4,Защищённый счётчик,practice,python_pytest,70,2,18
2,Модуль 2. Python Hard,32,threading,5,Защищённый счётчик,practice,python_pytest,70,2,18
2,Модуль 2. Python Hard,32,threading,6,Защищённый счётчик,practice,python_pytest,70,2,18
2,Модуль 2. Python Hard,32,threading,7,Защищённый счётчик,practice,python_pytest,70,2,18
2,Модуль 2. Python Hard,32,threading,8,Защищённый счётчик,practice,python_pytest,70,2,18
2,Модуль 2. Python Hard,32,threading,9,Защищённый счётчик,practice,python_pytest,70,2,18
2,Модуль 2. Python Hard,32,threading,10,Мини-проект,project,ide_plugin,120,2,45
2,Модуль 2. Python Hard,32,threading,11,Закрепление,test,quiz_single,40,2,12
2,Модуль 2. Python Hard,32,threading,12,Контрольный артефакт,project,ide_plugin,110,2,30
2,Модуль 2. Python Hard,32,threading,13,Итог,summary,,40,2,8
2,Модуль 2. Python Hard,33,multiprocessing,1,Что это,theory,,40,2,18
2,Модуль 2. Python Hard,33,multiprocessing,2,Минимальный пример,theory,,40,2,18
2,Модуль 2. Python Hard,33,multiprocessing,3,Понимание,test,quiz_single,40,2,12
2,Модуль 2. Python Hard,33,multiprocessing,4,Cache TTL,practice,python_pytest,70,2,18
2,Модуль 2. Python Hard,33,multiprocessing,5,Inventory delta,practice,python_pytest,70,2,18
2,Модуль 2. Python Hard,33,multiprocessing,6,State transition,practice,python_pytest,70,2,18
2,Модуль 2. Python Hard,33,multiprocessing,7,CSV columns,practice,python_pytest,70,2,18
2,Модуль 2. Python Hard,33,multiprocessing,8,Priority queue,practice,python_pytest,70,2,18
2,Модуль 2. Python Hard,33,multiprocessing,9,Retry log,practice,python_pytest,70,2,18
2,Модуль 2. Python Hard,33,multiprocessing,10,Мини-проект,project,ide_plugin,120,2,45
2,Модуль 2. Python Hard,33,multiprocessing,11,Закрепление,test,quiz_single,40,2,12
2,Модуль 2. Python Hard,33,multiprocessing,12,Контрольный артефакт,project,ide_plugin,110,2,30
2,Модуль 2. Python Hard,33,multiprocessing,13,Итог,summary,,40,2,8
2,Модуль 2. Python Hard,34,asyncio: база,1,Что это,theory,,40,2,18
2,Модуль 2. Python Hard,34,asyncio: база,2,Минимальный пример,theory,,40,2,18
2,Модуль 2. Python Hard,34,asyncio: база,3,Понимание,test,quiz_single,40,2,12
2,Модуль 2. Python Hard,34,asyncio: база,4,Async timeout map,practice,python_pytest,70,2,18
2,Модуль 2. Python Hard,34,asyncio: база,5,Async first ok,practice,python_pytest,70,2,18
2,Модуль 2. Python Hard,34,asyncio: база,6,Async timeout map,practice,python_pytest,70,2,18
2,Модуль 2. Python Hard,34,asyncio: база,7,Async first ok,practice,python_pytest,70,2,18
2,Модуль 2. Python Hard,34,asyncio: база,8,Async timeout map,practice,python_pytest,70,2,18
2,Модуль 2. Python Hard,34,asyncio: база,9,Async first ok,practice,python_pytest,70,2,18
2,Модуль 2. Python Hard,34,asyncio: база,10,Мини-проект,project,ide_plugin,120,2,45
2,Модуль 2. Python Hard,34,asyncio: база,11,Закрепление,test,quiz_single,40,2,12
2,Модуль 2. Python Hard,34,asyncio: база,12,Контрольный артефакт,project,ide_plugin,110,2,30
2,Модуль 2. Python Hard,34,asyncio: база,13,Итог,summary,,40,2,8
2,Модуль 2. Python Hard,35,asyncio: задачи и очереди,1,Что это,theory,,40,2,18
2,Модуль 2. Python Hard,35,asyncio: задачи и очереди,2,Минимальный пример,theory,,40,2,18
2,Модуль 2. Python Hard,35,asyncio: задачи и очереди,3,Понимание,test,quiz_single,40,2,12
2,Модуль 2. Python Hard,35,asyncio: задачи и очереди,4,Async first ok,practice,python_pytest,70,2,18
2,Модуль 2. Python Hard,35,asyncio: задачи и очереди,5,Async timeout map,practice,python_pytest,70,2,18
2,Модуль 2. Python Hard,35,asyncio: задачи и очереди,6,Async first ok,practice,python_pytest,70,2,18
2,Модуль 2. Python Hard,35,asyncio: задачи и очереди,7,Async timeout map,practice,python_pytest,70,2,18
2,Модуль 2. Python Hard,35,asyncio: задачи и очереди,8,Async first ok,practice,python_pytest,70,2,18
2,Модуль 2. Python Hard,35,asyncio: задачи и очереди,9,Async timeout map,practice,python_pytest,70,2,18
2,Модуль 2. Python Hard,35,asyncio: задачи и очереди,10,Мини-проект,project,ide_plugin,120,2,45
2,Модуль 2. Python Hard,35,asyncio: задачи и очереди,11,Закрепление,test,quiz_single,40,2,12
2,Модуль 2. Python Hard,35,asyncio: задачи и очереди,12,Контрольный артефакт,project,ide_plugin,110,2,30
2,Модуль 2. Python Hard,35,asyncio: задачи и очереди,13,Итог,summary,,40,2,8
2,Модуль 2. Python Hard,36,asyncio: HTTP,1,Что это,theory,,40,2,18
2,Модуль 2. Python Hard,36,asyncio: HTTP,2,Минимальный пример,theory,,40,2,18
2,Модуль 2. Python Hard,36,asyncio: HTTP,3,Понимание,test,quiz_single,40,2,12
2,Модуль 2. Python Hard,36,asyncio: HTTP,4,Async timeout map,practice,python_pytest,70,2,18
2,Модуль 2. Python Hard,36,asyncio: HTTP,5,Async first ok,practice,python_pytest,70,2,18
2,Модуль 2. Python Hard,36,asyncio: HTTP,6,Async timeout map,practice,python_pytest,70,2,18
2,Модуль 2. Python Hard,36,asyncio: HTTP,7,Async first ok,practice,python_pytest,70,2,18
2,Модуль 2. Python Hard,36,asyncio: HTTP,8,Async timeout map,practice,python_pytest,70,2,18
2,Модуль 2. Python Hard,36,asyncio: HTTP,9,Async first ok,practice,python_pytest,70,2,18
2,Модуль 2. Python Hard,36,asyncio: HTTP,10,Мини-проект,project,ide_plugin,120,2,45
2,Модуль 2. Python Hard,36,asyncio: HTTP,11,Закрепление,test,quiz_single,40,2,12
2,Модуль 2. Python Hard,36,asyncio: HTTP,12,Контрольный артефакт,project,ide_plugin,110,2,30
2,Модуль 2. Python Hard,36,asyncio: HTTP,13,Итог,summary,,40,2,8
3,"Модуль 3. SQL, базы данных и сети",1,SQL: SELECT,1,Что это,theory,,40,2,18
3,"Модуль 3. SQL, базы данных и сети",1,SQL: SELECT,2,Минимальный пример,theory,,40,2,18
3,"Модуль 3. SQL, базы данных и сети",1,SQL: SELECT,3,Понимание,test,quiz_single,40,2,12
3,"Модуль 3. SQL, базы данных и сети",1,SQL: SELECT,4,Колонки,practice,sql_query,85,2,22
3,"Модуль 3. SQL, базы данных и сети",1,SQL: SELECT,5,Фильтр,practice,sql_query,85,2,22
3,"Модуль 3. SQL, базы данных и сети",1,SQL: SELECT,6,NULL,practice,sql_query,85,2,22
3,"Модуль 3. SQL, базы данных и сети",1,SQL: SELECT,7,JOIN,practice,sql_query,85,2,22
3,"Модуль 3. SQL, базы данных и сети",1,SQL: SELECT,8,SQL-файл,project,ide_plugin,130,2,45
3,"Модуль 3. SQL, базы данных и сети",1,SQL: SELECT,9,Закрепление,test,quiz_single,40,2,12
3,"Модуль 3. SQL, базы данных и сети",1,SQL: SELECT,10,Контрольный артефакт,project,ide_plugin,110,2,30
3,"Модуль 3. SQL, базы данных и сети",1,SQL: SELECT,11,Итог,summary,,40,2,8
3,"Модуль 3. SQL, базы данных и сети",2,SQL: WHERE,1,Что это,theory,,40,2,18
3,"Модуль 3. SQL, базы данных и сети",2,SQL: WHERE,2,Минимальный пример,theory,,40,2,18
3,"Модуль 3. SQL, базы данных и сети",2,SQL: WHERE,3,Понимание,test,quiz_single,40,2,12
3,"Модуль 3. SQL, базы данных и сети",2,SQL: WHERE,4,Фильтр,practice,sql_query,85,2,22
3,"Модуль 3. SQL, базы данных и сети",2,SQL: WHERE,5,NULL,practice,sql_query,85,2,22
3,"Модуль 3. SQL, базы данных и сети",2,SQL: WHERE,6,JOIN,practice,sql_query,85,2,22
3,"Модуль 3. SQL, базы данных и сети",2,SQL: WHERE,7,LEFT JOIN,practice,sql_query,85,2,22
3,"Модуль 3. SQL, базы данных и сети",2,SQL: WHERE,8,SQL-файл,project,ide_plugin,130,2,45
3,"Модуль 3. SQL, базы данных и сети",2,SQL: WHERE,9,Закрепление,test,quiz_single,40,2,12
3,"Модуль 3. SQL, базы данных и сети",2,SQL: WHERE,10,Контрольный артефакт,project,ide_plugin,110,2,30
3,"Модуль 3. SQL, базы данных и сети",2,SQL: WHERE,11,Итог,summary,,40,2,8
3,"Модуль 3. SQL, базы данных и сети",3,SQL: ORDER BY и LIMIT,1,Что это,theory,,40,2,18
3,"Модуль 3. SQL, базы данных и сети",3,SQL: ORDER BY и LIMIT,2,Минимальный пример,theory,,40,2,18
3,"Модуль 3. SQL, базы данных и сети",3,SQL: ORDER BY и LIMIT,3,Понимание,test,quiz_single,40,2,12
3,"Модуль 3. SQL, базы данных и сети",3,SQL: ORDER BY и LIMIT,4,Колонки,practice,sql_query,85,2,22
3,"Модуль 3. SQL, базы данных и сети",3,SQL: ORDER BY и LIMIT,5,Фильтр,practice,sql_query,85,2,22
3,"Модуль 3. SQL, базы данных и сети",3,SQL: ORDER BY и LIMIT,6,NULL,practice,sql_query,85,2,22
3,"Модуль 3. SQL, базы данных и сети",3,SQL: ORDER BY и LIMIT,7,JOIN,practice,sql_query,85,2,22
3,"Модуль 3. SQL, базы данных и сети",3,SQL: ORDER BY и LIMIT,8,SQL-файл,project,ide_plugin,130,2,45
3,"Модуль 3. SQL, базы данных и сети",3,SQL: ORDER BY и LIMIT,9,Закрепление,test,quiz_single,40,2,12
3,"Модуль 3. SQL, базы данных и сети",3,SQL: ORDER BY и LIMIT,10,Контрольный артефакт,project,ide_plugin,110,2,30
3,"Модуль 3. SQL, базы данных и сети",3,SQL: ORDER BY и LIMIT,11,Итог,summary,,40,2,8
3,"Модуль 3. SQL, базы данных и сети",4,"SQL: LIKE, IN, BETWEEN, NULL",1,Что это,theory,,40,2,18
3,"Модуль 3. SQL, базы данных и сети",4,"SQL: LIKE, IN, BETWEEN, NULL",2,Минимальный пример,theory,,40,2,18
3,"Модуль 3. SQL, базы данных и сети",4,"SQL: LIKE, IN, BETWEEN, NULL",3,Понимание,test,quiz_single,40,2,12
3,"Модуль 3. SQL, базы данных и сети",4,"SQL: LIKE, IN, BETWEEN, NULL",4,Фильтр,practice,sql_query,85,2,22
3,"Модуль 3. SQL, базы данных и сети",4,"SQL: LIKE, IN, BETWEEN, NULL",5,NULL,practice,sql_query,85,2,22
3,"Модуль 3. SQL, базы данных и сети",4,"SQL: LIKE, IN, BETWEEN, NULL",6,JOIN,practice,sql_query,85,2,22
3,"Модуль 3. SQL, базы данных и сети",4,"SQL: LIKE, IN, BETWEEN, NULL",7,LEFT JOIN,practice,sql_query,85,2,22
3,"Модуль 3. SQL, базы данных и сети",4,"SQL: LIKE, IN, BETWEEN, NULL",8,SQL-файл,project,ide_plugin,130,2,45
3,"Модуль 3. SQL, базы данных и сети",4,"SQL: LIKE, IN, BETWEEN, NULL",9,Закрепление,test,quiz_single,40,2,12
3,"Модуль 3. SQL, базы данных и сети",4,"SQL: LIKE, IN, BETWEEN, NULL",10,Контрольный артефакт,project,ide_plugin,110,2,30
3,"Модуль 3. SQL, базы данных и сети",4,"SQL: LIKE, IN, BETWEEN, NULL",11,Итог,summary,,40,2,8
3,"Модуль 3. SQL, базы данных и сети",5,SQL: агрегаты,1,Что это,theory,,40,2,18
3,"Модуль 3. SQL, базы данных и сети",5,SQL: агрегаты,2,Минимальный пример,theory,,40,2,18
3,"Модуль 3. SQL, базы данных и сети",5,SQL: агрегаты,3,Понимание,test,quiz_single,40,2,12
3,"Модуль 3. SQL, базы данных и сети",5,SQL: агрегаты,4,Колонки,practice,sql_query,85,2,22
3,"Модуль 3. SQL, базы данных и сети",5,SQL: агрегаты,5,Фильтр,practice,sql_query,85,2,22
3,"Модуль 3. SQL, базы данных и сети",5,SQL: агрегаты,6,NULL,practice,sql_query,85,2,22
3,"Модуль 3. SQL, базы данных и сети",5,SQL: агрегаты,7,JOIN,practice,sql_query,85,2,22
3,"Модуль 3. SQL, базы данных и сети",5,SQL: агрегаты,8,SQL-файл,project,ide_plugin,130,2,45
3,"Модуль 3. SQL, базы данных и сети",5,SQL: агрегаты,9,Закрепление,test,quiz_single,40,2,12
3,"Модуль 3. SQL, базы данных и сети",5,SQL: агрегаты,10,Контрольный артефакт,project,ide_plugin,110,2,30
3,"Модуль 3. SQL, базы данных и сети",5,SQL: агрегаты,11,Итог,summary,,40,2,8
3,"Модуль 3. SQL, базы данных и сети",6,SQL: GROUP BY,1,Что это,theory,,40,2,18
3,"Модуль 3. SQL, базы данных и сети",6,SQL: GROUP BY,2,Минимальный пример,theory,,40,2,18
3,"Модуль 3. SQL, базы данных и сети",6,SQL: GROUP BY,3,Понимание,test,quiz_single,40,2,12
3,"Модуль 3. SQL, базы данных и сети",6,SQL: GROUP BY,4,Колонки,practice,sql_query,85,2,22
3,"Модуль 3. SQL, базы данных и сети",6,SQL: GROUP BY,5,Фильтр,practice,sql_query,85,2,22
3,"Модуль 3. SQL, базы данных и сети",6,SQL: GROUP BY,6,NULL,practice,sql_query,85,2,22
3,"Модуль 3. SQL, базы данных и сети",6,SQL: GROUP BY,7,JOIN,practice,sql_query,85,2,22
3,"Модуль 3. SQL, базы данных и сети",6,SQL: GROUP BY,8,SQL-файл,project,ide_plugin,130,2,45
3,"Модуль 3. SQL, базы данных и сети",6,SQL: GROUP BY,9,Закрепление,test,quiz_single,40,2,12
3,"Модуль 3. SQL, базы данных и сети",6,SQL: GROUP BY,10,Контрольный артефакт,project,ide_plugin,110,2,30
3,"Модуль 3. SQL, базы данных и сети",6,SQL: GROUP BY,11,Итог,summary,,40,2,8
3,"Модуль 3. SQL, базы данных и сети",7,SQL: HAVING,1,Что это,theory,,40,2,18
3,"Модуль 3. SQL, базы данных и сети",7,SQL: HAVING,2,Минимальный пример,theory,,40,2,18
3,"Модуль 3. SQL, базы данных и сети",7,SQL: HAVING,3,Понимание,test,quiz_single,40,2,12
3,"Модуль 3. SQL, базы данных и сети",7,SQL: HAVING,4,Колонки,practice,sql_query,85,2,22
3,"Модуль 3. SQL, базы данных и сети",7,SQL: HAVING,5,Фильтр,practice,sql_query,85,2,22
3,"Модуль 3. SQL, базы данных и сети",7,SQL: HAVING,6,NULL,practice,sql_query,85,2,22
3,"Модуль 3. SQL, базы данных и сети",7,SQL: HAVING,7,JOIN,practice,sql_query,85,2,22
3,"Модуль 3. SQL, базы данных и сети",7,SQL: HAVING,8,SQL-файл,project,ide_plugin,130,2,45
3,"Модуль 3. SQL, базы данных и сети",7,SQL: HAVING,9,Закрепление,test,quiz_single,40,2,12
3,"Модуль 3. SQL, базы данных и сети",7,SQL: HAVING,10,Контрольный артефакт,project,ide_plugin,110,2,30
3,"Модуль 3. SQL, базы данных и сети",7,SQL: HAVING,11,Итог,summary,,40,2,8
3,"Модуль 3. SQL, базы данных и сети",8,SQL: INNER JOIN,1,Что это,theory,,40,2,18
3,"Модуль 3. SQL, базы данных и сети",8,SQL: INNER JOIN,2,Минимальный пример,theory,,40,2,18
3,"Модуль 3. SQL, базы данных и сети",8,SQL: INNER JOIN,3,Понимание,test,quiz_single,40,2,12
3,"Модуль 3. SQL, базы данных и сети",8,SQL: INNER JOIN,4,JOIN,practice,sql_query,85,2,22
3,"Модуль 3. SQL, базы данных и сети",8,SQL: INNER JOIN,5,LEFT JOIN,practice,sql_query,85,2,22
3,"Модуль 3. SQL, базы данных и сети",8,SQL: INNER JOIN,6,Агрегат,practice,sql_query,85,2,22
3,"Модуль 3. SQL, базы данных и сети",8,SQL: INNER JOIN,7,SQL-файл,project,ide_plugin,130,2,45
3,"Модуль 3. SQL, базы данных и сети",8,SQL: INNER JOIN,8,Закрепление,test,quiz_single,40,2,12
3,"Модуль 3. SQL, базы данных и сети",8,SQL: INNER JOIN,9,Контрольный артефакт,project,ide_plugin,110,2,30
3,"Модуль 3. SQL, базы данных и сети",8,SQL: INNER JOIN,10,Итог,summary,,40,2,8
3,"Модуль 3. SQL, базы данных и сети",9,SQL: LEFT JOIN,1,Что это,theory,,40,2,18
3,"Модуль 3. SQL, базы данных и сети",9,SQL: LEFT JOIN,2,Минимальный пример,theory,,40,2,18
3,"Модуль 3. SQL, базы данных и сети",9,SQL: LEFT JOIN,3,Понимание,test,quiz_single,40,2,12
3,"Модуль 3. SQL, базы данных и сети",9,SQL: LEFT JOIN,4,JOIN,practice,sql_query,85,2,22
3,"Модуль 3. SQL, базы данных и сети",9,SQL: LEFT JOIN,5,LEFT JOIN,practice,sql_query,85,2,22
3,"Модуль 3. SQL, базы данных и сети",9,SQL: LEFT JOIN,6,Агрегат,practice,sql_query,85,2,22
3,"Модуль 3. SQL, базы данных и сети",9,SQL: LEFT JOIN,7,SQL-файл,project,ide_plugin,130,2,45
3,"Модуль 3. SQL, базы данных и сети",9,SQL: LEFT JOIN,8,Закрепление,test,quiz_single,40,2,12
3,"Модуль 3. SQL, базы данных и сети",9,SQL: LEFT JOIN,9,Контрольный артефакт,project,ide_plugin,110,2,30
3,"Модуль 3. SQL, базы данных и сети",9,SQL: LEFT JOIN,10,Итог,summary,,40,2,8
3,"Модуль 3. SQL, базы данных и сети",10,SQL: self join,1,Что это,theory,,40,2,18
3,"Модуль 3. SQL, базы данных и сети",10,SQL: self join,2,Минимальный пример,theory,,40,2,18
3,"Модуль 3. SQL, базы данных и сети",10,SQL: self join,3,Понимание,test,quiz_single,40,2,12
3,"Модуль 3. SQL, базы данных и сети",10,SQL: self join,4,JOIN,practice,sql_query,85,2,22
3,"Модуль 3. SQL, базы данных и сети",10,SQL: self join,5,LEFT JOIN,practice,sql_query,85,2,22
3,"Модуль 3. SQL, базы данных и сети",10,SQL: self join,6,Агрегат,practice,sql_query,85,2,22
3,"Модуль 3. SQL, базы данных и сети",10,SQL: self join,7,SQL-файл,project,ide_plugin,130,2,45
3,"Модуль 3. SQL, базы данных и сети",10,SQL: self join,8,Закрепление,test,quiz_single,40,2,12
3,"Модуль 3. SQL, базы данных и сети",10,SQL: self join,9,Контрольный артефакт,project,ide_plugin,110,2,30
3,"Модуль 3. SQL, базы данных и сети",10,SQL: self join,10,Итог,summary,,40,2,8
3,"Модуль 3. SQL, базы данных и сети",11,SQL: подзапросы,1,Что это,theory,,40,2,18
3,"Модуль 3. SQL, базы данных и сети",11,SQL: подзапросы,2,Минимальный пример,theory,,40,2,18
3,"Модуль 3. SQL, базы данных и сети",11,SQL: подзапросы,3,Понимание,test,quiz_single,40,2,12
3,"Модуль 3. SQL, базы данных и сети",11,SQL: подзапросы,4,Колонки,practice,sql_query,85,2,22
3,"Модуль 3. SQL, базы данных и сети",11,SQL: подзапросы,5,Фильтр,practice,sql_query,85,2,22
3,"Модуль 3. SQL, базы данных и сети",11,SQL: подзапросы,6,NULL,practice,sql_query,85,2,22
3,"Модуль 3. SQL, базы данных и сети",11,SQL: подзапросы,7,JOIN,practice,sql_query,85,2,22
3,"Модуль 3. SQL, базы данных и сети",11,SQL: подзапросы,8,SQL-файл,project,ide_plugin,130,2,45
3,"Модуль 3. SQL, базы данных и сети",11,SQL: подзапросы,9,Закрепление,test,quiz_single,40,2,12
3,"Модуль 3. SQL, базы данных и сети",11,SQL: подзапросы,10,Контрольный артефакт,project,ide_plugin,110,2,30
3,"Модуль 3. SQL, базы данных и сети",11,SQL: подзапросы,11,Итог,summary,,40,2,8
3,"Модуль 3. SQL, базы данных и сети",12,SQL: CTE,1,Что это,theory,,40,2,18
3,"Модуль 3. SQL, базы данных и сети",12,SQL: CTE,2,Минимальный пример,theory,,40,2,18
3,"Модуль 3. SQL, базы данных и сети",12,SQL: CTE,3,Понимание,test,quiz_single,40,2,12
3,"Модуль 3. SQL, базы данных и сети",12,SQL: CTE,4,CTE,practice,sql_query,85,2,22
3,"Модуль 3. SQL, базы данных и сети",12,SQL: CTE,5,Фильтр,practice,sql_query,85,2,22
3,"Модуль 3. SQL, базы данных и сети",12,SQL: CTE,6,Агрегат,practice,sql_query,85,2,22
3,"Модуль 3. SQL, базы данных и сети",12,SQL: CTE,7,JOIN,practice,sql_query,85,2,22
3,"Модуль 3. SQL, базы данных и сети",12,SQL: CTE,8,SQL-файл,project,ide_plugin,130,2,45
3,"Модуль 3. SQL, базы данных и сети",12,SQL: CTE,9,Закрепление,test,quiz_single,40,2,12
3,"Модуль 3. SQL, базы данных и сети",12,SQL: CTE,10,Контрольный артефакт,project,ide_plugin,110,2,30
3,"Модуль 3. SQL, базы данных и сети",12,SQL: CTE,11,Итог,summary,,40,2,8
3,"Модуль 3. SQL, базы данных и сети",13,SQL: оконные функции,1,Что это,theory,,40,2,18
3,"Модуль 3. SQL, базы данных и сети",13,SQL: оконные функции,2,Минимальный пример,theory,,40,2,18
3,"Модуль 3. SQL, базы данных и сети",13,SQL: оконные функции,3,Понимание,test,quiz_single,40,2,12
3,"Модуль 3. SQL, базы данных и сети",13,SQL: оконные функции,4,Окно,practice,sql_query,85,2,22
3,"Модуль 3. SQL, базы данных и сети",13,SQL: оконные функции,5,Агрегат,practice,sql_query,85,2,22
3,"Модуль 3. SQL, базы данных и сети",13,SQL: оконные функции,6,CTE,practice,sql_query,85,2,22
3,"Модуль 3. SQL, базы данных и сети",13,SQL: оконные функции,7,JOIN,practice,sql_query,85,2,22
3,"Модуль 3. SQL, базы данных и сети",13,SQL: оконные функции,8,SQL-файл,project,ide_plugin,130,2,45
3,"Модуль 3. SQL, базы данных и сети",13,SQL: оконные функции,9,Закрепление,test,quiz_single,40,2,12
3,"Модуль 3. SQL, базы данных и сети",13,SQL: оконные функции,10,Контрольный артефакт,project,ide_plugin,110,2,30
3,"Модуль 3. SQL, базы данных и сети",13,SQL: оконные функции,11,Итог,summary,,40,2,8
3,"Модуль 3. SQL, базы данных и сети",14,"SQL: INSERT, UPDATE, DELETE",1,Что это,theory,,40,2,18
3,"Модуль 3. SQL, базы данных и сети",14,"SQL: INSERT, UPDATE, DELETE",2,Минимальный пример,theory,,40,2,18
3,"Модуль 3. SQL, базы данных и сети",14,"SQL: INSERT, UPDATE, DELETE",3,Понимание,test,quiz_single,40,2,12
3,"Модуль 3. SQL, базы данных и сети",14,"SQL: INSERT, UPDATE, DELETE",4,Колонки,practice,sql_query,85,2,22
3,"Модуль 3. SQL, базы данных и сети",14,"SQL: INSERT, UPDATE, DELETE",5,Фильтр,practice,sql_query,85,2,22
3,"Модуль 3. SQL, базы данных и сети",14,"SQL: INSERT, UPDATE, DELETE",6,NULL,practice,sql_query,85,2,22
3,"Модуль 3. SQL, базы данных и сети",14,"SQL: INSERT, UPDATE, DELETE",7,JOIN,practice,sql_query,85,2,22
3,"Модуль 3. SQL, базы данных и сети",14,"SQL: INSERT, UPDATE, DELETE",8,SQL-файл,project,ide_plugin,130,2,45
3,"Модуль 3. SQL, базы данных и сети",14,"SQL: INSERT, UPDATE, DELETE",9,Закрепление,test,quiz_single,40,2,12
3,"Модуль 3. SQL, базы данных и сети",14,"SQL: INSERT, UPDATE, DELETE",10,Контрольный артефакт,project,ide_plugin,110,2,30
3,"Модуль 3. SQL, базы данных и сети",14,"SQL: INSERT, UPDATE, DELETE",11,Итог,summary,,40,2,8
3,"Модуль 3. SQL, базы данных и сети",15,SQL: constraints,1,Что это,theory,,40,2,18
3,"Модуль 3. SQL, базы данных и сети",15,SQL: constraints,2,Минимальный пример,theory,,40,2,18
3,"Модуль 3. SQL, базы данных и сети",15,SQL: constraints,3,Понимание,test,quiz_single,40,2,12
3,"Модуль 3. SQL, базы данных и сети",15,SQL: constraints,4,Колонки,practice,sql_query,85,2,22
3,"Модуль 3. SQL, базы данных и сети",15,SQL: constraints,5,Фильтр,practice,sql_query,85,2,22
3,"Модуль 3. SQL, базы данных и сети",15,SQL: constraints,6,NULL,practice,sql_query,85,2,22
3,"Модуль 3. SQL, базы данных и сети",15,SQL: constraints,7,JOIN,practice,sql_query,85,2,22
3,"Модуль 3. SQL, базы данных и сети",15,SQL: constraints,8,SQL-файл,project,ide_plugin,130,2,45
3,"Модуль 3. SQL, базы данных и сети",15,SQL: constraints,9,Закрепление,test,quiz_single,40,2,12
3,"Модуль 3. SQL, базы данных и сети",15,SQL: constraints,10,Контрольный артефакт,project,ide_plugin,110,2,30
3,"Модуль 3. SQL, базы данных и сети",15,SQL: constraints,11,Итог,summary,,40,2,8
3,"Модуль 3. SQL, базы данных и сети",16,SQL: нормализация,1,Что это,theory,,40,2,18
3,"Модуль 3. SQL, базы данных и сети",16,SQL: нормализация,2,Минимальный пример,theory,,40,2,18
3,"Модуль 3. SQL, базы данных и сети",16,SQL: нормализация,3,Понимание,test,quiz_single,40,2,12
3,"Модуль 3. SQL, базы данных и сети",16,SQL: нормализация,4,Колонки,practice,sql_query,85,2,22
3,"Модуль 3. SQL, базы данных и сети",16,SQL: нормализация,5,Фильтр,practice,sql_query,85,2,22
3,"Модуль 3. SQL, базы данных и сети",16,SQL: нормализация,6,NULL,practice,sql_query,85,2,22
3,"Модуль 3. SQL, базы данных и сети",16,SQL: нормализация,7,JOIN,practice,sql_query,85,2,22
3,"Модуль 3. SQL, базы данных и сети",16,SQL: нормализация,8,SQL-файл,project,ide_plugin,130,2,45
3,"Модуль 3. SQL, базы данных и сети",16,SQL: нормализация,9,Закрепление,test,quiz_single,40,2,12
3,"Модуль 3. SQL, базы данных и сети",16,SQL: нормализация,10,Контрольный артефакт,project,ide_plugin,110,2,30
3,"Модуль 3. SQL, базы данных и сети",16,SQL: нормализация,11,Итог,summary,,40,2,8
3,"Модуль 3. SQL, базы данных и сети",17,SQL: transactions и ACID,1,Что это,theory,,40,2,18
3,"Модуль 3. SQL, базы данных и сети",17,SQL: transactions и ACID,2,Минимальный пример,theory,,40,2,18
3,"Модуль 3. SQL, базы данных и сети",17,SQL: transactions и ACID,3,Понимание,test,quiz_single,40,2,12
3,"Модуль 3. SQL, базы данных и сети",17,SQL: transactions и ACID,4,Rollback,practice,sql_query,85,2,22
3,"Модуль 3. SQL, базы данных и сети",17,SQL: transactions и ACID,5,Commit,practice,sql_query,85,2,22
3,"Модуль 3. SQL, базы данных и сети",17,SQL: transactions и ACID,6,Фильтр,practice,sql_query,85,2,22
3,"Модуль 3. SQL, базы данных и сети",17,SQL: transactions и ACID,7,Агрегат,practice,sql_query,85,2,22
3,"Модуль 3. SQL, базы данных и сети",17,SQL: transactions и ACID,8,SQL-файл,project,ide_plugin,130,2,45
3,"Модуль 3. SQL, базы данных и сети",17,SQL: transactions и ACID,9,Закрепление,test,quiz_single,40,2,12
3,"Модуль 3. SQL, базы данных и сети",17,SQL: transactions и ACID,10,Контрольный артефакт,project,ide_plugin,110,2,30
3,"Модуль 3. SQL, базы данных и сети",17,SQL: transactions и ACID,11,Итог,summary,,40,2,8
3,"Модуль 3. SQL, базы данных и сети",18,"SQL: изоляция, блокировки, индексы",1,Что это,theory,,40,2,18
3,"Модуль 3. SQL, базы данных и сети",18,"SQL: изоляция, блокировки, индексы",2,Минимальный пример,theory,,40,2,18
3,"Модуль 3. SQL, базы данных и сети",18,"SQL: изоляция, блокировки, индексы",3,Понимание,test,quiz_single,40,2,12
3,"Модуль 3. SQL, базы данных и сети",18,"SQL: изоляция, блокировки, индексы",4,Explain,practice,sql_query,85,2,22
3,"Модуль 3. SQL, базы данных и сети",18,"SQL: изоляция, блокировки, индексы",5,Фильтр,practice,sql_query,85,2,22
3,"Модуль 3. SQL, базы данных и сети",18,"SQL: изоляция, блокировки, индексы",6,JOIN,practice,sql_query,85,2,22
3,"Модуль 3. SQL, базы данных и сети",18,"SQL: изоляция, блокировки, индексы",7,Агрегат,practice,sql_query,85,2,22
3,"Модуль 3. SQL, базы данных и сети",18,"SQL: изоляция, блокировки, индексы",8,SQL-файл,project,ide_plugin,130,2,45
3,"Модуль 3. SQL, базы данных и сети",18,"SQL: изоляция, блокировки, индексы",9,Закрепление,test,quiz_single,40,2,12
3,"Модуль 3. SQL, базы данных и сети",18,"SQL: изоляция, блокировки, индексы",10,Контрольный артефакт,project,ide_plugin,110,2,30
3,"Модуль 3. SQL, базы данных и сети",18,"SQL: изоляция, блокировки, индексы",11,Итог,summary,,40,2,8
3,"Модуль 3. SQL, базы данных и сети",19,SQLite: файл базы,1,Что это,theory,,40,2,18
3,"Модуль 3. SQL, базы данных и сети",19,SQLite: файл базы,2,Минимальный пример,theory,,40,2,18
3,"Модуль 3. SQL, базы данных и сети",19,SQLite: файл базы,3,Понимание,test,quiz_single,40,2,12
3,"Модуль 3. SQL, базы данных и сети",19,SQLite: файл базы,4,Колонки,practice,sql_query,85,2,22
3,"Модуль 3. SQL, базы данных и сети",19,SQLite: файл базы,5,Фильтр,practice,sql_query,85,2,22
3,"Модуль 3. SQL, базы данных и сети",19,SQLite: файл базы,6,NULL,practice,sql_query,85,2,22
3,"Модуль 3. SQL, базы данных и сети",19,SQLite: файл базы,7,JOIN,practice,sql_query,85,2,22
3,"Модуль 3. SQL, базы данных и сети",19,SQLite: файл базы,8,SQL-файл,project,ide_plugin,130,2,45
3,"Модуль 3. SQL, базы данных и сети",19,SQLite: файл базы,9,Закрепление,test,quiz_single,40,2,12
3,"Модуль 3. SQL, базы данных и сети",19,SQLite: файл базы,10,Контрольный артефакт,project,ide_plugin,110,2,30
3,"Модуль 3. SQL, базы данных и сети",19,SQLite: файл базы,11,Итог,summary,,40,2,8
3,"Модуль 3. SQL, базы данных и сети",20,SQLite: sqlite3 CLI,1,Что это,theory,,40,2,18
3,"Модуль 3. SQL, базы данных и сети",20,SQLite: sqlite3 CLI,2,Минимальный пример,theory,,40,2,18
3,"Модуль 3. SQL, базы данных и сети",20,SQLite: sqlite3 CLI,3,Понимание,test,quiz_single,40,2,12
3,"Модуль 3. SQL, базы данных и сети",20,SQLite: sqlite3 CLI,4,Колонки,practice,sql_query,85,2,22
3,"Модуль 3. SQL, базы данных и сети",20,SQLite: sqlite3 CLI,5,Фильтр,practice,sql_query,85,2,22
3,"Модуль 3. SQL, базы данных и сети",20,SQLite: sqlite3 CLI,6,NULL,practice,sql_query,85,2,22
3,"Модуль 3. SQL, базы данных и сети",20,SQLite: sqlite3 CLI,7,JOIN,practice,sql_query,85,2,22
3,"Модуль 3. SQL, базы данных и сети",20,SQLite: sqlite3 CLI,8,SQL-файл,project,ide_plugin,130,2,45
3,"Модуль 3. SQL, базы данных и сети",20,SQLite: sqlite3 CLI,9,Закрепление,test,quiz_single,40,2,12
3,"Модуль 3. SQL, базы данных и сети",20,SQLite: sqlite3 CLI,10,Контрольный артефакт,project,ide_plugin,110,2,30
3,"Модуль 3. SQL, базы данных и сети",20,SQLite: sqlite3 CLI,11,Итог,summary,,40,2,8
3,"Модуль 3. SQL, базы данных и сети",21,SQLite: DDL и constraints,1,Что это,theory,,40,2,18
3,"Модуль 3. SQL, базы данных и сети",21,SQLite: DDL и constraints,2,Минимальный пример,theory,,40,2,18
3,"Модуль 3. SQL, базы данных и сети",21,SQLite: DDL и constraints,3,Понимание,test,quiz_single,40,2,12
3,"Модуль 3. SQL, базы данных и сети",21,SQLite: DDL и constraints,4,Колонки,practice,sql_query,85,2,22
3,"Модуль 3. SQL, базы данных и сети",21,SQLite: DDL и constraints,5,Фильтр,practice,sql_query,85,2,22
3,"Модуль 3. SQL, базы данных и сети",21,SQLite: DDL и constraints,6,NULL,practice,sql_query,85,2,22
3,"Модуль 3. SQL, базы данных и сети",21,SQLite: DDL и constraints,7,JOIN,practice,sql_query,85,2,22
3,"Модуль 3. SQL, базы данных и сети",21,SQLite: DDL и constraints,8,SQL-файл,project,ide_plugin,130,2,45
3,"Модуль 3. SQL, базы данных и сети",21,SQLite: DDL и constraints,9,Закрепление,test,quiz_single,40,2,12
3,"Модуль 3. SQL, базы данных и сети",21,SQLite: DDL и constraints,10,Контрольный артефакт,project,ide_plugin,110,2,30
3,"Модуль 3. SQL, базы данных и сети",21,SQLite: DDL и constraints,11,Итог,summary,,40,2,8
3,"Модуль 3. SQL, базы данных и сети",22,SQLite: CRUD,1,Что это,theory,,40,2,18
3,"Модуль 3. SQL, базы данных и сети",22,SQLite: CRUD,2,Минимальный пример,theory,,40,2,18
3,"Модуль 3. SQL, базы данных и сети",22,SQLite: CRUD,3,Понимание,test,quiz_single,40,2,12
3,"Модуль 3. SQL, базы данных и сети",22,SQLite: CRUD,4,Колонки,practice,sql_query,85,2,22
3,"Модуль 3. SQL, базы данных и сети",22,SQLite: CRUD,5,Фильтр,practice,sql_query,85,2,22
3,"Модуль 3. SQL, базы данных и сети",22,SQLite: CRUD,6,NULL,practice,sql_query,85,2,22
3,"Модуль 3. SQL, базы данных и сети",22,SQLite: CRUD,7,JOIN,practice,sql_query,85,2,22
3,"Модуль 3. SQL, базы данных и сети",22,SQLite: CRUD,8,SQL-файл,project,ide_plugin,130,2,45
3,"Модуль 3. SQL, базы данных и сети",22,SQLite: CRUD,9,Закрепление,test,quiz_single,40,2,12
3,"Модуль 3. SQL, базы данных и сети",22,SQLite: CRUD,10,Контрольный артефакт,project,ide_plugin,110,2,30
3,"Модуль 3. SQL, базы данных и сети",22,SQLite: CRUD,11,Итог,summary,,40,2,8
3,"Модуль 3. SQL, базы данных и сети",23,SQLite: transactions и PRAGMA,1,Что это,theory,,40,2,18
3,"Модуль 3. SQL, базы данных и сети",23,SQLite: transactions и PRAGMA,2,Минимальный пример,theory,,40,2,18
3,"Модуль 3. SQL, базы данных и сети",23,SQLite: transactions и PRAGMA,3,Понимание,test,quiz_single,40,2,12
3,"Модуль 3. SQL, базы данных и сети",23,SQLite: transactions и PRAGMA,4,Rollback,practice,sql_query,85,2,22
3,"Модуль 3. SQL, базы данных и сети",23,SQLite: transactions и PRAGMA,5,Commit,practice,sql_query,85,2,22
3,"Модуль 3. SQL, базы данных и сети",23,SQLite: transactions и PRAGMA,6,Фильтр,practice,sql_query,85,2,22
3,"Модуль 3. SQL, базы данных и сети",23,SQLite: transactions и PRAGMA,7,Агрегат,practice,sql_query,85,2,22
3,"Модуль 3. SQL, базы данных и сети",23,SQLite: transactions и PRAGMA,8,SQL-файл,project,ide_plugin,130,2,45
3,"Модуль 3. SQL, базы данных и сети",23,SQLite: transactions и PRAGMA,9,Закрепление,test,quiz_single,40,2,12
3,"Модуль 3. SQL, базы данных и сети",23,SQLite: transactions и PRAGMA,10,Контрольный артефакт,project,ide_plugin,110,2,30
3,"Модуль 3. SQL, базы данных и сети",23,SQLite: transactions и PRAGMA,11,Итог,summary,,40,2,8
3,"Модуль 3. SQL, базы данных и сети",24,sqlite3 через Python,1,Что это,theory,,40,2,18
3,"Модуль 3. SQL, базы данных и сети",24,sqlite3 через Python,2,Минимальный пример,theory,,40,2,18
3,"Модуль 3. SQL, базы данных и сети",24,sqlite3 через Python,3,Понимание,test,quiz_single,40,2,12
3,"Модуль 3. SQL, базы данных и сети",24,sqlite3 через Python,4,Колонки,practice,sql_query,85,2,22
3,"Модуль 3. SQL, базы данных и сети",24,sqlite3 через Python,5,Фильтр,practice,sql_query,85,2,22
3,"Модуль 3. SQL, базы данных и сети",24,sqlite3 через Python,6,NULL,practice,sql_query,85,2,22
3,"Модуль 3. SQL, базы данных и сети",24,sqlite3 через Python,7,JOIN,practice,sql_query,85,2,22
3,"Модуль 3. SQL, базы данных и сети",24,sqlite3 через Python,8,SQL-файл,project,ide_plugin,130,2,45
3,"Модуль 3. SQL, базы данных и сети",24,sqlite3 через Python,9,Закрепление,test,quiz_single,40,2,12
3,"Модуль 3. SQL, базы данных и сети",24,sqlite3 через Python,10,Контрольный артефакт,project,ide_plugin,110,2,30
3,"Модуль 3. SQL, базы данных и сети",24,sqlite3 через Python,11,Итог,summary,,40,2,8
3,"Модуль 3. SQL, базы данных и сети",25,SQLite repository и проекты,1,Что это,theory,,40,2,18
3,"Модуль 3. SQL, базы данных и сети",25,SQLite repository и проекты,2,Минимальный пример,theory,,40,2,18
3,"Модуль 3. SQL, базы данных и сети",25,SQLite repository и проекты,3,Понимание,test,quiz_single,40,2,12
3,"Модуль 3. SQL, базы данных и сети",25,SQLite repository и проекты,4,Колонки,practice,sql_query,85,2,22
3,"Модуль 3. SQL, базы данных и сети",25,SQLite repository и проекты,5,Фильтр,practice,sql_query,85,2,22
3,"Модуль 3. SQL, базы данных и сети",25,SQLite repository и проекты,6,NULL,practice,sql_query,85,2,22
3,"Модуль 3. SQL, базы данных и сети",25,SQLite repository и проекты,7,JOIN,practice,sql_query,85,2,22
3,"Модуль 3. SQL, базы данных и сети",25,SQLite repository и проекты,8,SQL-файл,project,ide_plugin,130,2,45
3,"Модуль 3. SQL, базы данных и сети",25,SQLite repository и проекты,9,Закрепление,test,quiz_single,40,2,12
3,"Модуль 3. SQL, базы данных и сети",25,SQLite repository и проекты,10,Контрольный артефакт,project,ide_plugin,110,2,30
3,"Модуль 3. SQL, базы данных и сети",25,SQLite repository и проекты,11,Итог,summary,,40,2,8
3,"Модуль 3. SQL, базы данных и сети",26,NoSQL: документы,1,Что это,theory,,40,2,18
3,"Модуль 3. SQL, базы данных и сети",26,NoSQL: документы,2,Минимальный пример,theory,,40,2,18
3,"Модуль 3. SQL, базы данных и сети",26,NoSQL: документы,3,Понимание,test,quiz_single,40,2,12
3,"Модуль 3. SQL, базы данных и сети",26,NoSQL: документы,4,Колонки,practice,sql_query,85,2,22
3,"Модуль 3. SQL, базы данных и сети",26,NoSQL: документы,5,Фильтр,practice,sql_query,85,2,22
3,"Модуль 3. SQL, базы данных и сети",26,NoSQL: документы,6,NULL,practice,sql_query,85,2,22
3,"Модуль 3. SQL, базы данных и сети",26,NoSQL: документы,7,JOIN,practice,sql_query,85,2,22
3,"Модуль 3. SQL, базы данных и сети",26,NoSQL: документы,8,SQL-файл,project,ide_plugin,130,2,45
3,"Модуль 3. SQL, базы данных и сети",26,NoSQL: документы,9,Закрепление,test,quiz_single,40,2,12
3,"Модуль 3. SQL, базы данных и сети",26,NoSQL: документы,10,Контрольный артефакт,project,ide_plugin,110,2,30
3,"Модуль 3. SQL, базы данных и сети",26,NoSQL: документы,11,Итог,summary,,40,2,8
3,"Модуль 3. SQL, базы данных и сети",27,Redis,1,Что это,theory,,40,2,18
3,"Модуль 3. SQL, базы данных и сети",27,Redis,2,Минимальный пример,theory,,40,2,18
3,"Модуль 3. SQL, базы данных и сети",27,Redis,3,Понимание,test,quiz_single,40,2,12
3,"Модуль 3. SQL, базы данных и сети",27,Redis,4,Cache TTL,practice,python_pytest,70,2,18
3,"Модуль 3. SQL, базы данных и сети",27,Redis,5,Inventory delta,practice,python_pytest,70,2,18
3,"Модуль 3. SQL, базы данных и сети",27,Redis,6,State transition,practice,python_pytest,70,2,18
3,"Модуль 3. SQL, базы данных и сети",27,Redis,7,CSV columns,practice,python_pytest,70,2,18
3,"Модуль 3. SQL, базы данных и сети",27,Redis,8,Priority queue,practice,python_pytest,70,2,18
3,"Модуль 3. SQL, базы данных и сети",27,Redis,9,Retry log,practice,python_pytest,70,2,18
3,"Модуль 3. SQL, базы данных и сети",27,Redis,10,Мини-проект,project,ide_plugin,120,2,45
3,"Модуль 3. SQL, базы данных и сети",27,Redis,11,Закрепление,test,quiz_single,40,2,12
3,"Модуль 3. SQL, базы данных и сети",27,Redis,12,Контрольный артефакт,project,ide_plugin,110,2,30
3,"Модуль 3. SQL, базы данных и сети",27,Redis,13,Итог,summary,,40,2,8
3,"Модуль 3. SQL, базы данных и сети",28,ClickHouse и OLAP,1,Что это,theory,,40,2,18
3,"Модуль 3. SQL, базы данных и сети",28,ClickHouse и OLAP,2,Минимальный пример,theory,,40,2,18
3,"Модуль 3. SQL, базы данных и сети",28,ClickHouse и OLAP,3,Понимание,test,quiz_single,40,2,12
3,"Модуль 3. SQL, базы данных и сети",28,ClickHouse и OLAP,4,Колонки,practice,sql_query,85,2,22
3,"Модуль 3. SQL, базы данных и сети",28,ClickHouse и OLAP,5,Фильтр,practice,sql_query,85,2,22
3,"Модуль 3. SQL, базы данных и сети",28,ClickHouse и OLAP,6,NULL,practice,sql_query,85,2,22
3,"Модуль 3. SQL, базы данных и сети",28,ClickHouse и OLAP,7,JOIN,practice,sql_query,85,2,22
3,"Модуль 3. SQL, базы данных и сети",28,ClickHouse и OLAP,8,SQL-файл,project,ide_plugin,130,2,45
3,"Модуль 3. SQL, базы данных и сети",28,ClickHouse и OLAP,9,Закрепление,test,quiz_single,40,2,12
3,"Модуль 3. SQL, базы данных и сети",28,ClickHouse и OLAP,10,Контрольный артефакт,project,ide_plugin,110,2,30
3,"Модуль 3. SQL, базы данных и сети",28,ClickHouse и OLAP,11,Итог,summary,,40,2,8
3,"Модуль 3. SQL, базы данных и сети",29,S3 и MinIO,1,Что это,theory,,40,2,18
3,"Модуль 3. SQL, базы данных и сети",29,S3 и MinIO,2,Минимальный пример,theory,,40,2,18
3,"Модуль 3. SQL, базы данных и сети",29,S3 и MinIO,3,Понимание,test,quiz_single,40,2,12
3,"Модуль 3. SQL, базы данных и сети",29,S3 и MinIO,4,State transition,practice,python_pytest,70,2,18
3,"Модуль 3. SQL, базы данных и сети",29,S3 и MinIO,5,CSV columns,practice,python_pytest,70,2,18
3,"Модуль 3. SQL, базы данных и сети",29,S3 и MinIO,6,Priority queue,practice,python_pytest,70,2,18
3,"Модуль 3. SQL, базы данных и сети",29,S3 и MinIO,7,Retry log,practice,python_pytest,70,2,18
3,"Модуль 3. SQL, базы данных и сети",29,S3 и MinIO,8,Cache TTL,practice,python_pytest,70,2,18
3,"Модуль 3. SQL, базы данных и сети",29,S3 и MinIO,9,Inventory delta,practice,python_pytest,70,2,18
3,"Модуль 3. SQL, базы данных и сети",29,S3 и MinIO,10,Мини-проект,project,ide_plugin,120,2,45
3,"Модуль 3. SQL, базы данных и сети",29,S3 и MinIO,11,Закрепление,test,quiz_single,40,2,12
3,"Модуль 3. SQL, базы данных и сети",29,S3 и MinIO,12,Контрольный артефакт,project,ide_plugin,110,2,30
3,"Модуль 3. SQL, базы данных и сети",29,S3 и MinIO,13,Итог,summary,,40,2,8
3,"Модуль 3. SQL, базы данных и сети",30,Сети: TCP и UDP,1,Что это,theory,,40,2,18
3,"Модуль 3. SQL, базы данных и сети",30,Сети: TCP и UDP,2,Минимальный пример,theory,,40,2,18
3,"Модуль 3. SQL, базы данных и сети",30,Сети: TCP и UDP,3,Понимание,test,quiz_single,40,2,12
3,"Модуль 3. SQL, базы данных и сети",30,Сети: TCP и UDP,4,CSV columns,practice,python_pytest,70,2,18
3,"Модуль 3. SQL, базы данных и сети",30,Сети: TCP и UDP,5,Priority queue,practice,python_pytest,70,2,18
3,"Модуль 3. SQL, базы данных и сети",30,Сети: TCP и UDP,6,Retry log,practice,python_pytest,70,2,18
3,"Модуль 3. SQL, базы данных и сети",30,Сети: TCP и UDP,7,Cache TTL,practice,python_pytest,70,2,18
3,"Модуль 3. SQL, базы данных и сети",30,Сети: TCP и UDP,8,Inventory delta,practice,python_pytest,70,2,18
3,"Модуль 3. SQL, базы данных и сети",30,Сети: TCP и UDP,9,State transition,practice,python_pytest,70,2,18
3,"Модуль 3. SQL, базы данных и сети",30,Сети: TCP и UDP,10,Мини-проект,project,ide_plugin,120,2,45
3,"Модуль 3. SQL, базы данных и сети",30,Сети: TCP и UDP,11,Закрепление,test,quiz_single,40,2,12
3,"Модуль 3. SQL, базы данных и сети",30,Сети: TCP и UDP,12,Контрольный артефакт,project,ide_plugin,110,2,30
3,"Модуль 3. SQL, базы данных и сети",30,Сети: TCP и UDP,13,Итог,summary,,40,2,8
3,"Модуль 3. SQL, базы данных и сети",31,HTTP и HTTPS,1,Что это,theory,,40,2,18
3,"Модуль 3. SQL, базы данных и сети",31,HTTP и HTTPS,2,Минимальный пример,theory,,40,2,18
3,"Модуль 3. SQL, базы данных и сети",31,HTTP и HTTPS,3,Понимание,test,quiz_single,40,2,12
3,"Модуль 3. SQL, базы данных и сети",31,HTTP и HTTPS,4,Priority queue,practice,python_pytest,70,2,18
3,"Модуль 3. SQL, базы данных и сети",31,HTTP и HTTPS,5,Retry log,practice,python_pytest,70,2,18
3,"Модуль 3. SQL, базы данных и сети",31,HTTP и HTTPS,6,Cache TTL,practice,python_pytest,70,2,18
3,"Модуль 3. SQL, базы данных и сети",31,HTTP и HTTPS,7,Inventory delta,practice,python_pytest,70,2,18
3,"Модуль 3. SQL, базы данных и сети",31,HTTP и HTTPS,8,State transition,practice,python_pytest,70,2,18
3,"Модуль 3. SQL, базы данных и сети",31,HTTP и HTTPS,9,CSV columns,practice,python_pytest,70,2,18
3,"Модуль 3. SQL, базы данных и сети",31,HTTP и HTTPS,10,Мини-проект,project,ide_plugin,120,2,45
3,"Модуль 3. SQL, базы данных и сети",31,HTTP и HTTPS,11,Закрепление,test,quiz_single,40,2,12
3,"Модуль 3. SQL, базы данных и сети",31,HTTP и HTTPS,12,Контрольный артефакт,project,ide_plugin,110,2,30
3,"Модуль 3. SQL, базы данных и сети",31,HTTP и HTTPS,13,Итог,summary,,40,2,8
3,"Модуль 3. SQL, базы данных и сети",32,REST и авторизация,1,Что это,theory,,40,2,18
3,"Модуль 3. SQL, базы данных и сети",32,REST и авторизация,2,Минимальный пример,theory,,40,2,18
3,"Модуль 3. SQL, базы данных и сети",32,REST и авторизация,3,Понимание,test,quiz_single,40,2,12
3,"Модуль 3. SQL, базы данных и сети",32,REST и авторизация,4,GET /users/me,practice,http_api,90,2,24
3,"Модуль 3. SQL, базы данных и сети",32,REST и авторизация,5,POST /auth/login,practice,http_api,90,2,24
3,"Модуль 3. SQL, базы данных и сети",32,REST и авторизация,6,GET /reports,practice,http_api,90,2,24
3,"Модуль 3. SQL, базы данных и сети",32,REST и авторизация,7,GET /metrics,practice,http_api,90,2,24
3,"Модуль 3. SQL, базы данных и сети",32,REST и авторизация,8,GET /health,practice,http_api,90,2,24
3,"Модуль 3. SQL, базы данных и сети",32,REST и авторизация,9,GET /tasks/{task_id},practice,http_api,90,2,24
3,"Модуль 3. SQL, базы данных и сети",32,REST и авторизация,10,API-минипроект,project,ide_plugin,140,2,50
3,"Модуль 3. SQL, базы данных и сети",32,REST и авторизация,11,Закрепление,test,quiz_single,40,2,12
3,"Модуль 3. SQL, базы данных и сети",32,REST и авторизация,12,Контрольный артефакт,project,ide_plugin,110,2,30
3,"Модуль 3. SQL, базы данных и сети",32,REST и авторизация,13,Итог,summary,,40,2,8
3,"Модуль 3. SQL, базы данных и сети",33,"SOAP, GraphQL, gRPC, WebSockets",1,Что это,theory,,40,2,18
3,"Модуль 3. SQL, базы данных и сети",33,"SOAP, GraphQL, gRPC, WebSockets",2,Минимальный пример,theory,,40,2,18
3,"Модуль 3. SQL, базы данных и сети",33,"SOAP, GraphQL, gRPC, WebSockets",3,Понимание,test,quiz_single,40,2,12
3,"Модуль 3. SQL, базы данных и сети",33,"SOAP, GraphQL, gRPC, WebSockets",4,Cache TTL,practice,python_pytest,70,2,18
3,"Модуль 3. SQL, базы данных и сети",33,"SOAP, GraphQL, gRPC, WebSockets",5,Inventory delta,practice,python_pytest,70,2,18
3,"Модуль 3. SQL, базы данных и сети",33,"SOAP, GraphQL, gRPC, WebSockets",6,State transition,practice,python_pytest,70,2,18
3,"Модуль 3. SQL, базы данных и сети",33,"SOAP, GraphQL, gRPC, WebSockets",7,CSV columns,practice,python_pytest,70,2,18
3,"Модуль 3. SQL, базы данных и сети",33,"SOAP, GraphQL, gRPC, WebSockets",8,Priority queue,practice,python_pytest,70,2,18
3,"Модуль 3. SQL, базы данных и сети",33,"SOAP, GraphQL, gRPC, WebSockets",9,Retry log,practice,python_pytest,70,2,18
3,"Модуль 3. SQL, базы данных и сети",33,"SOAP, GraphQL, gRPC, WebSockets",10,Мини-проект,project,ide_plugin,120,2,45
3,"Модуль 3. SQL, базы данных и сети",33,"SOAP, GraphQL, gRPC, WebSockets",11,Закрепление,test,quiz_single,40,2,12
3,"Модуль 3. SQL, базы данных и сети",33,"SOAP, GraphQL, gRPC, WebSockets",12,Контрольный артефакт,project,ide_plugin,110,2,30
3,"Модуль 3. SQL, базы данных и сети",33,"SOAP, GraphQL, gRPC, WebSockets",13,Итог,summary,,40,2,8
3,"Модуль 3. SQL, базы данных и сети",34,Проектирование схемы,1,Что это,theory,,40,2,18
3,"Модуль 3. SQL, базы данных и сети",34,Проектирование схемы,2,Минимальный пример,theory,,40,2,18
3,"Модуль 3. SQL, базы данных и сети",34,Проектирование схемы,3,Понимание,test,quiz_single,40,2,12
3,"Модуль 3. SQL, базы данных и сети",34,Проектирование схемы,4,Колонки,practice,sql_query,85,2,22
3,"Модуль 3. SQL, базы данных и сети",34,Проектирование схемы,5,Фильтр,practice,sql_query,85,2,22
3,"Модуль 3. SQL, базы данных и сети",34,Проектирование схемы,6,NULL,practice,sql_query,85,2,22
3,"Модуль 3. SQL, базы данных и сети",34,Проектирование схемы,7,JOIN,practice,sql_query,85,2,22
3,"Модуль 3. SQL, базы данных и сети",34,Проектирование схемы,8,SQL-файл,project,ide_plugin,130,2,45
3,"Модуль 3. SQL, базы данных и сети",34,Проектирование схемы,9,Закрепление,test,quiz_single,40,2,12
3,"Модуль 3. SQL, базы данных и сети",34,Проектирование схемы,10,Контрольный артефакт,project,ide_plugin,110,2,30
3,"Модуль 3. SQL, базы данных и сети",34,Проектирование схемы,11,Итог,summary,,40,2,8
3,"Модуль 3. SQL, базы данных и сети",35,Индексы и EXPLAIN,1,Что это,theory,,40,2,18
3,"Модуль 3. SQL, базы данных и сети",35,Индексы и EXPLAIN,2,Минимальный пример,theory,,40,2,18
3,"Модуль 3. SQL, базы данных и сети",35,Индексы и EXPLAIN,3,Понимание,test,quiz_single,40,2,12
3,"Модуль 3. SQL, базы данных и сети",35,Индексы и EXPLAIN,4,Explain,practice,sql_query,85,2,22
3,"Модуль 3. SQL, базы данных и сети",35,Индексы и EXPLAIN,5,Фильтр,practice,sql_query,85,2,22
3,"Модуль 3. SQL, базы данных и сети",35,Индексы и EXPLAIN,6,JOIN,practice,sql_query,85,2,22
3,"Модуль 3. SQL, базы данных и сети",35,Индексы и EXPLAIN,7,Агрегат,practice,sql_query,85,2,22
3,"Модуль 3. SQL, базы данных и сети",35,Индексы и EXPLAIN,8,SQL-файл,project,ide_plugin,130,2,45
3,"Модуль 3. SQL, базы данных и сети",35,Индексы и EXPLAIN,9,Закрепление,test,quiz_single,40,2,12
3,"Модуль 3. SQL, базы данных и сети",35,Индексы и EXPLAIN,10,Контрольный артефакт,project,ide_plugin,110,2,30
3,"Модуль 3. SQL, базы данных и сети",35,Индексы и EXPLAIN,11,Итог,summary,,40,2,8
3,"Модуль 3. SQL, базы данных и сети",36,Экзамен 3,1,Что это,theory,,40,2,18
3,"Модуль 3. SQL, базы данных и сети",36,Экзамен 3,2,Минимальный пример,theory,,40,2,18
3,"Модуль 3. SQL, базы данных и сети",36,Экзамен 3,3,Понимание,test,quiz_single,40,2,12
3,"Модуль 3. SQL, базы данных и сети",36,Экзамен 3,4,Колонки,practice,sql_query,85,2,22
3,"Модуль 3. SQL, базы данных и сети",36,Экзамен 3,5,Фильтр,practice,sql_query,85,2,22
3,"Модуль 3. SQL, базы данных и сети",36,Экзамен 3,6,NULL,practice,sql_query,85,2,22
3,"Модуль 3. SQL, базы данных и сети",36,Экзамен 3,7,JOIN,practice,sql_query,85,2,22
3,"Модуль 3. SQL, базы данных и сети",36,Экзамен 3,8,SQL-файл,project,ide_plugin,130,2,45
3,"Модуль 3. SQL, базы данных и сети",36,Экзамен 3,9,Закрепление,test,quiz_single,40,2,12
3,"Модуль 3. SQL, базы данных и сети",36,Экзамен 3,10,Контрольный артефакт,project,ide_plugin,110,2,30
3,"Модуль 3. SQL, базы данных и сети",36,Экзамен 3,11,Итог,summary,,40,2,8
4,"Модуль 4. FastAPI, инфраструктура и тестирование",1,FastAPI: первый API,1,Что такое API,theory,,40,2,18
4,"Модуль 4. FastAPI, инфраструктура и тестирование",1,FastAPI: первый API,2,Endpoint и ответ,theory,,40,2,18
4,"Модуль 4. FastAPI, инфраструктура и тестирование",1,FastAPI: первый API,3,Понимание,test,quiz_single,40,2,12
4,"Модуль 4. FastAPI, инфраструктура и тестирование",1,FastAPI: первый API,4,GET /health,practice,http_api,70,2,16
4,"Модуль 4. FastAPI, инфраструктура и тестирование",1,FastAPI: первый API,5,GET /hello,practice,http_api,90,2,24
4,"Модуль 4. FastAPI, инфраструктура и тестирование",1,FastAPI: первый API,6,GET /version,practice,http_api,90,2,24
4,"Модуль 4. FastAPI, инфраструктура и тестирование",1,FastAPI: первый API,7,GET /ready,practice,http_api,90,2,24
4,"Модуль 4. FastAPI, инфраструктура и тестирование",1,FastAPI: первый API,8,GET /about,practice,http_api,90,2,24
4,"Модуль 4. FastAPI, инфраструктура и тестирование",1,FastAPI: первый API,9,GET /ping,practice,http_api,90,2,24
4,"Модуль 4. FastAPI, инфраструктура и тестирование",1,FastAPI: первый API,10,Мини-проект,project,ide_plugin,140,2,50
4,"Модуль 4. FastAPI, инфраструктура и тестирование",1,FastAPI: первый API,11,Понимание,test,quiz_single,40,2,12
4,"Модуль 4. FastAPI, инфраструктура и тестирование",1,FastAPI: первый API,12,Мини-проект,project,ide_plugin,110,2,30
4,"Модуль 4. FastAPI, инфраструктура и тестирование",1,FastAPI: первый API,13,Короткий итог,summary,,40,2,8
4,"Модуль 4. FastAPI, инфраструктура и тестирование",2,FastAPI: GET route,1,GET route,theory,,40,2,18
4,"Модуль 4. FastAPI, инфраструктура и тестирование",2,FastAPI: GET route,2,JSON-массив,theory,,40,2,18
4,"Модуль 4. FastAPI, инфраструктура и тестирование",2,FastAPI: GET route,3,Понимание,test,quiz_single,40,2,12
4,"Модуль 4. FastAPI, инфраструктура и тестирование",2,FastAPI: GET route,4,GET /tasks,practice,http_api,90,2,24
4,"Модуль 4. FastAPI, инфраструктура и тестирование",2,FastAPI: GET route,5,GET /status,practice,http_api,90,2,24
4,"Модуль 4. FastAPI, инфраструктура и тестирование",2,FastAPI: GET route,6,GET /tasks/empty,practice,http_api,90,2,24
4,"Модуль 4. FastAPI, инфраструктура и тестирование",2,FastAPI: GET route,7,GET /profile,practice,http_api,90,2,24
4,"Модуль 4. FastAPI, инфраструктура и тестирование",2,FastAPI: GET route,8,GET /config,practice,http_api,90,2,24
4,"Модуль 4. FastAPI, инфраструктура и тестирование",2,FastAPI: GET route,9,GET /features,practice,http_api,90,2,24
4,"Модуль 4. FastAPI, инфраструктура и тестирование",2,FastAPI: GET route,10,Мини-проект,project,ide_plugin,140,2,50
4,"Модуль 4. FastAPI, инфраструктура и тестирование",2,FastAPI: GET route,11,Понимание,test,quiz_single,40,2,12
4,"Модуль 4. FastAPI, инфраструктура и тестирование",2,FastAPI: GET route,12,Мини-проект,project,ide_plugin,110,2,30
4,"Модуль 4. FastAPI, инфраструктура и тестирование",2,FastAPI: GET route,13,Короткий итог,summary,,40,2,8
4,"Модуль 4. FastAPI, инфраструктура и тестирование",3,FastAPI: path params,1,Path params,theory,,40,2,18
4,"Модуль 4. FastAPI, инфраструктура и тестирование",3,FastAPI: path params,2,Граница path params,theory,,40,2,18
4,"Модуль 4. FastAPI, инфраструктура и тестирование",3,FastAPI: path params,3,Понимание,test,quiz_single,40,2,12
4,"Модуль 4. FastAPI, инфраструктура и тестирование",3,FastAPI: path params,4,GET /tasks/{task_id},practice,http_api,90,2,24
4,"Модуль 4. FastAPI, инфраструктура и тестирование",3,FastAPI: path params,5,GET /users/{username},practice,http_api,90,2,24
4,"Модуль 4. FastAPI, инфраструктура и тестирование",3,FastAPI: path params,6,GET /projects/{project_id}/tasks,practice,http_api,90,2,24
4,"Модуль 4. FastAPI, инфраструктура и тестирование",3,FastAPI: path params,7,GET /orders/{order_id},practice,http_api,90,2,24
4,"Модуль 4. FastAPI, инфраструктура и тестирование",3,FastAPI: path params,8,GET /teams/{team}/members,practice,http_api,90,2,24
4,"Модуль 4. FastAPI, инфраструктура и тестирование",3,FastAPI: path params,9,GET /files/{file_id},practice,http_api,90,2,24
4,"Модуль 4. FastAPI, инфраструктура и тестирование",3,FastAPI: path params,10,Мини-проект,project,ide_plugin,140,2,50
4,"Модуль 4. FastAPI, инфраструктура и тестирование",3,FastAPI: path params,11,Понимание,test,quiz_single,40,2,12
4,"Модуль 4. FastAPI, инфраструктура и тестирование",3,FastAPI: path params,12,Мини-проект,project,ide_plugin,110,2,30
4,"Модуль 4. FastAPI, инфраструктура и тестирование",3,FastAPI: path params,13,Короткий итог,summary,,40,2,8
4,"Модуль 4. FastAPI, инфраструктура и тестирование",4,FastAPI: query params,1,Query params,theory,,40,2,18
4,"Модуль 4. FastAPI, инфраструктура и тестирование",4,FastAPI: query params,2,Фильтрация и limit,theory,,40,2,18
4,"Модуль 4. FastAPI, инфраструктура и тестирование",4,FastAPI: query params,3,Понимание,test,quiz_single,40,2,12
4,"Модуль 4. FastAPI, инфраструктура и тестирование",4,FastAPI: query params,4,GET /tasks?done,practice,http_api,90,2,24
4,"Модуль 4. FastAPI, инфраструктура и тестирование",4,FastAPI: query params,5,GET /search?q,practice,http_api,90,2,24
4,"Модуль 4. FastAPI, инфраструктура и тестирование",4,FastAPI: query params,6,GET /items?limit,practice,http_api,90,2,24
4,"Модуль 4. FastAPI, инфраструктура и тестирование",4,FastAPI: query params,7,GET /reports?kind,practice,http_api,90,2,24
4,"Модуль 4. FastAPI, инфраструктура и тестирование",4,FastAPI: query params,8,GET /users?active,practice,http_api,90,2,24
4,"Модуль 4. FastAPI, инфраструктура и тестирование",4,FastAPI: query params,9,GET /page,practice,http_api,90,2,24
4,"Модуль 4. FastAPI, инфраструктура и тестирование",4,FastAPI: query params,10,Мини-проект,project,ide_plugin,140,2,50
4,"Модуль 4. FastAPI, инфраструктура и тестирование",4,FastAPI: query params,11,Понимание,test,quiz_single,40,2,12
4,"Модуль 4. FastAPI, инфраструктура и тестирование",4,FastAPI: query params,12,Мини-проект,project,ide_plugin,110,2,30
4,"Модуль 4. FastAPI, инфраструктура и тестирование",4,FastAPI: query params,13,Короткий итог,summary,,40,2,8
4,"Модуль 4. FastAPI, инфраструктура и тестирование",5,FastAPI: request body,1,Request body,theory,,40,2,18
4,"Модуль 4. FastAPI, инфраструктура и тестирование",5,FastAPI: request body,2,Создание объекта,theory,,40,2,18
4,"Модуль 4. FastAPI, инфраструктура и тестирование",5,FastAPI: request body,3,Понимание,test,quiz_single,40,2,12
4,"Модуль 4. FastAPI, инфраструктура и тестирование",5,FastAPI: request body,4,POST /tasks,practice,http_api,90,2,24
4,"Модуль 4. FastAPI, инфраструктура и тестирование",5,FastAPI: request body,5,POST /notes,practice,http_api,90,2,24
4,"Модуль 4. FastAPI, инфраструктура и тестирование",5,FastAPI: request body,6,POST /feedback,practice,http_api,90,2,24
4,"Модуль 4. FastAPI, инфраструктура и тестирование",5,FastAPI: request body,7,POST /tasks/debug,practice,http_api,90,2,24
4,"Модуль 4. FastAPI, инфраструктура и тестирование",5,FastAPI: request body,8,POST /contacts,practice,http_api,90,2,24
4,"Модуль 4. FastAPI, инфраструктура и тестирование",5,FastAPI: request body,9,POST /events,practice,http_api,90,2,24
4,"Модуль 4. FastAPI, инфраструктура и тестирование",5,FastAPI: request body,10,Мини-проект,project,ide_plugin,140,2,50
4,"Модуль 4. FastAPI, инфраструктура и тестирование",5,FastAPI: request body,11,Понимание,test,quiz_single,40,2,12
4,"Модуль 4. FastAPI, инфраструктура и тестирование",5,FastAPI: request body,12,Мини-проект,project,ide_plugin,110,2,30
4,"Модуль 4. FastAPI, инфраструктура и тестирование",5,FastAPI: request body,13,Короткий итог,summary,,40,2,8
4,"Модуль 4. FastAPI, инфраструктура и тестирование",6,Pydantic models,1,Модель данных,theory,,40,2,18
4,"Модуль 4. FastAPI, инфраструктура и тестирование",6,Pydantic models,2,Вложенные поля,theory,,40,2,18
4,"Модуль 4. FastAPI, инфраструктура и тестирование",6,Pydantic models,3,Понимание,test,quiz_single,40,2,12
4,"Модуль 4. FastAPI, инфраструктура и тестирование",6,Pydantic models,4,POST /tasks/validated,practice,http_api,90,2,24
4,"Модуль 4. FastAPI, инфраструктура и тестирование",6,Pydantic models,5,POST /priorities,practice,http_api,90,2,24
4,"Модуль 4. FastAPI, инфраструктура и тестирование",6,Pydantic models,6,POST /tags,practice,http_api,90,2,24
4,"Модуль 4. FastAPI, инфраструктура и тестирование",6,Pydantic models,7,POST /settings,practice,http_api,90,2,24
4,"Модуль 4. FastAPI, инфраструктура и тестирование",6,Pydantic models,8,POST /users/validate,practice,http_api,90,2,24
4,"Модуль 4. FastAPI, инфраструктура и тестирование",6,Pydantic models,9,POST /interval,practice,http_api,90,2,24
4,"Модуль 4. FastAPI, инфраструктура и тестирование",6,Pydantic models,10,Мини-проект,project,ide_plugin,140,2,50
4,"Модуль 4. FastAPI, инфраструктура и тестирование",6,Pydantic models,11,Понимание,test,quiz_single,40,2,12
4,"Модуль 4. FastAPI, инфраструктура и тестирование",6,Pydantic models,12,Мини-проект,project,ide_plugin,110,2,30
4,"Модуль 4. FastAPI, инфраструктура и тестирование",6,Pydantic models,13,Короткий итог,summary,,40,2,8
4,"Модуль 4. FastAPI, инфраструктура и тестирование",7,response_model и status codes,1,response_model,theory,,40,2,18
4,"Модуль 4. FastAPI, инфраструктура и тестирование",7,response_model и status codes,2,Статусы,theory,,40,2,18
4,"Модуль 4. FastAPI, инфраструктура и тестирование",7,response_model и status codes,3,Понимание,test,quiz_single,40,2,12
4,"Модуль 4. FastAPI, инфраструктура и тестирование",7,response_model и status codes,4,GET /tasks/{task_id},practice,http_api,90,2,24
4,"Модуль 4. FastAPI, инфраструктура и тестирование",7,response_model и status codes,5,POST /tasks,practice,http_api,90,2,24
4,"Модуль 4. FastAPI, инфраструктура и тестирование",7,response_model и status codes,6,DELETE /tasks/{task_id},practice,http_api,90,2,24
4,"Модуль 4. FastAPI, инфраструктура и тестирование",7,response_model и status codes,7,GET /reports,practice,http_api,90,2,24
4,"Модуль 4. FastAPI, инфраструктура и тестирование",7,response_model и status codes,8,GET /created-preview,practice,http_api,90,2,24
4,"Модуль 4. FastAPI, инфраструктура и тестирование",7,response_model и status codes,9,POST /comments,practice,http_api,90,2,24
4,"Модуль 4. FastAPI, инфраструктура и тестирование",7,response_model и status codes,10,Мини-проект,project,ide_plugin,140,2,50
4,"Модуль 4. FastAPI, инфраструктура и тестирование",7,response_model и status codes,11,Понимание,test,quiz_single,40,2,12
4,"Модуль 4. FastAPI, инфраструктура и тестирование",7,response_model и status codes,12,Мини-проект,project,ide_plugin,110,2,30
4,"Модуль 4. FastAPI, инфраструктура и тестирование",7,response_model и status codes,13,Короткий итог,summary,,40,2,8
4,"Модуль 4. FastAPI, инфраструктура и тестирование",8,HTTPException,1,Ошибки API,theory,,40,2,18
4,"Модуль 4. FastAPI, инфраструктура и тестирование",8,HTTPException,2,"400, 404, 422",theory,,40,2,18
4,"Модуль 4. FastAPI, инфраструктура и тестирование",8,HTTPException,3,Понимание,test,quiz_single,40,2,12
4,"Модуль 4. FastAPI, инфраструктура и тестирование",8,HTTPException,4,GET /tasks/{task_id},practice,http_api,90,2,24
4,"Модуль 4. FastAPI, инфраструктура и тестирование",8,HTTPException,5,GET /items,practice,http_api,90,2,24
4,"Модуль 4. FastAPI, инфраструктура и тестирование",8,HTTPException,6,GET /users/{username},practice,http_api,90,2,24
4,"Модуль 4. FastAPI, инфраструктура и тестирование",8,HTTPException,7,POST /tasks/strict,practice,http_api,90,2,24
4,"Модуль 4. FastAPI, инфраструктура и тестирование",8,HTTPException,8,GET /files/{file_id},practice,http_api,90,2,24
4,"Модуль 4. FastAPI, инфраструктура и тестирование",8,HTTPException,9,GET /quota,practice,http_api,90,2,24
4,"Модуль 4. FastAPI, инфраструктура и тестирование",8,HTTPException,10,Мини-проект,project,ide_plugin,140,2,50
4,"Модуль 4. FastAPI, инфраструктура и тестирование",8,HTTPException,11,Понимание,test,quiz_single,40,2,12
4,"Модуль 4. FastAPI, инфраструктура и тестирование",8,HTTPException,12,Мини-проект,project,ide_plugin,110,2,30
4,"Модуль 4. FastAPI, инфраструктура и тестирование",8,HTTPException,13,Короткий итог,summary,,40,2,8
4,"Модуль 4. FastAPI, инфраструктура и тестирование",9,Routers,1,Что это,theory,,40,2,18
4,"Модуль 4. FastAPI, инфраструктура и тестирование",9,Routers,2,Минимальный пример,theory,,40,2,18
4,"Модуль 4. FastAPI, инфраструктура и тестирование",9,Routers,3,Понимание,test,quiz_single,40,2,12
4,"Модуль 4. FastAPI, инфраструктура и тестирование",9,Routers,4,POST /tasks,practice,http_api,90,2,24
4,"Модуль 4. FastAPI, инфраструктура и тестирование",9,Routers,5,PATCH /tasks/{task_id},practice,http_api,90,2,24
4,"Модуль 4. FastAPI, инфраструктура и тестирование",9,Routers,6,DELETE /tasks/{task_id},practice,http_api,90,2,24
4,"Модуль 4. FastAPI, инфраструктура и тестирование",9,Routers,7,GET /users/me,practice,http_api,90,2,24
4,"Модуль 4. FastAPI, инфраструктура и тестирование",9,Routers,8,POST /auth/login,practice,http_api,90,2,24
4,"Модуль 4. FastAPI, инфраструктура и тестирование",9,Routers,9,GET /reports,practice,http_api,90,2,24
4,"Модуль 4. FastAPI, инфраструктура и тестирование",9,Routers,10,API-минипроект,project,ide_plugin,140,2,50
4,"Модуль 4. FastAPI, инфраструктура и тестирование",9,Routers,11,Закрепление,test,quiz_single,40,2,12
4,"Модуль 4. FastAPI, инфраструктура и тестирование",9,Routers,12,Контрольный артефакт,project,ide_plugin,110,2,30
4,"Модуль 4. FastAPI, инфраструктура и тестирование",9,Routers,13,Итог,summary,,40,2,8
4,"Модуль 4. FastAPI, инфраструктура и тестирование",10,Depends и settings,1,Что это,theory,,40,2,18
4,"Модуль 4. FastAPI, инфраструктура и тестирование",10,Depends и settings,2,Минимальный пример,theory,,40,2,18
4,"Модуль 4. FastAPI, инфраструктура и тестирование",10,Depends и settings,3,Понимание,test,quiz_single,40,2,12
4,"Модуль 4. FastAPI, инфраструктура и тестирование",10,Depends и settings,4,DELETE /tasks/{task_id},practice,http_api,90,2,24
4,"Модуль 4. FastAPI, инфраструктура и тестирование",10,Depends и settings,5,GET /users/me,practice,http_api,90,2,24
4,"Модуль 4. FastAPI, инфраструктура и тестирование",10,Depends и settings,6,POST /auth/login,practice,http_api,90,2,24
4,"Модуль 4. FastAPI, инфраструктура и тестирование",10,Depends и settings,7,GET /reports,practice,http_api,90,2,24
4,"Модуль 4. FastAPI, инфраструктура и тестирование",10,Depends и settings,8,GET /metrics,practice,http_api,90,2,24
4,"Модуль 4. FastAPI, инфраструктура и тестирование",10,Depends и settings,9,GET /health,practice,http_api,90,2,24
4,"Модуль 4. FastAPI, инфраструктура и тестирование",10,Depends и settings,10,API-минипроект,project,ide_plugin,140,2,50
4,"Модуль 4. FastAPI, инфраструктура и тестирование",10,Depends и settings,11,Закрепление,test,quiz_single,40,2,12
4,"Модуль 4. FastAPI, инфраструктура и тестирование",10,Depends и settings,12,Контрольный артефакт,project,ide_plugin,110,2,30
4,"Модуль 4. FastAPI, инфраструктура и тестирование",10,Depends и settings,13,Итог,summary,,40,2,8
4,"Модуль 4. FastAPI, инфраструктура и тестирование",11,Middleware и logging,1,Что это,theory,,40,2,18
4,"Модуль 4. FastAPI, инфраструктура и тестирование",11,Middleware и logging,2,Минимальный пример,theory,,40,2,18
4,"Модуль 4. FastAPI, инфраструктура и тестирование",11,Middleware и logging,3,Понимание,test,quiz_single,40,2,12
4,"Модуль 4. FastAPI, инфраструктура и тестирование",11,Middleware и logging,4,GET /reports,practice,http_api,90,2,24
4,"Модуль 4. FastAPI, инфраструктура и тестирование",11,Middleware и logging,5,GET /metrics,practice,http_api,90,2,24
4,"Модуль 4. FastAPI, инфраструктура и тестирование",11,Middleware и logging,6,GET /health,practice,http_api,90,2,24
4,"Модуль 4. FastAPI, инфраструктура и тестирование",11,Middleware и logging,7,GET /tasks/{task_id},practice,http_api,90,2,24
4,"Модуль 4. FastAPI, инфраструктура и тестирование",11,Middleware и logging,8,GET /tasks,practice,http_api,90,2,24
4,"Модуль 4. FastAPI, инфраструктура и тестирование",11,Middleware и logging,9,POST /tasks,practice,http_api,90,2,24
4,"Модуль 4. FastAPI, инфраструктура и тестирование",11,Middleware и logging,10,API-минипроект,project,ide_plugin,140,2,50
4,"Модуль 4. FastAPI, инфраструктура и тестирование",11,Middleware и logging,11,Закрепление,test,quiz_single,40,2,12
4,"Модуль 4. FastAPI, инфраструктура и тестирование",11,Middleware и logging,12,Контрольный артефакт,project,ide_plugin,110,2,30
4,"Модуль 4. FastAPI, инфраструктура и тестирование",11,Middleware и logging,13,Итог,summary,,40,2,8
4,"Модуль 4. FastAPI, инфраструктура и тестирование",12,Healthcheck,1,Что это,theory,,40,2,18
4,"Модуль 4. FastAPI, инфраструктура и тестирование",12,Healthcheck,2,Минимальный пример,theory,,40,2,18
4,"Модуль 4. FastAPI, инфраструктура и тестирование",12,Healthcheck,3,Понимание,test,quiz_single,40,2,12
4,"Модуль 4. FastAPI, инфраструктура и тестирование",12,Healthcheck,4,DELETE /tasks/{task_id},practice,http_api,90,2,24
4,"Модуль 4. FastAPI, инфраструктура и тестирование",12,Healthcheck,5,GET /users/me,practice,http_api,90,2,24
4,"Модуль 4. FastAPI, инфраструктура и тестирование",12,Healthcheck,6,POST /auth/login,practice,http_api,90,2,24
4,"Модуль 4. FastAPI, инфраструктура и тестирование",12,Healthcheck,7,GET /reports,practice,http_api,90,2,24
4,"Модуль 4. FastAPI, инфраструктура и тестирование",12,Healthcheck,8,GET /metrics,practice,http_api,90,2,24
4,"Модуль 4. FastAPI, инфраструктура и тестирование",12,Healthcheck,9,GET /health,practice,http_api,90,2,24
4,"Модуль 4. FastAPI, инфраструктура и тестирование",12,Healthcheck,10,API-минипроект,project,ide_plugin,140,2,50
4,"Модуль 4. FastAPI, инфраструктура и тестирование",12,Healthcheck,11,Закрепление,test,quiz_single,40,2,12
4,"Модуль 4. FastAPI, инфраструктура и тестирование",12,Healthcheck,12,Контрольный артефакт,project,ide_plugin,110,2,30
4,"Модуль 4. FastAPI, инфраструктура и тестирование",12,Healthcheck,13,Итог,summary,,40,2,8
4,"Модуль 4. FastAPI, инфраструктура и тестирование",13,Auth JWT,1,Что это,theory,,40,2,18
4,"Модуль 4. FastAPI, инфраструктура и тестирование",13,Auth JWT,2,Минимальный пример,theory,,40,2,18
4,"Модуль 4. FastAPI, инфраструктура и тестирование",13,Auth JWT,3,Понимание,test,quiz_single,40,2,12
4,"Модуль 4. FastAPI, инфраструктура и тестирование",13,Auth JWT,4,GET /reports,practice,http_api,90,2,24
4,"Модуль 4. FastAPI, инфраструктура и тестирование",13,Auth JWT,5,GET /metrics,practice,http_api,90,2,24
4,"Модуль 4. FastAPI, инфраструктура и тестирование",13,Auth JWT,6,GET /health,practice,http_api,90,2,24
4,"Модуль 4. FastAPI, инфраструктура и тестирование",13,Auth JWT,7,GET /tasks/{task_id},practice,http_api,90,2,24
4,"Модуль 4. FastAPI, инфраструктура и тестирование",13,Auth JWT,8,GET /tasks,practice,http_api,90,2,24
4,"Модуль 4. FastAPI, инфраструктура и тестирование",13,Auth JWT,9,POST /tasks,practice,http_api,90,2,24
4,"Модуль 4. FastAPI, инфраструктура и тестирование",13,Auth JWT,10,API-минипроект,project,ide_plugin,140,2,50
4,"Модуль 4. FastAPI, инфраструктура и тестирование",13,Auth JWT,11,Закрепление,test,quiz_single,40,2,12
4,"Модуль 4. FastAPI, инфраструктура и тестирование",13,Auth JWT,12,Контрольный артефакт,project,ide_plugin,110,2,30
4,"Модуль 4. FastAPI, инфраструктура и тестирование",13,Auth JWT,13,Итог,summary,,40,2,8
4,"Модуль 4. FastAPI, инфраструктура и тестирование",14,Refresh tokens,1,Что это,theory,,40,2,18
4,"Модуль 4. FastAPI, инфраструктура и тестирование",14,Refresh tokens,2,Минимальный пример,theory,,40,2,18
4,"Модуль 4. FastAPI, инфраструктура и тестирование",14,Refresh tokens,3,Понимание,test,quiz_single,40,2,12
4,"Модуль 4. FastAPI, инфраструктура и тестирование",14,Refresh tokens,4,GET /tasks,practice,http_api,90,2,24
4,"Модуль 4. FastAPI, инфраструктура и тестирование",14,Refresh tokens,5,POST /tasks,practice,http_api,90,2,24
4,"Модуль 4. FastAPI, инфраструктура и тестирование",14,Refresh tokens,6,PATCH /tasks/{task_id},practice,http_api,90,2,24
4,"Модуль 4. FastAPI, инфраструктура и тестирование",14,Refresh tokens,7,DELETE /tasks/{task_id},practice,http_api,90,2,24
4,"Модуль 4. FastAPI, инфраструктура и тестирование",14,Refresh tokens,8,GET /users/me,practice,http_api,90,2,24
4,"Модуль 4. FastAPI, инфраструктура и тестирование",14,Refresh tokens,9,POST /auth/login,practice,http_api,90,2,24
4,"Модуль 4. FastAPI, инфраструктура и тестирование",14,Refresh tokens,10,API-минипроект,project,ide_plugin,140,2,50
4,"Модуль 4. FastAPI, инфраструктура и тестирование",14,Refresh tokens,11,Закрепление,test,quiz_single,40,2,12
4,"Модуль 4. FastAPI, инфраструктура и тестирование",14,Refresh tokens,12,Контрольный артефакт,project,ide_plugin,110,2,30
4,"Модуль 4. FastAPI, инфраструктура и тестирование",14,Refresh tokens,13,Итог,summary,,40,2,8
4,"Модуль 4. FastAPI, инфраструктура и тестирование",15,Database session,1,Что это,theory,,40,2,18
4,"Модуль 4. FastAPI, инфраструктура и тестирование",15,Database session,2,Минимальный пример,theory,,40,2,18
4,"Модуль 4. FastAPI, инфраструктура и тестирование",15,Database session,3,Понимание,test,quiz_single,40,2,12
4,"Модуль 4. FastAPI, инфраструктура и тестирование",15,Database session,4,Колонки,practice,sql_query,85,2,22
4,"Модуль 4. FastAPI, инфраструктура и тестирование",15,Database session,5,Фильтр,practice,sql_query,85,2,22
4,"Модуль 4. FastAPI, инфраструктура и тестирование",15,Database session,6,NULL,practice,sql_query,85,2,22
4,"Модуль 4. FastAPI, инфраструктура и тестирование",15,Database session,7,JOIN,practice,sql_query,85,2,22
4,"Модуль 4. FastAPI, инфраструктура и тестирование",15,Database session,8,SQL-файл,project,ide_plugin,130,2,45
4,"Модуль 4. FastAPI, инфраструктура и тестирование",15,Database session,9,Закрепление,test,quiz_single,40,2,12
4,"Модуль 4. FastAPI, инфраструктура и тестирование",15,Database session,10,Контрольный артефакт,project,ide_plugin,110,2,30
4,"Модуль 4. FastAPI, инфраструктура и тестирование",15,Database session,11,Итог,summary,,40,2,8
4,"Модуль 4. FastAPI, инфраструктура и тестирование",16,SQLAlchemy engine/session,1,Что это,theory,,40,2,18
4,"Модуль 4. FastAPI, инфраструктура и тестирование",16,SQLAlchemy engine/session,2,Минимальный пример,theory,,40,2,18
4,"Модуль 4. FastAPI, инфраструктура и тестирование",16,SQLAlchemy engine/session,3,Понимание,test,quiz_single,40,2,12
4,"Модуль 4. FastAPI, инфраструктура и тестирование",16,SQLAlchemy engine/session,4,Колонки,practice,sql_query,85,2,22
4,"Модуль 4. FastAPI, инфраструктура и тестирование",16,SQLAlchemy engine/session,5,Фильтр,practice,sql_query,85,2,22
4,"Модуль 4. FastAPI, инфраструктура и тестирование",16,SQLAlchemy engine/session,6,NULL,practice,sql_query,85,2,22
4,"Модуль 4. FastAPI, инфраструктура и тестирование",16,SQLAlchemy engine/session,7,JOIN,practice,sql_query,85,2,22
4,"Модуль 4. FastAPI, инфраструктура и тестирование",16,SQLAlchemy engine/session,8,SQL-файл,project,ide_plugin,130,2,45
4,"Модуль 4. FastAPI, инфраструктура и тестирование",16,SQLAlchemy engine/session,9,Закрепление,test,quiz_single,40,2,12
4,"Модуль 4. FastAPI, инфраструктура и тестирование",16,SQLAlchemy engine/session,10,Контрольный артефакт,project,ide_plugin,110,2,30
4,"Модуль 4. FastAPI, инфраструктура и тестирование",16,SQLAlchemy engine/session,11,Итог,summary,,40,2,8
4,"Модуль 4. FastAPI, инфраструктура и тестирование",17,SQLAlchemy models,1,Что это,theory,,40,2,18
4,"Модуль 4. FastAPI, инфраструктура и тестирование",17,SQLAlchemy models,2,Минимальный пример,theory,,40,2,18
4,"Модуль 4. FastAPI, инфраструктура и тестирование",17,SQLAlchemy models,3,Понимание,test,quiz_single,40,2,12
4,"Модуль 4. FastAPI, инфраструктура и тестирование",17,SQLAlchemy models,4,Колонки,practice,sql_query,85,2,22
4,"Модуль 4. FastAPI, инфраструктура и тестирование",17,SQLAlchemy models,5,Фильтр,practice,sql_query,85,2,22
4,"Модуль 4. FastAPI, инфраструктура и тестирование",17,SQLAlchemy models,6,NULL,practice,sql_query,85,2,22
4,"Модуль 4. FastAPI, инфраструктура и тестирование",17,SQLAlchemy models,7,JOIN,practice,sql_query,85,2,22
4,"Модуль 4. FastAPI, инфраструктура и тестирование",17,SQLAlchemy models,8,SQL-файл,project,ide_plugin,130,2,45
4,"Модуль 4. FastAPI, инфраструктура и тестирование",17,SQLAlchemy models,9,Закрепление,test,quiz_single,40,2,12
4,"Модуль 4. FastAPI, инфраструктура и тестирование",17,SQLAlchemy models,10,Контрольный артефакт,project,ide_plugin,110,2,30
4,"Модуль 4. FastAPI, инфраструктура и тестирование",17,SQLAlchemy models,11,Итог,summary,,40,2,8
4,"Модуль 4. FastAPI, инфраструктура и тестирование",18,SQLAlchemy relationships,1,Что это,theory,,40,2,18
4,"Модуль 4. FastAPI, инфраструктура и тестирование",18,SQLAlchemy relationships,2,Минимальный пример,theory,,40,2,18
4,"Модуль 4. FastAPI, инфраструктура и тестирование",18,SQLAlchemy relationships,3,Понимание,test,quiz_single,40,2,12
4,"Модуль 4. FastAPI, инфраструктура и тестирование",18,SQLAlchemy relationships,4,Колонки,practice,sql_query,85,2,22
4,"Модуль 4. FastAPI, инфраструктура и тестирование",18,SQLAlchemy relationships,5,Фильтр,practice,sql_query,85,2,22
4,"Модуль 4. FastAPI, инфраструктура и тестирование",18,SQLAlchemy relationships,6,NULL,practice,sql_query,85,2,22
4,"Модуль 4. FastAPI, инфраструктура и тестирование",18,SQLAlchemy relationships,7,JOIN,practice,sql_query,85,2,22
4,"Модуль 4. FastAPI, инфраструктура и тестирование",18,SQLAlchemy relationships,8,SQL-файл,project,ide_plugin,130,2,45
4,"Модуль 4. FastAPI, инфраструктура и тестирование",18,SQLAlchemy relationships,9,Закрепление,test,quiz_single,40,2,12
4,"Модуль 4. FastAPI, инфраструктура и тестирование",18,SQLAlchemy relationships,10,Контрольный артефакт,project,ide_plugin,110,2,30
4,"Модуль 4. FastAPI, инфраструктура и тестирование",18,SQLAlchemy relationships,11,Итог,summary,,40,2,8
4,"Модуль 4. FastAPI, инфраструктура и тестирование",19,SQLAlchemy transactions,1,Что это,theory,,40,2,18
4,"Модуль 4. FastAPI, инфраструктура и тестирование",19,SQLAlchemy transactions,2,Минимальный пример,theory,,40,2,18
4,"Модуль 4. FastAPI, инфраструктура и тестирование",19,SQLAlchemy transactions,3,Понимание,test,quiz_single,40,2,12
4,"Модуль 4. FastAPI, инфраструктура и тестирование",19,SQLAlchemy transactions,4,Rollback,practice,sql_query,85,2,22
4,"Модуль 4. FastAPI, инфраструктура и тестирование",19,SQLAlchemy transactions,5,Commit,practice,sql_query,85,2,22
4,"Модуль 4. FastAPI, инфраструктура и тестирование",19,SQLAlchemy transactions,6,Фильтр,practice,sql_query,85,2,22
4,"Модуль 4. FastAPI, инфраструктура и тестирование",19,SQLAlchemy transactions,7,Агрегат,practice,sql_query,85,2,22
4,"Модуль 4. FastAPI, инфраструктура и тестирование",19,SQLAlchemy transactions,8,SQL-файл,project,ide_plugin,130,2,45
4,"Модуль 4. FastAPI, инфраструктура и тестирование",19,SQLAlchemy transactions,9,Закрепление,test,quiz_single,40,2,12
4,"Модуль 4. FastAPI, инфраструктура и тестирование",19,SQLAlchemy transactions,10,Контрольный артефакт,project,ide_plugin,110,2,30
4,"Модуль 4. FastAPI, инфраструктура и тестирование",19,SQLAlchemy transactions,11,Итог,summary,,40,2,8
4,"Модуль 4. FastAPI, инфраструктура и тестирование",20,Repository и unit of work,1,Что это,theory,,40,2,18
4,"Модуль 4. FastAPI, инфраструктура и тестирование",20,Repository и unit of work,2,Минимальный пример,theory,,40,2,18
4,"Модуль 4. FastAPI, инфраструктура и тестирование",20,Repository и unit of work,3,Понимание,test,quiz_single,40,2,12
4,"Модуль 4. FastAPI, инфраструктура и тестирование",20,Repository и unit of work,4,Колонки,practice,sql_query,85,2,22
4,"Модуль 4. FastAPI, инфраструктура и тестирование",20,Repository и unit of work,5,Фильтр,practice,sql_query,85,2,22
4,"Модуль 4. FastAPI, инфраструктура и тестирование",20,Repository и unit of work,6,NULL,practice,sql_query,85,2,22
4,"Модуль 4. FastAPI, инфраструктура и тестирование",20,Repository и unit of work,7,JOIN,practice,sql_query,85,2,22
4,"Модуль 4. FastAPI, инфраструктура и тестирование",20,Repository и unit of work,8,SQL-файл,project,ide_plugin,130,2,45
4,"Модуль 4. FastAPI, инфраструктура и тестирование",20,Repository и unit of work,9,Закрепление,test,quiz_single,40,2,12
4,"Модуль 4. FastAPI, инфраструктура и тестирование",20,Repository и unit of work,10,Контрольный артефакт,project,ide_plugin,110,2,30
4,"Модуль 4. FastAPI, инфраструктура и тестирование",20,Repository и unit of work,11,Итог,summary,,40,2,8
4,"Модуль 4. FastAPI, инфраструктура и тестирование",21,Alembic migrations,1,Что это,theory,,40,2,18
4,"Модуль 4. FastAPI, инфраструктура и тестирование",21,Alembic migrations,2,Минимальный пример,theory,,40,2,18
4,"Модуль 4. FastAPI, инфраструктура и тестирование",21,Alembic migrations,3,Понимание,test,quiz_single,40,2,12
4,"Модуль 4. FastAPI, инфраструктура и тестирование",21,Alembic migrations,4,Колонки,practice,sql_query,85,2,22
4,"Модуль 4. FastAPI, инфраструктура и тестирование",21,Alembic migrations,5,Фильтр,practice,sql_query,85,2,22
4,"Модуль 4. FastAPI, инфраструктура и тестирование",21,Alembic migrations,6,NULL,practice,sql_query,85,2,22
4,"Модуль 4. FastAPI, инфраструктура и тестирование",21,Alembic migrations,7,JOIN,practice,sql_query,85,2,22
4,"Модуль 4. FastAPI, инфраструктура и тестирование",21,Alembic migrations,8,SQL-файл,project,ide_plugin,130,2,45
4,"Модуль 4. FastAPI, инфраструктура и тестирование",21,Alembic migrations,9,Закрепление,test,quiz_single,40,2,12
4,"Модуль 4. FastAPI, инфраструктура и тестирование",21,Alembic migrations,10,Контрольный артефакт,project,ide_plugin,110,2,30
4,"Модуль 4. FastAPI, инфраструктура и тестирование",21,Alembic migrations,11,Итог,summary,,40,2,8
4,"Модуль 4. FastAPI, инфраструктура и тестирование",22,"Pagination, filtering, sorting",1,Что это,theory,,40,2,18
4,"Модуль 4. FastAPI, инфраструктура и тестирование",22,"Pagination, filtering, sorting",2,Минимальный пример,theory,,40,2,18
4,"Модуль 4. FastAPI, инфраструктура и тестирование",22,"Pagination, filtering, sorting",3,Понимание,test,quiz_single,40,2,12
4,"Модуль 4. FastAPI, инфраструктура и тестирование",22,"Pagination, filtering, sorting",4,GET /health,practice,http_api,90,2,24
4,"Модуль 4. FastAPI, инфраструктура и тестирование",22,"Pagination, filtering, sorting",5,GET /tasks/{task_id},practice,http_api,90,2,24
4,"Модуль 4. FastAPI, инфраструктура и тестирование",22,"Pagination, filtering, sorting",6,GET /tasks,practice,http_api,90,2,24
4,"Модуль 4. FastAPI, инфраструктура и тестирование",22,"Pagination, filtering, sorting",7,POST /tasks,practice,http_api,90,2,24
4,"Модуль 4. FastAPI, инфраструктура и тестирование",22,"Pagination, filtering, sorting",8,PATCH /tasks/{task_id},practice,http_api,90,2,24
4,"Модуль 4. FastAPI, инфраструктура и тестирование",22,"Pagination, filtering, sorting",9,DELETE /tasks/{task_id},practice,http_api,90,2,24
4,"Модуль 4. FastAPI, инфраструктура и тестирование",22,"Pagination, filtering, sorting",10,API-минипроект,project,ide_plugin,140,2,50
4,"Модуль 4. FastAPI, инфраструктура и тестирование",22,"Pagination, filtering, sorting",11,Закрепление,test,quiz_single,40,2,12
4,"Модуль 4. FastAPI, инфраструктура и тестирование",22,"Pagination, filtering, sorting",12,Контрольный артефакт,project,ide_plugin,110,2,30
4,"Модуль 4. FastAPI, инфраструктура и тестирование",22,"Pagination, filtering, sorting",13,Итог,summary,,40,2,8
4,"Модуль 4. FastAPI, инфраструктура и тестирование",23,TestClient,1,Что это,theory,,40,2,18
4,"Модуль 4. FastAPI, инфраструктура и тестирование",23,TestClient,2,Минимальный пример,theory,,40,2,18
4,"Модуль 4. FastAPI, инфраструктура и тестирование",23,TestClient,3,Понимание,test,quiz_single,40,2,12
4,"Модуль 4. FastAPI, инфраструктура и тестирование",23,TestClient,4,GET /tasks/{task_id},practice,http_api,90,2,24
4,"Модуль 4. FastAPI, инфраструктура и тестирование",23,TestClient,5,GET /tasks,practice,http_api,90,2,24
4,"Модуль 4. FastAPI, инфраструктура и тестирование",23,TestClient,6,POST /tasks,practice,http_api,90,2,24
4,"Модуль 4. FastAPI, инфраструктура и тестирование",23,TestClient,7,PATCH /tasks/{task_id},practice,http_api,90,2,24
4,"Модуль 4. FastAPI, инфраструктура и тестирование",23,TestClient,8,DELETE /tasks/{task_id},practice,http_api,90,2,24
4,"Модуль 4. FastAPI, инфраструктура и тестирование",23,TestClient,9,GET /users/me,practice,http_api,90,2,24
4,"Модуль 4. FastAPI, инфраструктура и тестирование",23,TestClient,10,API-минипроект,project,ide_plugin,140,2,50
4,"Модуль 4. FastAPI, инфраструктура и тестирование",23,TestClient,11,Закрепление,test,quiz_single,40,2,12
4,"Модуль 4. FastAPI, инфраструктура и тестирование",23,TestClient,12,Контрольный артефакт,project,ide_plugin,110,2,30
4,"Модуль 4. FastAPI, инфраструктура и тестирование",23,TestClient,13,Итог,summary,,40,2,8
4,"Модуль 4. FastAPI, инфраструктура и тестирование",24,Integration tests,1,Что это,theory,,40,2,18
4,"Модуль 4. FastAPI, инфраструктура и тестирование",24,Integration tests,2,Минимальный пример,theory,,40,2,18
4,"Модуль 4. FastAPI, инфраструктура и тестирование",24,Integration tests,3,Понимание,test,quiz_single,40,2,12
4,"Модуль 4. FastAPI, инфраструктура и тестирование",24,Integration tests,4,GET /users/me,practice,http_api,90,2,24
4,"Модуль 4. FastAPI, инфраструктура и тестирование",24,Integration tests,5,POST /auth/login,practice,http_api,90,2,24
4,"Модуль 4. FastAPI, инфраструктура и тестирование",24,Integration tests,6,GET /reports,practice,http_api,90,2,24
4,"Модуль 4. FastAPI, инфраструктура и тестирование",24,Integration tests,7,GET /metrics,practice,http_api,90,2,24
4,"Модуль 4. FastAPI, инфраструктура и тестирование",24,Integration tests,8,GET /health,practice,http_api,90,2,24
4,"Модуль 4. FastAPI, инфраструктура и тестирование",24,Integration tests,9,GET /tasks/{task_id},practice,http_api,90,2,24
4,"Модуль 4. FastAPI, инфраструктура и тестирование",24,Integration tests,10,API-минипроект,project,ide_plugin,140,2,50
4,"Модуль 4. FastAPI, инфраструктура и тестирование",24,Integration tests,11,Закрепление,test,quiz_single,40,2,12
4,"Модуль 4. FastAPI, инфраструктура и тестирование",24,Integration tests,12,Контрольный артефакт,project,ide_plugin,110,2,30
4,"Модуль 4. FastAPI, инфраструктура и тестирование",24,Integration tests,13,Итог,summary,,40,2,8
4,"Модуль 4. FastAPI, инфраструктура и тестирование",25,OpenAPI docs,1,Что это,theory,,40,2,18
4,"Модуль 4. FastAPI, инфраструктура и тестирование",25,OpenAPI docs,2,Минимальный пример,theory,,40,2,18
4,"Модуль 4. FastAPI, инфраструктура и тестирование",25,OpenAPI docs,3,Понимание,test,quiz_single,40,2,12
4,"Модуль 4. FastAPI, инфраструктура и тестирование",25,OpenAPI docs,4,GET /users/me,practice,http_api,90,2,24
4,"Модуль 4. FastAPI, инфраструктура и тестирование",25,OpenAPI docs,5,POST /auth/login,practice,http_api,90,2,24
4,"Модуль 4. FastAPI, инфраструктура и тестирование",25,OpenAPI docs,6,GET /reports,practice,http_api,90,2,24
4,"Модуль 4. FastAPI, инфраструктура и тестирование",25,OpenAPI docs,7,GET /metrics,practice,http_api,90,2,24
4,"Модуль 4. FastAPI, инфраструктура и тестирование",25,OpenAPI docs,8,GET /health,practice,http_api,90,2,24
4,"Модуль 4. FastAPI, инфраструктура и тестирование",25,OpenAPI docs,9,GET /tasks/{task_id},practice,http_api,90,2,24
4,"Модуль 4. FastAPI, инфраструктура и тестирование",25,OpenAPI docs,10,API-минипроект,project,ide_plugin,140,2,50
4,"Модуль 4. FastAPI, инфраструктура и тестирование",25,OpenAPI docs,11,Закрепление,test,quiz_single,40,2,12
4,"Модуль 4. FastAPI, инфраструктура и тестирование",25,OpenAPI docs,12,Контрольный артефакт,project,ide_plugin,110,2,30
4,"Модуль 4. FastAPI, инфраструктура и тестирование",25,OpenAPI docs,13,Итог,summary,,40,2,8
4,"Модуль 4. FastAPI, инфраструктура и тестирование",26,Postman collections,1,Что это,theory,,40,2,18
4,"Модуль 4. FastAPI, инфраструктура и тестирование",26,Postman collections,2,Минимальный пример,theory,,40,2,18
4,"Модуль 4. FastAPI, инфраструктура и тестирование",26,Postman collections,3,Понимание,test,quiz_single,40,2,12
4,"Модуль 4. FastAPI, инфраструктура и тестирование",26,Postman collections,4,GET /tasks/{task_id},practice,http_api,90,2,24
4,"Модуль 4. FastAPI, инфраструктура и тестирование",26,Postman collections,5,GET /tasks,practice,http_api,90,2,24
4,"Модуль 4. FastAPI, инфраструктура и тестирование",26,Postman collections,6,POST /tasks,practice,http_api,90,2,24
4,"Модуль 4. FastAPI, инфраструктура и тестирование",26,Postman collections,7,PATCH /tasks/{task_id},practice,http_api,90,2,24
4,"Модуль 4. FastAPI, инфраструктура и тестирование",26,Postman collections,8,DELETE /tasks/{task_id},practice,http_api,90,2,24
4,"Модуль 4. FastAPI, инфраструктура и тестирование",26,Postman collections,9,GET /users/me,practice,http_api,90,2,24
4,"Модуль 4. FastAPI, инфраструктура и тестирование",26,Postman collections,10,API-минипроект,project,ide_plugin,140,2,50
4,"Модуль 4. FastAPI, инфраструктура и тестирование",26,Postman collections,11,Закрепление,test,quiz_single,40,2,12
4,"Модуль 4. FastAPI, инфраструктура и тестирование",26,Postman collections,12,Контрольный артефакт,project,ide_plugin,110,2,30
4,"Модуль 4. FastAPI, инфраструктура и тестирование",26,Postman collections,13,Итог,summary,,40,2,8
4,"Модуль 4. FastAPI, инфраструктура и тестирование",27,CRUD-проект,1,Что это,theory,,40,2,18
4,"Модуль 4. FastAPI, инфраструктура и тестирование",27,CRUD-проект,2,Минимальный пример,theory,,40,2,18
4,"Модуль 4. FastAPI, инфраструктура и тестирование",27,CRUD-проект,3,Понимание,test,quiz_single,40,2,12
4,"Модуль 4. FastAPI, инфраструктура и тестирование",27,CRUD-проект,4,Колонки,practice,sql_query,85,2,22
4,"Модуль 4. FastAPI, инфраструктура и тестирование",27,CRUD-проект,5,Фильтр,practice,sql_query,85,2,22
4,"Модуль 4. FastAPI, инфраструктура и тестирование",27,CRUD-проект,6,NULL,practice,sql_query,85,2,22
4,"Модуль 4. FastAPI, инфраструктура и тестирование",27,CRUD-проект,7,JOIN,practice,sql_query,85,2,22
4,"Модуль 4. FastAPI, инфраструктура и тестирование",27,CRUD-проект,8,SQL-файл,project,ide_plugin,130,2,45
4,"Модуль 4. FastAPI, инфраструктура и тестирование",27,CRUD-проект,9,Закрепление,test,quiz_single,40,2,12
4,"Модуль 4. FastAPI, инфраструктура и тестирование",27,CRUD-проект,10,Контрольный артефакт,project,ide_plugin,110,2,30
4,"Модуль 4. FastAPI, инфраструктура и тестирование",27,CRUD-проект,11,Итог,summary,,40,2,8
4,"Модуль 4. FastAPI, инфраструктура и тестирование",28,Dockerfile и image,1,Что это,theory,,40,2,18
4,"Модуль 4. FastAPI, инфраструктура и тестирование",28,Dockerfile и image,2,Минимальный пример,theory,,40,2,16
4,"Модуль 4. FastAPI, инфраструктура и тестирование",28,Dockerfile и image,3,Понимание,test,quiz_single,40,2,12
4,"Модуль 4. FastAPI, инфраструктура и тестирование",28,Dockerfile и image,4,README,practice,ide_plugin,90,2,30
4,"Модуль 4. FastAPI, инфраструктура и тестирование",28,Dockerfile и image,5,Команда,practice,ide_plugin,90,2,30
4,"Модуль 4. FastAPI, инфраструктура и тестирование",28,Dockerfile и image,6,Ошибка,practice,ide_plugin,90,2,30
4,"Модуль 4. FastAPI, инфраструктура и тестирование",28,Dockerfile и image,7,Git state,practice,ide_plugin,90,2,30
4,"Модуль 4. FastAPI, инфраструктура и тестирование",28,Dockerfile и image,8,Проверка,project,ide_plugin,130,2,45
4,"Модуль 4. FastAPI, инфраструктура и тестирование",28,Dockerfile и image,9,Контрольный артефакт,project,ide_plugin,110,2,30
4,"Модуль 4. FastAPI, инфраструктура и тестирование",28,Dockerfile и image,10,Итог,summary,,40,2,8
4,"Модуль 4. FastAPI, инфраструктура и тестирование",29,"Container, ports, env",1,Что это,theory,,40,2,18
4,"Модуль 4. FastAPI, инфраструктура и тестирование",29,"Container, ports, env",2,Минимальный пример,theory,,40,2,16
4,"Модуль 4. FastAPI, инфраструктура и тестирование",29,"Container, ports, env",3,Понимание,test,quiz_single,40,2,12
4,"Модуль 4. FastAPI, инфраструктура и тестирование",29,"Container, ports, env",4,README,practice,ide_plugin,90,2,30
4,"Модуль 4. FastAPI, инфраструктура и тестирование",29,"Container, ports, env",5,Команда,practice,ide_plugin,90,2,30
4,"Модуль 4. FastAPI, инфраструктура и тестирование",29,"Container, ports, env",6,Ошибка,practice,ide_plugin,90,2,30
4,"Модуль 4. FastAPI, инфраструктура и тестирование",29,"Container, ports, env",7,Git state,practice,ide_plugin,90,2,30
4,"Модуль 4. FastAPI, инфраструктура и тестирование",29,"Container, ports, env",8,Проверка,project,ide_plugin,130,2,45
4,"Модуль 4. FastAPI, инфраструктура и тестирование",29,"Container, ports, env",9,Контрольный артефакт,project,ide_plugin,110,2,30
4,"Модуль 4. FastAPI, инфраструктура и тестирование",29,"Container, ports, env",10,Итог,summary,,40,2,8
4,"Модуль 4. FastAPI, инфраструктура и тестирование",30,Volumes и .dockerignore,1,Что это,theory,,40,2,18
4,"Модуль 4. FastAPI, инфраструктура и тестирование",30,Volumes и .dockerignore,2,Минимальный пример,theory,,40,2,16
4,"Модуль 4. FastAPI, инфраструктура и тестирование",30,Volumes и .dockerignore,3,Понимание,test,quiz_single,40,2,12
4,"Модуль 4. FastAPI, инфраструктура и тестирование",30,Volumes и .dockerignore,4,README,practice,ide_plugin,90,2,30
4,"Модуль 4. FastAPI, инфраструктура и тестирование",30,Volumes и .dockerignore,5,Команда,practice,ide_plugin,90,2,30
4,"Модуль 4. FastAPI, инфраструктура и тестирование",30,Volumes и .dockerignore,6,Ошибка,practice,ide_plugin,90,2,30
4,"Модуль 4. FastAPI, инфраструктура и тестирование",30,Volumes и .dockerignore,7,Git state,practice,ide_plugin,90,2,30
4,"Модуль 4. FastAPI, инфраструктура и тестирование",30,Volumes и .dockerignore,8,Проверка,project,ide_plugin,130,2,45
4,"Модуль 4. FastAPI, инфраструктура и тестирование",30,Volumes и .dockerignore,9,Контрольный артефакт,project,ide_plugin,110,2,30
4,"Модуль 4. FastAPI, инфраструктура и тестирование",30,Volumes и .dockerignore,10,Итог,summary,,40,2,8
4,"Модуль 4. FastAPI, инфраструктура и тестирование",31,multistage build,1,Что это,theory,,40,2,18
4,"Модуль 4. FastAPI, инфраструктура и тестирование",31,multistage build,2,Минимальный пример,theory,,40,2,16
4,"Модуль 4. FastAPI, инфраструктура и тестирование",31,multistage build,3,Понимание,test,quiz_single,40,2,12
4,"Модуль 4. FastAPI, инфраструктура и тестирование",31,multistage build,4,README,practice,ide_plugin,90,2,30
4,"Модуль 4. FastAPI, инфраструктура и тестирование",31,multistage build,5,Команда,practice,ide_plugin,90,2,30
4,"Модуль 4. FastAPI, инфраструктура и тестирование",31,multistage build,6,Ошибка,practice,ide_plugin,90,2,30
4,"Модуль 4. FastAPI, инфраструктура и тестирование",31,multistage build,7,Git state,practice,ide_plugin,90,2,30
4,"Модуль 4. FastAPI, инфраструктура и тестирование",31,multistage build,8,Проверка,project,ide_plugin,130,2,45
4,"Модуль 4. FastAPI, инфраструктура и тестирование",31,multistage build,9,Контрольный артефакт,project,ide_plugin,110,2,30
4,"Модуль 4. FastAPI, инфраструктура и тестирование",31,multistage build,10,Итог,summary,,40,2,8
4,"Модуль 4. FastAPI, инфраструктура и тестирование",32,Docker Compose: app + db,1,Что это,theory,,40,2,18
4,"Модуль 4. FastAPI, инфраструктура и тестирование",32,Docker Compose: app + db,2,Минимальный пример,theory,,40,2,16
4,"Модуль 4. FastAPI, инфраструктура и тестирование",32,Docker Compose: app + db,3,Понимание,test,quiz_single,40,2,12
4,"Модуль 4. FastAPI, инфраструктура и тестирование",32,Docker Compose: app + db,4,README,practice,ide_plugin,90,2,30
4,"Модуль 4. FastAPI, инфраструктура и тестирование",32,Docker Compose: app + db,5,Команда,practice,ide_plugin,90,2,30
4,"Модуль 4. FastAPI, инфраструктура и тестирование",32,Docker Compose: app + db,6,Ошибка,practice,ide_plugin,90,2,30
4,"Модуль 4. FastAPI, инфраструктура и тестирование",32,Docker Compose: app + db,7,Git state,practice,ide_plugin,90,2,30
4,"Модуль 4. FastAPI, инфраструктура и тестирование",32,Docker Compose: app + db,8,Проверка,project,ide_plugin,130,2,45
4,"Модуль 4. FastAPI, инфраструктура и тестирование",32,Docker Compose: app + db,9,Контрольный артефакт,project,ide_plugin,110,2,30
4,"Модуль 4. FastAPI, инфраструктура и тестирование",32,Docker Compose: app + db,10,Итог,summary,,40,2,8
4,"Модуль 4. FastAPI, инфраструктура и тестирование",33,"Healthcheck, logs, exec, networks, secrets",1,Что это,theory,,40,2,18
4,"Модуль 4. FastAPI, инфраструктура и тестирование",33,"Healthcheck, logs, exec, networks, secrets",2,Минимальный пример,theory,,40,2,16
4,"Модуль 4. FastAPI, инфраструктура и тестирование",33,"Healthcheck, logs, exec, networks, secrets",3,Понимание,test,quiz_single,40,2,12
4,"Модуль 4. FastAPI, инфраструктура и тестирование",33,"Healthcheck, logs, exec, networks, secrets",4,README,practice,ide_plugin,90,2,30
4,"Модуль 4. FastAPI, инфраструктура и тестирование",33,"Healthcheck, logs, exec, networks, secrets",5,Команда,practice,ide_plugin,90,2,30
4,"Модуль 4. FastAPI, инфраструктура и тестирование",33,"Healthcheck, logs, exec, networks, secrets",6,Ошибка,practice,ide_plugin,90,2,30
4,"Модуль 4. FastAPI, инфраструктура и тестирование",33,"Healthcheck, logs, exec, networks, secrets",7,Git state,practice,ide_plugin,90,2,30
4,"Модуль 4. FastAPI, инфраструктура и тестирование",33,"Healthcheck, logs, exec, networks, secrets",8,Проверка,project,ide_plugin,130,2,45
4,"Модуль 4. FastAPI, инфраструктура и тестирование",33,"Healthcheck, logs, exec, networks, secrets",9,Контрольный артефакт,project,ide_plugin,110,2,30
4,"Модуль 4. FastAPI, инфраструктура и тестирование",33,"Healthcheck, logs, exec, networks, secrets",10,Итог,summary,,40,2,8
4,"Модуль 4. FastAPI, инфраструктура и тестирование",34,CI/CD: GitHub Actions и GitLab CI,1,Что это,theory,,40,2,18
4,"Модуль 4. FastAPI, инфраструктура и тестирование",34,CI/CD: GitHub Actions и GitLab CI,2,Минимальный пример,theory,,40,2,16
4,"Модуль 4. FastAPI, инфраструктура и тестирование",34,CI/CD: GitHub Actions и GitLab CI,3,Понимание,test,quiz_single,40,2,12
4,"Модуль 4. FastAPI, инфраструктура и тестирование",34,CI/CD: GitHub Actions и GitLab CI,4,README,practice,ide_plugin,90,2,30
4,"Модуль 4. FastAPI, инфраструктура и тестирование",34,CI/CD: GitHub Actions и GitLab CI,5,Команда,practice,ide_plugin,90,2,30
4,"Модуль 4. FastAPI, инфраструктура и тестирование",34,CI/CD: GitHub Actions и GitLab CI,6,Ошибка,practice,ide_plugin,90,2,30
4,"Модуль 4. FastAPI, инфраструктура и тестирование",34,CI/CD: GitHub Actions и GitLab CI,7,Git state,practice,ide_plugin,90,2,30
4,"Модуль 4. FastAPI, инфраструктура и тестирование",34,CI/CD: GitHub Actions и GitLab CI,8,Проверка,project,ide_plugin,130,2,45
4,"Модуль 4. FastAPI, инфраструктура и тестирование",34,CI/CD: GitHub Actions и GitLab CI,9,Контрольный артефакт,project,ide_plugin,110,2,30
4,"Модуль 4. FastAPI, инфраструктура и тестирование",34,CI/CD: GitHub Actions и GitLab CI,10,Итог,summary,,40,2,8
5,"Модуль 5. AI-интеграция, деплой и финальный проект",1,AI API request,1,Что это,theory,,40,2,18
5,"Модуль 5. AI-интеграция, деплой и финальный проект",1,AI API request,2,Минимальный пример,theory,,40,2,18
5,"Модуль 5. AI-интеграция, деплой и финальный проект",1,AI API request,3,Понимание,test,quiz_single,40,2,12
5,"Модуль 5. AI-интеграция, деплой и финальный проект",1,AI API request,4,Messages payload,practice,python_pytest,70,2,18
5,"Модуль 5. AI-интеграция, деплой и финальный проект",1,AI API request,5,Messages payload,practice,python_pytest,70,2,18
5,"Модуль 5. AI-интеграция, деплой и финальный проект",1,AI API request,6,Timeout provider,practice,python_pytest,70,2,18
5,"Модуль 5. AI-интеграция, деплой и финальный проект",1,AI API request,7,Schema fallback,practice,python_pytest,70,2,18
5,"Модуль 5. AI-интеграция, деплой и финальный проект",1,AI API request,8,Chunk citation,practice,python_pytest,70,2,18
5,"Модуль 5. AI-интеграция, деплой и финальный проект",1,AI API request,9,Graph node,practice,python_pytest,70,2,18
5,"Модуль 5. AI-интеграция, деплой и финальный проект",1,AI API request,10,AI-минипроект,project,ide_plugin,140,2,50
5,"Модуль 5. AI-интеграция, деплой и финальный проект",1,AI API request,11,Контрольный артефакт,project,ide_plugin,110,2,30
5,"Модуль 5. AI-интеграция, деплой и финальный проект",1,AI API request,12,Итог,summary,,40,2,8
5,"Модуль 5. AI-интеграция, деплой и финальный проект",2,Prompt и messages,1,Что это,theory,,40,2,18
5,"Модуль 5. AI-интеграция, деплой и финальный проект",2,Prompt и messages,2,Минимальный пример,theory,,40,2,18
5,"Модуль 5. AI-интеграция, деплой и финальный проект",2,Prompt и messages,3,Понимание,test,quiz_single,40,2,12
5,"Модуль 5. AI-интеграция, деплой и финальный проект",2,Prompt и messages,4,Messages payload,practice,python_pytest,70,2,18
5,"Модуль 5. AI-интеграция, деплой и финальный проект",2,Prompt и messages,5,Messages payload,practice,python_pytest,70,2,18
5,"Модуль 5. AI-интеграция, деплой и финальный проект",2,Prompt и messages,6,Timeout provider,practice,python_pytest,70,2,18
5,"Модуль 5. AI-интеграция, деплой и финальный проект",2,Prompt и messages,7,Schema fallback,practice,python_pytest,70,2,18
5,"Модуль 5. AI-интеграция, деплой и финальный проект",2,Prompt и messages,8,Chunk citation,practice,python_pytest,70,2,18
5,"Модуль 5. AI-интеграция, деплой и финальный проект",2,Prompt и messages,9,Graph node,practice,python_pytest,70,2,18
5,"Модуль 5. AI-интеграция, деплой и финальный проект",2,Prompt и messages,10,AI-минипроект,project,ide_plugin,140,2,50
5,"Модуль 5. AI-интеграция, деплой и финальный проект",2,Prompt и messages,11,Контрольный артефакт,project,ide_plugin,110,2,30
5,"Модуль 5. AI-интеграция, деплой и финальный проект",2,Prompt и messages,12,Итог,summary,,40,2,8
5,"Модуль 5. AI-интеграция, деплой и финальный проект",3,Structured output,1,Что это,theory,,40,2,18
5,"Модуль 5. AI-интеграция, деплой и финальный проект",3,Structured output,2,Минимальный пример,theory,,40,2,18
5,"Модуль 5. AI-интеграция, деплой и финальный проект",3,Structured output,3,Понимание,test,quiz_single,40,2,12
5,"Модуль 5. AI-интеграция, деплой и финальный проект",3,Structured output,4,Schema fallback,practice,python_pytest,70,2,18
5,"Модуль 5. AI-интеграция, деплой и финальный проект",3,Structured output,5,Schema fallback,practice,python_pytest,70,2,18
5,"Модуль 5. AI-интеграция, деплой и финальный проект",3,Structured output,6,Timeout provider,practice,python_pytest,70,2,18
5,"Модуль 5. AI-интеграция, деплой и финальный проект",3,Structured output,7,Schema fallback,practice,python_pytest,70,2,18
5,"Модуль 5. AI-интеграция, деплой и финальный проект",3,Structured output,8,Graph node,practice,python_pytest,70,2,18
5,"Модуль 5. AI-интеграция, деплой и финальный проект",3,Structured output,9,AI-минипроект,project,ide_plugin,140,2,50
5,"Модуль 5. AI-интеграция, деплой и финальный проект",3,Structured output,10,Контрольный артефакт,project,ide_plugin,110,2,30
5,"Модуль 5. AI-интеграция, деплой и финальный проект",3,Structured output,11,Итог,summary,,40,2,8
5,"Модуль 5. AI-интеграция, деплой и финальный проект",4,JSON schema,1,Что это,theory,,40,2,18
5,"Модуль 5. AI-интеграция, деплой и финальный проект",4,JSON schema,2,Минимальный пример,theory,,40,2,18
5,"Модуль 5. AI-интеграция, деплой и финальный проект",4,JSON schema,3,Понимание,test,quiz_single,40,2,12
5,"Модуль 5. AI-интеграция, деплой и финальный проект",4,JSON schema,4,Schema fallback,practice,python_pytest,70,2,18
5,"Модуль 5. AI-интеграция, деплой и финальный проект",4,JSON schema,5,Schema fallback,practice,python_pytest,70,2,18
5,"Модуль 5. AI-интеграция, деплой и финальный проект",4,JSON schema,6,Timeout provider,practice,python_pytest,70,2,18
5,"Модуль 5. AI-интеграция, деплой и финальный проект",4,JSON schema,7,Schema fallback,practice,python_pytest,70,2,18
5,"Модуль 5. AI-интеграция, деплой и финальный проект",4,JSON schema,8,Graph node,practice,python_pytest,70,2,18
5,"Модуль 5. AI-интеграция, деплой и финальный проект",4,JSON schema,9,AI-минипроект,project,ide_plugin,140,2,50
5,"Модуль 5. AI-интеграция, деплой и финальный проект",4,JSON schema,10,Контрольный артефакт,project,ide_plugin,110,2,30
5,"Модуль 5. AI-интеграция, деплой и финальный проект",4,JSON schema,11,Итог,summary,,40,2,8
5,"Модуль 5. AI-интеграция, деплой и финальный проект",5,Mock provider,1,Что это,theory,,40,2,18
5,"Модуль 5. AI-интеграция, деплой и финальный проект",5,Mock provider,2,Минимальный пример,theory,,40,2,18
5,"Модуль 5. AI-интеграция, деплой и финальный проект",5,Mock provider,3,Понимание,test,quiz_single,40,2,12
5,"Модуль 5. AI-интеграция, деплой и финальный проект",5,Mock provider,4,Messages payload,practice,python_pytest,70,2,18
5,"Модуль 5. AI-интеграция, деплой и финальный проект",5,Mock provider,5,Messages payload,practice,python_pytest,70,2,18
5,"Модуль 5. AI-интеграция, деплой и финальный проект",5,Mock provider,6,Timeout provider,practice,python_pytest,70,2,18
5,"Модуль 5. AI-интеграция, деплой и финальный проект",5,Mock provider,7,Schema fallback,practice,python_pytest,70,2,18
5,"Модуль 5. AI-интеграция, деплой и финальный проект",5,Mock provider,8,Chunk citation,practice,python_pytest,70,2,18
5,"Модуль 5. AI-интеграция, деплой и финальный проект",5,Mock provider,9,Graph node,practice,python_pytest,70,2,18
5,"Модуль 5. AI-интеграция, деплой и финальный проект",5,Mock provider,10,AI-минипроект,project,ide_plugin,140,2,50
5,"Модуль 5. AI-интеграция, деплой и финальный проект",5,Mock provider,11,Контрольный артефакт,project,ide_plugin,110,2,30
5,"Модуль 5. AI-интеграция, деплой и финальный проект",5,Mock provider,12,Итог,summary,,40,2,8
5,"Модуль 5. AI-интеграция, деплой и финальный проект",6,Retries и timeouts,1,Что это,theory,,40,2,18
5,"Модуль 5. AI-интеграция, деплой и финальный проект",6,Retries и timeouts,2,Минимальный пример,theory,,40,2,18
5,"Модуль 5. AI-интеграция, деплой и финальный проект",6,Retries и timeouts,3,Понимание,test,quiz_single,40,2,12
5,"Модуль 5. AI-интеграция, деплой и финальный проект",6,Retries и timeouts,4,Timeout provider,practice,python_pytest,70,2,18
5,"Модуль 5. AI-интеграция, деплой и финальный проект",6,Retries и timeouts,5,Timeout provider,practice,python_pytest,70,2,18
5,"Модуль 5. AI-интеграция, деплой и финальный проект",6,Retries и timeouts,6,Timeout provider,practice,python_pytest,70,2,18
5,"Модуль 5. AI-интеграция, деплой и финальный проект",6,Retries и timeouts,7,Timeout provider,practice,python_pytest,70,2,18
5,"Модуль 5. AI-интеграция, деплой и финальный проект",6,Retries и timeouts,8,Timeout provider,practice,python_pytest,70,2,18
5,"Модуль 5. AI-интеграция, деплой и финальный проект",6,Retries и timeouts,9,Graph node,practice,python_pytest,70,2,18
5,"Модуль 5. AI-интеграция, деплой и финальный проект",6,Retries и timeouts,10,AI-минипроект,project,ide_plugin,140,2,50
5,"Модуль 5. AI-интеграция, деплой и финальный проект",6,Retries и timeouts,11,Контрольный артефакт,project,ide_plugin,110,2,30
5,"Модуль 5. AI-интеграция, деплой и финальный проект",6,Retries и timeouts,12,Итог,summary,,40,2,8
5,"Модуль 5. AI-интеграция, деплой и финальный проект",7,Rate limits и cost,1,Что это,theory,,40,2,18
5,"Модуль 5. AI-интеграция, деплой и финальный проект",7,Rate limits и cost,2,Минимальный пример,theory,,40,2,18
5,"Модуль 5. AI-интеграция, деплой и финальный проект",7,Rate limits и cost,3,Понимание,test,quiz_single,40,2,12
5,"Модуль 5. AI-интеграция, деплой и финальный проект",7,Rate limits и cost,4,Messages payload,practice,python_pytest,70,2,18
5,"Модуль 5. AI-интеграция, деплой и финальный проект",7,Rate limits и cost,5,Messages payload,practice,python_pytest,70,2,18
5,"Модуль 5. AI-интеграция, деплой и финальный проект",7,Rate limits и cost,6,Timeout provider,practice,python_pytest,70,2,18
5,"Модуль 5. AI-интеграция, деплой и финальный проект",7,Rate limits и cost,7,Schema fallback,practice,python_pytest,70,2,18
5,"Модуль 5. AI-интеграция, деплой и финальный проект",7,Rate limits и cost,8,Chunk citation,practice,python_pytest,70,2,18
5,"Модуль 5. AI-интеграция, деплой и финальный проект",7,Rate limits и cost,9,Graph node,practice,python_pytest,70,2,18
5,"Модуль 5. AI-интеграция, деплой и финальный проект",7,Rate limits и cost,10,AI-минипроект,project,ide_plugin,140,2,50
5,"Модуль 5. AI-интеграция, деплой и финальный проект",7,Rate limits и cost,11,Контрольный артефакт,project,ide_plugin,110,2,30
5,"Модуль 5. AI-интеграция, деплой и финальный проект",7,Rate limits и cost,12,Итог,summary,,40,2,8
5,"Модуль 5. AI-интеграция, деплой и финальный проект",8,RAG chunks,1,Что это,theory,,40,2,18
5,"Модуль 5. AI-интеграция, деплой и финальный проект",8,RAG chunks,2,Минимальный пример,theory,,40,2,18
5,"Модуль 5. AI-интеграция, деплой и финальный проект",8,RAG chunks,3,Понимание,test,quiz_single,40,2,12
5,"Модуль 5. AI-интеграция, деплой и финальный проект",8,RAG chunks,4,Chunk citation,practice,python_pytest,70,2,18
5,"Модуль 5. AI-интеграция, деплой и финальный проект",8,RAG chunks,5,Chunk citation,practice,python_pytest,70,2,18
5,"Модуль 5. AI-интеграция, деплой и финальный проект",8,RAG chunks,6,Chunk citation,practice,python_pytest,70,2,18
5,"Модуль 5. AI-интеграция, деплой и финальный проект",8,RAG chunks,7,Chunk citation,practice,python_pytest,70,2,18
5,"Модуль 5. AI-интеграция, деплой и финальный проект",8,RAG chunks,8,Chunk citation,practice,python_pytest,70,2,18
5,"Модуль 5. AI-интеграция, деплой и финальный проект",8,RAG chunks,9,AI-минипроект,project,ide_plugin,140,2,50
5,"Модуль 5. AI-интеграция, деплой и финальный проект",8,RAG chunks,10,Контрольный артефакт,project,ide_plugin,110,2,30
5,"Модуль 5. AI-интеграция, деплой и финальный проект",8,RAG chunks,11,Итог,summary,,40,2,8
5,"Модуль 5. AI-интеграция, деплой и финальный проект",9,Embeddings и vector DB,1,Что это,theory,,40,2,18
5,"Модуль 5. AI-интеграция, деплой и финальный проект",9,Embeddings и vector DB,2,Минимальный пример,theory,,40,2,18
5,"Модуль 5. AI-интеграция, деплой и финальный проект",9,Embeddings и vector DB,3,Понимание,test,quiz_single,40,2,12
5,"Модуль 5. AI-интеграция, деплой и финальный проект",9,Embeddings и vector DB,4,Messages payload,practice,python_pytest,70,2,18
5,"Модуль 5. AI-интеграция, деплой и финальный проект",9,Embeddings и vector DB,5,Messages payload,practice,python_pytest,70,2,18
5,"Модуль 5. AI-интеграция, деплой и финальный проект",9,Embeddings и vector DB,6,Timeout provider,practice,python_pytest,70,2,18
5,"Модуль 5. AI-интеграция, деплой и финальный проект",9,Embeddings и vector DB,7,Schema fallback,practice,python_pytest,70,2,18
5,"Модуль 5. AI-интеграция, деплой и финальный проект",9,Embeddings и vector DB,8,Chunk citation,practice,python_pytest,70,2,18
5,"Модуль 5. AI-интеграция, деплой и финальный проект",9,Embeddings и vector DB,9,Graph node,practice,python_pytest,70,2,18
5,"Модуль 5. AI-интеграция, деплой и финальный проект",9,Embeddings и vector DB,10,AI-минипроект,project,ide_plugin,140,2,50
5,"Модуль 5. AI-интеграция, деплой и финальный проект",9,Embeddings и vector DB,11,Контрольный артефакт,project,ide_plugin,110,2,30
5,"Модуль 5. AI-интеграция, деплой и финальный проект",9,Embeddings и vector DB,12,Итог,summary,,40,2,8
5,"Модуль 5. AI-интеграция, деплой и финальный проект",10,Retrieval evaluation hallucination,1,Что это,theory,,40,2,18
5,"Модуль 5. AI-интеграция, деплой и финальный проект",10,Retrieval evaluation hallucination,2,Минимальный пример,theory,,40,2,18
5,"Модуль 5. AI-интеграция, деплой и финальный проект",10,Retrieval evaluation hallucination,3,Понимание,test,quiz_single,40,2,12
5,"Модуль 5. AI-интеграция, деплой и финальный проект",10,Retrieval evaluation hallucination,4,Chunk citation,practice,python_pytest,70,2,18
5,"Модуль 5. AI-интеграция, деплой и финальный проект",10,Retrieval evaluation hallucination,5,Chunk citation,practice,python_pytest,70,2,18
5,"Модуль 5. AI-интеграция, деплой и финальный проект",10,Retrieval evaluation hallucination,6,Timeout provider,practice,python_pytest,70,2,18
5,"Модуль 5. AI-интеграция, деплой и финальный проект",10,Retrieval evaluation hallucination,7,Schema fallback,practice,python_pytest,70,2,18
5,"Модуль 5. AI-интеграция, деплой и финальный проект",10,Retrieval evaluation hallucination,8,Chunk citation,practice,python_pytest,70,2,18
5,"Модуль 5. AI-интеграция, деплой и финальный проект",10,Retrieval evaluation hallucination,9,Graph node,practice,python_pytest,70,2,18
5,"Модуль 5. AI-интеграция, деплой и финальный проект",10,Retrieval evaluation hallucination,10,AI-минипроект,project,ide_plugin,140,2,50
5,"Модуль 5. AI-интеграция, деплой и финальный проект",10,Retrieval evaluation hallucination,11,Контрольный артефакт,project,ide_plugin,110,2,30
5,"Модуль 5. AI-интеграция, деплой и финальный проект",10,Retrieval evaluation hallucination,12,Итог,summary,,40,2,8
5,"Модуль 5. AI-интеграция, деплой и финальный проект",11,LangChain и LangGraph,1,Что это,theory,,40,2,18
5,"Модуль 5. AI-интеграция, деплой и финальный проект",11,LangChain и LangGraph,2,Минимальный пример,theory,,40,2,18
5,"Модуль 5. AI-интеграция, деплой и финальный проект",11,LangChain и LangGraph,3,Понимание,test,quiz_single,40,2,12
5,"Модуль 5. AI-интеграция, деплой и финальный проект",11,LangChain и LangGraph,4,Graph node,practice,python_pytest,70,2,18
5,"Модуль 5. AI-интеграция, деплой и финальный проект",11,LangChain и LangGraph,5,Graph node,practice,python_pytest,70,2,18
5,"Модуль 5. AI-интеграция, деплой и финальный проект",11,LangChain и LangGraph,6,Graph node,practice,python_pytest,70,2,18
5,"Модуль 5. AI-интеграция, деплой и финальный проект",11,LangChain и LangGraph,7,Graph node,practice,python_pytest,70,2,18
5,"Модуль 5. AI-интеграция, деплой и финальный проект",11,LangChain и LangGraph,8,Graph node,practice,python_pytest,70,2,18
5,"Модуль 5. AI-интеграция, деплой и финальный проект",11,LangChain и LangGraph,9,AI-минипроект,project,ide_plugin,140,2,50
5,"Модуль 5. AI-интеграция, деплой и финальный проект",11,LangChain и LangGraph,10,Контрольный артефакт,project,ide_plugin,110,2,30
5,"Модуль 5. AI-интеграция, деплой и финальный проект",11,LangChain и LangGraph,11,Итог,summary,,40,2,8
5,"Модуль 5. AI-интеграция, деплой и финальный проект",12,Безопасный вайбкодинг,1,Что это,theory,,40,2,18
5,"Модуль 5. AI-интеграция, деплой и финальный проект",12,Безопасный вайбкодинг,2,Минимальный пример,theory,,40,2,18
5,"Модуль 5. AI-интеграция, деплой и финальный проект",12,Безопасный вайбкодинг,3,Понимание,test,quiz_single,40,2,12
5,"Модуль 5. AI-интеграция, деплой и финальный проект",12,Безопасный вайбкодинг,4,Patch review,practice,python_pytest,70,2,18
5,"Модуль 5. AI-интеграция, деплой и финальный проект",12,Безопасный вайбкодинг,5,Patch review,practice,python_pytest,70,2,18
5,"Модуль 5. AI-интеграция, деплой и финальный проект",12,Безопасный вайбкодинг,6,Patch review,practice,python_pytest,70,2,18
5,"Модуль 5. AI-интеграция, деплой и финальный проект",12,Безопасный вайбкодинг,7,Patch review,practice,python_pytest,70,2,18
5,"Модуль 5. AI-интеграция, деплой и финальный проект",12,Безопасный вайбкодинг,8,Patch review,practice,python_pytest,70,2,18
5,"Модуль 5. AI-интеграция, деплой и финальный проект",12,Безопасный вайбкодинг,9,AI-минипроект,project,ide_plugin,140,2,50
5,"Модуль 5. AI-интеграция, деплой и финальный проект",12,Безопасный вайбкодинг,10,Контрольный артефакт,project,ide_plugin,110,2,30
5,"Модуль 5. AI-интеграция, деплой и финальный проект",12,Безопасный вайбкодинг,11,Итог,summary,,40,2,8
5,"Модуль 5. AI-интеграция, деплой и финальный проект",13,"VPS, безопасность, домен, SSL",1,Что это,theory,,40,2,18
5,"Модуль 5. AI-интеграция, деплой и финальный проект",13,"VPS, безопасность, домен, SSL",2,Минимальный пример,theory,,40,2,16
5,"Модуль 5. AI-интеграция, деплой и финальный проект",13,"VPS, безопасность, домен, SSL",3,Понимание,test,quiz_single,40,2,12
5,"Модуль 5. AI-интеграция, деплой и финальный проект",13,"VPS, безопасность, домен, SSL",4,README,practice,ide_plugin,90,2,30
5,"Модуль 5. AI-интеграция, деплой и финальный проект",13,"VPS, безопасность, домен, SSL",5,Команда,practice,ide_plugin,90,2,30
5,"Модуль 5. AI-интеграция, деплой и финальный проект",13,"VPS, безопасность, домен, SSL",6,Ошибка,practice,ide_plugin,90,2,30
5,"Модуль 5. AI-интеграция, деплой и финальный проект",13,"VPS, безопасность, домен, SSL",7,Git state,practice,ide_plugin,90,2,30
5,"Модуль 5. AI-интеграция, деплой и финальный проект",13,"VPS, безопасность, домен, SSL",8,Проверка,project,ide_plugin,130,2,45
5,"Модуль 5. AI-интеграция, деплой и финальный проект",13,"VPS, безопасность, домен, SSL",9,Контрольный артефакт,project,ide_plugin,110,2,30
5,"Модуль 5. AI-интеграция, деплой и финальный проект",13,"VPS, безопасность, домен, SSL",10,Итог,summary,,40,2,8
5,"Модуль 5. AI-интеграция, деплой и финальный проект",14,Автодеплой и rollback,1,Что это,theory,,40,2,18
5,"Модуль 5. AI-интеграция, деплой и финальный проект",14,Автодеплой и rollback,2,Минимальный пример,theory,,40,2,16
5,"Модуль 5. AI-интеграция, деплой и финальный проект",14,Автодеплой и rollback,3,Понимание,test,quiz_single,40,2,12
5,"Модуль 5. AI-интеграция, деплой и финальный проект",14,Автодеплой и rollback,4,README,practice,ide_plugin,90,2,30
5,"Модуль 5. AI-интеграция, деплой и финальный проект",14,Автодеплой и rollback,5,Команда,practice,ide_plugin,90,2,30
5,"Модуль 5. AI-интеграция, деплой и финальный проект",14,Автодеплой и rollback,6,Ошибка,practice,ide_plugin,90,2,30
5,"Модуль 5. AI-интеграция, деплой и финальный проект",14,Автодеплой и rollback,7,Git state,practice,ide_plugin,90,2,30
5,"Модуль 5. AI-интеграция, деплой и финальный проект",14,Автодеплой и rollback,8,Проверка,project,ide_plugin,130,2,45
5,"Модуль 5. AI-интеграция, деплой и финальный проект",14,Автодеплой и rollback,9,Контрольный артефакт,project,ide_plugin,110,2,30
5,"Модуль 5. AI-интеграция, деплой и финальный проект",14,Автодеплой и rollback,10,Итог,summary,,40,2,8
5,"Модуль 5. AI-интеграция, деплой и финальный проект",15,Финальный проект: ТЗ,1,Что это,theory,,40,2,18
5,"Модуль 5. AI-интеграция, деплой и финальный проект",15,Финальный проект: ТЗ,2,Минимальный пример,theory,,40,2,18
5,"Модуль 5. AI-интеграция, деплой и финальный проект",15,Финальный проект: ТЗ,3,Понимание,test,quiz_single,40,2,12
5,"Модуль 5. AI-интеграция, деплой и финальный проект",15,Финальный проект: ТЗ,4,Колонки,practice,sql_query,85,2,22
5,"Модуль 5. AI-интеграция, деплой и финальный проект",15,Финальный проект: ТЗ,5,Фильтр,practice,sql_query,85,2,22
5,"Модуль 5. AI-интеграция, деплой и финальный проект",15,Финальный проект: ТЗ,6,NULL,practice,sql_query,85,2,22
5,"Модуль 5. AI-интеграция, деплой и финальный проект",15,Финальный проект: ТЗ,7,JOIN,practice,sql_query,85,2,22
5,"Модуль 5. AI-интеграция, деплой и финальный проект",15,Финальный проект: ТЗ,8,SQL-файл,project,ide_plugin,130,2,45
5,"Модуль 5. AI-интеграция, деплой и финальный проект",15,Финальный проект: ТЗ,9,Закрепление,test,quiz_single,40,2,12
5,"Модуль 5. AI-интеграция, деплой и финальный проект",15,Финальный проект: ТЗ,10,Контрольный артефакт,project,ide_plugin,110,2,30
5,"Модуль 5. AI-интеграция, деплой и финальный проект",15,Финальный проект: ТЗ,11,Итог,summary,,40,2,8
5,"Модуль 5. AI-интеграция, деплой и финальный проект",16,Финальный проект: User stories,1,Что это,theory,,40,2,18
5,"Модуль 5. AI-интеграция, деплой и финальный проект",16,Финальный проект: User stories,2,Минимальный пример,theory,,40,2,18
5,"Модуль 5. AI-интеграция, деплой и финальный проект",16,Финальный проект: User stories,3,Понимание,test,quiz_single,40,2,12
5,"Модуль 5. AI-интеграция, деплой и финальный проект",16,Финальный проект: User stories,4,Колонки,practice,sql_query,85,2,22
5,"Модуль 5. AI-интеграция, деплой и финальный проект",16,Финальный проект: User stories,5,Фильтр,practice,sql_query,85,2,22
5,"Модуль 5. AI-интеграция, деплой и финальный проект",16,Финальный проект: User stories,6,NULL,practice,sql_query,85,2,22
5,"Модуль 5. AI-интеграция, деплой и финальный проект",16,Финальный проект: User stories,7,JOIN,practice,sql_query,85,2,22
5,"Модуль 5. AI-интеграция, деплой и финальный проект",16,Финальный проект: User stories,8,SQL-файл,project,ide_plugin,130,2,45
5,"Модуль 5. AI-интеграция, деплой и финальный проект",16,Финальный проект: User stories,9,Закрепление,test,quiz_single,40,2,12
5,"Модуль 5. AI-интеграция, деплой и финальный проект",16,Финальный проект: User stories,10,Контрольный артефакт,project,ide_plugin,110,2,30
5,"Модуль 5. AI-интеграция, деплой и финальный проект",16,Финальный проект: User stories,11,Итог,summary,,40,2,8
5,"Модуль 5. AI-интеграция, деплой и финальный проект",17,Финальный проект: схема БД,1,Что это,theory,,40,2,18
5,"Модуль 5. AI-интеграция, деплой и финальный проект",17,Финальный проект: схема БД,2,Минимальный пример,theory,,40,2,18
5,"Модуль 5. AI-интеграция, деплой и финальный проект",17,Финальный проект: схема БД,3,Понимание,test,quiz_single,40,2,12
5,"Модуль 5. AI-интеграция, деплой и финальный проект",17,Финальный проект: схема БД,4,Колонки,practice,sql_query,85,2,22
5,"Модуль 5. AI-интеграция, деплой и финальный проект",17,Финальный проект: схема БД,5,Фильтр,practice,sql_query,85,2,22
5,"Модуль 5. AI-интеграция, деплой и финальный проект",17,Финальный проект: схема БД,6,NULL,practice,sql_query,85,2,22
5,"Модуль 5. AI-интеграция, деплой и финальный проект",17,Финальный проект: схема БД,7,JOIN,practice,sql_query,85,2,22
5,"Модуль 5. AI-интеграция, деплой и финальный проект",17,Финальный проект: схема БД,8,SQL-файл,project,ide_plugin,130,2,45
5,"Модуль 5. AI-интеграция, деплой и финальный проект",17,Финальный проект: схема БД,9,Закрепление,test,quiz_single,40,2,12
5,"Модуль 5. AI-интеграция, деплой и финальный проект",17,Финальный проект: схема БД,10,Контрольный артефакт,project,ide_plugin,110,2,30
5,"Модуль 5. AI-интеграция, деплой и финальный проект",17,Финальный проект: схема БД,11,Итог,summary,,40,2,8
5,"Модуль 5. AI-интеграция, деплой и финальный проект",18,Финальный проект: API contract,1,Что это,theory,,40,2,18
5,"Модуль 5. AI-интеграция, деплой и финальный проект",18,Финальный проект: API contract,2,Минимальный пример,theory,,40,2,18
5,"Модуль 5. AI-интеграция, деплой и финальный проект",18,Финальный проект: API contract,3,Понимание,test,quiz_single,40,2,12
5,"Модуль 5. AI-интеграция, деплой и финальный проект",18,Финальный проект: API contract,4,Колонки,practice,sql_query,85,2,22
5,"Модуль 5. AI-интеграция, деплой и финальный проект",18,Финальный проект: API contract,5,Фильтр,practice,sql_query,85,2,22
5,"Модуль 5. AI-интеграция, деплой и финальный проект",18,Финальный проект: API contract,6,NULL,practice,sql_query,85,2,22
5,"Модуль 5. AI-интеграция, деплой и финальный проект",18,Финальный проект: API contract,7,JOIN,practice,sql_query,85,2,22
5,"Модуль 5. AI-интеграция, деплой и финальный проект",18,Финальный проект: API contract,8,SQL-файл,project,ide_plugin,130,2,45
5,"Модуль 5. AI-интеграция, деплой и финальный проект",18,Финальный проект: API contract,9,Закрепление,test,quiz_single,40,2,12
5,"Модуль 5. AI-интеграция, деплой и финальный проект",18,Финальный проект: API contract,10,Контрольный артефакт,project,ide_plugin,110,2,30
5,"Модуль 5. AI-интеграция, деплой и финальный проект",18,Финальный проект: API contract,11,Итог,summary,,40,2,8
5,"Модуль 5. AI-интеграция, деплой и финальный проект",19,Финальный проект: Git workflow,1,Что это,theory,,40,2,18
5,"Модуль 5. AI-интеграция, деплой и финальный проект",19,Финальный проект: Git workflow,2,Минимальный пример,theory,,40,2,18
5,"Модуль 5. AI-интеграция, деплой и финальный проект",19,Финальный проект: Git workflow,3,Понимание,test,quiz_single,40,2,12
5,"Модуль 5. AI-интеграция, деплой и финальный проект",19,Финальный проект: Git workflow,4,Колонки,practice,sql_query,85,2,22
5,"Модуль 5. AI-интеграция, деплой и финальный проект",19,Финальный проект: Git workflow,5,Фильтр,practice,sql_query,85,2,22
5,"Модуль 5. AI-интеграция, деплой и финальный проект",19,Финальный проект: Git workflow,6,NULL,practice,sql_query,85,2,22
5,"Модуль 5. AI-интеграция, деплой и финальный проект",19,Финальный проект: Git workflow,7,JOIN,practice,sql_query,85,2,22
5,"Модуль 5. AI-интеграция, деплой и финальный проект",19,Финальный проект: Git workflow,8,SQL-файл,project,ide_plugin,130,2,45
5,"Модуль 5. AI-интеграция, деплой и финальный проект",19,Финальный проект: Git workflow,9,Закрепление,test,quiz_single,40,2,12
5,"Модуль 5. AI-интеграция, деплой и финальный проект",19,Финальный проект: Git workflow,10,Контрольный артефакт,project,ide_plugin,110,2,30
5,"Модуль 5. AI-интеграция, деплой и финальный проект",19,Финальный проект: Git workflow,11,Итог,summary,,40,2,8
5,"Модуль 5. AI-интеграция, деплой и финальный проект",20,Финальный проект: FastAPI-структура,1,Что это,theory,,40,2,18
5,"Модуль 5. AI-интеграция, деплой и финальный проект",20,Финальный проект: FastAPI-структура,2,Минимальный пример,theory,,40,2,18
5,"Модуль 5. AI-интеграция, деплой и финальный проект",20,Финальный проект: FastAPI-структура,3,Понимание,test,quiz_single,40,2,12
5,"Модуль 5. AI-интеграция, деплой и финальный проект",20,Финальный проект: FastAPI-структура,4,Колонки,practice,sql_query,85,2,22
5,"Модуль 5. AI-интеграция, деплой и финальный проект",20,Финальный проект: FastAPI-структура,5,Фильтр,practice,sql_query,85,2,22
5,"Модуль 5. AI-интеграция, деплой и финальный проект",20,Финальный проект: FastAPI-структура,6,NULL,practice,sql_query,85,2,22
5,"Модуль 5. AI-интеграция, деплой и финальный проект",20,Финальный проект: FastAPI-структура,7,JOIN,practice,sql_query,85,2,22
5,"Модуль 5. AI-интеграция, деплой и финальный проект",20,Финальный проект: FastAPI-структура,8,SQL-файл,project,ide_plugin,130,2,45
5,"Модуль 5. AI-интеграция, деплой и финальный проект",20,Финальный проект: FastAPI-структура,9,Закрепление,test,quiz_single,40,2,12
5,"Модуль 5. AI-интеграция, деплой и финальный проект",20,Финальный проект: FastAPI-структура,10,Контрольный артефакт,project,ide_plugin,110,2,30
5,"Модуль 5. AI-интеграция, деплой и финальный проект",20,Финальный проект: FastAPI-структура,11,Итог,summary,,40,2,8
5,"Модуль 5. AI-интеграция, деплой и финальный проект",21,Финальный проект: SQLAlchemy models,1,Что это,theory,,40,2,18
5,"Модуль 5. AI-интеграция, деплой и финальный проект",21,Финальный проект: SQLAlchemy models,2,Минимальный пример,theory,,40,2,18
5,"Модуль 5. AI-интеграция, деплой и финальный проект",21,Финальный проект: SQLAlchemy models,3,Понимание,test,quiz_single,40,2,12
5,"Модуль 5. AI-интеграция, деплой и финальный проект",21,Финальный проект: SQLAlchemy models,4,Колонки,practice,sql_query,85,2,22
5,"Модуль 5. AI-интеграция, деплой и финальный проект",21,Финальный проект: SQLAlchemy models,5,Фильтр,practice,sql_query,85,2,22
5,"Модуль 5. AI-интеграция, деплой и финальный проект",21,Финальный проект: SQLAlchemy models,6,NULL,practice,sql_query,85,2,22
5,"Модуль 5. AI-интеграция, деплой и финальный проект",21,Финальный проект: SQLAlchemy models,7,JOIN,practice,sql_query,85,2,22
5,"Модуль 5. AI-интеграция, деплой и финальный проект",21,Финальный проект: SQLAlchemy models,8,SQL-файл,project,ide_plugin,130,2,45
5,"Модуль 5. AI-интеграция, деплой и финальный проект",21,Финальный проект: SQLAlchemy models,9,Закрепление,test,quiz_single,40,2,12
5,"Модуль 5. AI-интеграция, деплой и финальный проект",21,Финальный проект: SQLAlchemy models,10,Контрольный артефакт,project,ide_plugin,110,2,30
5,"Модуль 5. AI-интеграция, деплой и финальный проект",21,Финальный проект: SQLAlchemy models,11,Итог,summary,,40,2,8
5,"Модуль 5. AI-интеграция, деплой и финальный проект",22,Финальный проект: Alembic migrations,1,Что это,theory,,40,2,18
5,"Модуль 5. AI-интеграция, деплой и финальный проект",22,Финальный проект: Alembic migrations,2,Минимальный пример,theory,,40,2,18
5,"Модуль 5. AI-интеграция, деплой и финальный проект",22,Финальный проект: Alembic migrations,3,Понимание,test,quiz_single,40,2,12
5,"Модуль 5. AI-интеграция, деплой и финальный проект",22,Финальный проект: Alembic migrations,4,Колонки,practice,sql_query,85,2,22
5,"Модуль 5. AI-интеграция, деплой и финальный проект",22,Финальный проект: Alembic migrations,5,Фильтр,practice,sql_query,85,2,22
5,"Модуль 5. AI-интеграция, деплой и финальный проект",22,Финальный проект: Alembic migrations,6,NULL,practice,sql_query,85,2,22
5,"Модуль 5. AI-интеграция, деплой и финальный проект",22,Финальный проект: Alembic migrations,7,JOIN,practice,sql_query,85,2,22
5,"Модуль 5. AI-интеграция, деплой и финальный проект",22,Финальный проект: Alembic migrations,8,SQL-файл,project,ide_plugin,130,2,45
5,"Модуль 5. AI-интеграция, деплой и финальный проект",22,Финальный проект: Alembic migrations,9,Закрепление,test,quiz_single,40,2,12
5,"Модуль 5. AI-интеграция, деплой и финальный проект",22,Финальный проект: Alembic migrations,10,Контрольный артефакт,project,ide_plugin,110,2,30
5,"Модуль 5. AI-интеграция, деплой и финальный проект",22,Финальный проект: Alembic migrations,11,Итог,summary,,40,2,8
5,"Модуль 5. AI-интеграция, деплой и финальный проект",23,Финальный проект: Auth,1,Что это,theory,,40,2,18
5,"Модуль 5. AI-интеграция, деплой и финальный проект",23,Финальный проект: Auth,2,Минимальный пример,theory,,40,2,18
5,"Модуль 5. AI-интеграция, деплой и финальный проект",23,Финальный проект: Auth,3,Понимание,test,quiz_single,40,2,12
5,"Модуль 5. AI-интеграция, деплой и финальный проект",23,Финальный проект: Auth,4,Колонки,practice,sql_query,85,2,22
5,"Модуль 5. AI-интеграция, деплой и финальный проект",23,Финальный проект: Auth,5,Фильтр,practice,sql_query,85,2,22
5,"Модуль 5. AI-интеграция, деплой и финальный проект",23,Финальный проект: Auth,6,NULL,practice,sql_query,85,2,22
5,"Модуль 5. AI-интеграция, деплой и финальный проект",23,Финальный проект: Auth,7,JOIN,practice,sql_query,85,2,22
5,"Модуль 5. AI-интеграция, деплой и финальный проект",23,Финальный проект: Auth,8,SQL-файл,project,ide_plugin,130,2,45
5,"Модуль 5. AI-интеграция, деплой и финальный проект",23,Финальный проект: Auth,9,Закрепление,test,quiz_single,40,2,12
5,"Модуль 5. AI-интеграция, деплой и финальный проект",23,Финальный проект: Auth,10,Контрольный артефакт,project,ide_plugin,110,2,30
5,"Модуль 5. AI-интеграция, деплой и финальный проект",23,Финальный проект: Auth,11,Итог,summary,,40,2,8
5,"Модуль 5. AI-интеграция, деплой и финальный проект",24,Финальный проект: CRUD,1,Что это,theory,,40,2,18
5,"Модуль 5. AI-интеграция, деплой и финальный проект",24,Финальный проект: CRUD,2,Минимальный пример,theory,,40,2,18
5,"Модуль 5. AI-интеграция, деплой и финальный проект",24,Финальный проект: CRUD,3,Понимание,test,quiz_single,40,2,12
5,"Модуль 5. AI-интеграция, деплой и финальный проект",24,Финальный проект: CRUD,4,Колонки,practice,sql_query,85,2,22
5,"Модуль 5. AI-интеграция, деплой и финальный проект",24,Финальный проект: CRUD,5,Фильтр,practice,sql_query,85,2,22
5,"Модуль 5. AI-интеграция, деплой и финальный проект",24,Финальный проект: CRUD,6,NULL,practice,sql_query,85,2,22
5,"Модуль 5. AI-интеграция, деплой и финальный проект",24,Финальный проект: CRUD,7,JOIN,practice,sql_query,85,2,22
5,"Модуль 5. AI-интеграция, деплой и финальный проект",24,Финальный проект: CRUD,8,SQL-файл,project,ide_plugin,130,2,45
5,"Модуль 5. AI-интеграция, деплой и финальный проект",24,Финальный проект: CRUD,9,Закрепление,test,quiz_single,40,2,12
5,"Модуль 5. AI-интеграция, деплой и финальный проект",24,Финальный проект: CRUD,10,Контрольный артефакт,project,ide_plugin,110,2,30
5,"Модуль 5. AI-интеграция, деплой и финальный проект",24,Финальный проект: CRUD,11,Итог,summary,,40,2,8
5,"Модуль 5. AI-интеграция, деплой и финальный проект",25,Финальный проект: Tests,1,Что это,theory,,40,2,18
5,"Модуль 5. AI-интеграция, деплой и финальный проект",25,Финальный проект: Tests,2,Минимальный пример,theory,,40,2,18
5,"Модуль 5. AI-интеграция, деплой и финальный проект",25,Финальный проект: Tests,3,Понимание,test,quiz_single,40,2,12
5,"Модуль 5. AI-интеграция, деплой и финальный проект",25,Финальный проект: Tests,4,Колонки,practice,sql_query,85,2,22
5,"Модуль 5. AI-интеграция, деплой и финальный проект",25,Финальный проект: Tests,5,Фильтр,practice,sql_query,85,2,22
5,"Модуль 5. AI-интеграция, деплой и финальный проект",25,Финальный проект: Tests,6,NULL,practice,sql_query,85,2,22
5,"Модуль 5. AI-интеграция, деплой и финальный проект",25,Финальный проект: Tests,7,JOIN,practice,sql_query,85,2,22
5,"Модуль 5. AI-интеграция, деплой и финальный проект",25,Финальный проект: Tests,8,SQL-файл,project,ide_plugin,130,2,45
5,"Модуль 5. AI-интеграция, деплой и финальный проект",25,Финальный проект: Tests,9,Закрепление,test,quiz_single,40,2,12
5,"Модуль 5. AI-интеграция, деплой и финальный проект",25,Финальный проект: Tests,10,Контрольный артефакт,project,ide_plugin,110,2,30
5,"Модуль 5. AI-интеграция, деплой и финальный проект",25,Финальный проект: Tests,11,Итог,summary,,40,2,8
5,"Модуль 5. AI-интеграция, деплой и финальный проект",26,Финальный проект: Docker,1,Что это,theory,,40,2,18
5,"Модуль 5. AI-интеграция, деплой и финальный проект",26,Финальный проект: Docker,2,Минимальный пример,theory,,40,2,18
5,"Модуль 5. AI-интеграция, деплой и финальный проект",26,Финальный проект: Docker,3,Понимание,test,quiz_single,40,2,12
5,"Модуль 5. AI-интеграция, деплой и финальный проект",26,Финальный проект: Docker,4,Колонки,practice,sql_query,85,2,22
5,"Модуль 5. AI-интеграция, деплой и финальный проект",26,Финальный проект: Docker,5,Фильтр,practice,sql_query,85,2,22
5,"Модуль 5. AI-интеграция, деплой и финальный проект",26,Финальный проект: Docker,6,NULL,practice,sql_query,85,2,22
5,"Модуль 5. AI-интеграция, деплой и финальный проект",26,Финальный проект: Docker,7,JOIN,practice,sql_query,85,2,22
5,"Модуль 5. AI-интеграция, деплой и финальный проект",26,Финальный проект: Docker,8,SQL-файл,project,ide_plugin,130,2,45
5,"Модуль 5. AI-интеграция, деплой и финальный проект",26,Финальный проект: Docker,9,Закрепление,test,quiz_single,40,2,12
5,"Модуль 5. AI-интеграция, деплой и финальный проект",26,Финальный проект: Docker,10,Контрольный артефакт,project,ide_plugin,110,2,30
5,"Модуль 5. AI-интеграция, деплой и финальный проект",26,Финальный проект: Docker,11,Итог,summary,,40,2,8
5,"Модуль 5. AI-интеграция, деплой и финальный проект",27,Финальный проект: CI/CD,1,Что это,theory,,40,2,18
5,"Модуль 5. AI-интеграция, деплой и финальный проект",27,Финальный проект: CI/CD,2,Минимальный пример,theory,,40,2,18
5,"Модуль 5. AI-интеграция, деплой и финальный проект",27,Финальный проект: CI/CD,3,Понимание,test,quiz_single,40,2,12
5,"Модуль 5. AI-интеграция, деплой и финальный проект",27,Финальный проект: CI/CD,4,Колонки,practice,sql_query,85,2,22
5,"Модуль 5. AI-интеграция, деплой и финальный проект",27,Финальный проект: CI/CD,5,Фильтр,practice,sql_query,85,2,22
5,"Модуль 5. AI-интеграция, деплой и финальный проект",27,Финальный проект: CI/CD,6,NULL,practice,sql_query,85,2,22
5,"Модуль 5. AI-интеграция, деплой и финальный проект",27,Финальный проект: CI/CD,7,JOIN,practice,sql_query,85,2,22
5,"Модуль 5. AI-интеграция, деплой и финальный проект",27,Финальный проект: CI/CD,8,SQL-файл,project,ide_plugin,130,2,45
5,"Модуль 5. AI-интеграция, деплой и финальный проект",27,Финальный проект: CI/CD,9,Закрепление,test,quiz_single,40,2,12
5,"Модуль 5. AI-интеграция, деплой и финальный проект",27,Финальный проект: CI/CD,10,Контрольный артефакт,project,ide_plugin,110,2,30
5,"Модуль 5. AI-интеграция, деплой и финальный проект",27,Финальный проект: CI/CD,11,Итог,summary,,40,2,8
5,"Модуль 5. AI-интеграция, деплой и финальный проект",28,Финальный проект: AI integration,1,Что это,theory,,40,2,18
5,"Модуль 5. AI-интеграция, деплой и финальный проект",28,Финальный проект: AI integration,2,Минимальный пример,theory,,40,2,18
5,"Модуль 5. AI-интеграция, деплой и финальный проект",28,Финальный проект: AI integration,3,Понимание,test,quiz_single,40,2,12
5,"Модуль 5. AI-интеграция, деплой и финальный проект",28,Финальный проект: AI integration,4,Колонки,practice,sql_query,85,2,22
5,"Модуль 5. AI-интеграция, деплой и финальный проект",28,Финальный проект: AI integration,5,Фильтр,practice,sql_query,85,2,22
5,"Модуль 5. AI-интеграция, деплой и финальный проект",28,Финальный проект: AI integration,6,NULL,practice,sql_query,85,2,22
5,"Модуль 5. AI-интеграция, деплой и финальный проект",28,Финальный проект: AI integration,7,JOIN,practice,sql_query,85,2,22
5,"Модуль 5. AI-интеграция, деплой и финальный проект",28,Финальный проект: AI integration,8,SQL-файл,project,ide_plugin,130,2,45
5,"Модуль 5. AI-интеграция, деплой и финальный проект",28,Финальный проект: AI integration,9,Закрепление,test,quiz_single,40,2,12
5,"Модуль 5. AI-интеграция, деплой и финальный проект",28,Финальный проект: AI integration,10,Контрольный артефакт,project,ide_plugin,110,2,30
5,"Модуль 5. AI-интеграция, деплой и финальный проект",28,Финальный проект: AI integration,11,Итог,summary,,40,2,8
5,"Модуль 5. AI-интеграция, деплой и финальный проект",29,Финальный проект: Logging,1,Что это,theory,,40,2,18
5,"Модуль 5. AI-интеграция, деплой и финальный проект",29,Финальный проект: Logging,2,Минимальный пример,theory,,40,2,18
5,"Модуль 5. AI-интеграция, деплой и финальный проект",29,Финальный проект: Logging,3,Понимание,test,quiz_single,40,2,12
5,"Модуль 5. AI-интеграция, деплой и финальный проект",29,Финальный проект: Logging,4,Колонки,practice,sql_query,85,2,22
5,"Модуль 5. AI-интеграция, деплой и финальный проект",29,Финальный проект: Logging,5,Фильтр,practice,sql_query,85,2,22
5,"Модуль 5. AI-интеграция, деплой и финальный проект",29,Финальный проект: Logging,6,NULL,practice,sql_query,85,2,22
5,"Модуль 5. AI-интеграция, деплой и финальный проект",29,Финальный проект: Logging,7,JOIN,practice,sql_query,85,2,22
5,"Модуль 5. AI-интеграция, деплой и финальный проект",29,Финальный проект: Logging,8,SQL-файл,project,ide_plugin,130,2,45
5,"Модуль 5. AI-интеграция, деплой и финальный проект",29,Финальный проект: Logging,9,Закрепление,test,quiz_single,40,2,12
5,"Модуль 5. AI-интеграция, деплой и финальный проект",29,Финальный проект: Logging,10,Контрольный артефакт,project,ide_plugin,110,2,30
5,"Модуль 5. AI-интеграция, деплой и финальный проект",29,Финальный проект: Logging,11,Итог,summary,,40,2,8
5,"Модуль 5. AI-интеграция, деплой и финальный проект",30,Финальный проект: README,1,Что это,theory,,40,2,18
5,"Модуль 5. AI-интеграция, деплой и финальный проект",30,Финальный проект: README,2,Минимальный пример,theory,,40,2,18
5,"Модуль 5. AI-интеграция, деплой и финальный проект",30,Финальный проект: README,3,Понимание,test,quiz_single,40,2,12
5,"Модуль 5. AI-интеграция, деплой и финальный проект",30,Финальный проект: README,4,Колонки,practice,sql_query,85,2,22
5,"Модуль 5. AI-интеграция, деплой и финальный проект",30,Финальный проект: README,5,Фильтр,practice,sql_query,85,2,22
5,"Модуль 5. AI-интеграция, деплой и финальный проект",30,Финальный проект: README,6,NULL,practice,sql_query,85,2,22
5,"Модуль 5. AI-интеграция, деплой и финальный проект",30,Финальный проект: README,7,JOIN,practice,sql_query,85,2,22
5,"Модуль 5. AI-интеграция, деплой и финальный проект",30,Финальный проект: README,8,SQL-файл,project,ide_plugin,130,2,45
5,"Модуль 5. AI-интеграция, деплой и финальный проект",30,Финальный проект: README,9,Закрепление,test,quiz_single,40,2,12
5,"Модуль 5. AI-интеграция, деплой и финальный проект",30,Финальный проект: README,10,Контрольный артефакт,project,ide_plugin,110,2,30
5,"Модуль 5. AI-интеграция, деплой и финальный проект",30,Финальный проект: README,11,Итог,summary,,40,2,8
5,"Модуль 5. AI-интеграция, деплой и финальный проект",31,Финальный проект: Deploy,1,Что это,theory,,40,2,18
5,"Модуль 5. AI-интеграция, деплой и финальный проект",31,Финальный проект: Deploy,2,Минимальный пример,theory,,40,2,18
5,"Модуль 5. AI-интеграция, деплой и финальный проект",31,Финальный проект: Deploy,3,Понимание,test,quiz_single,40,2,12
5,"Модуль 5. AI-интеграция, деплой и финальный проект",31,Финальный проект: Deploy,4,Колонки,practice,sql_query,85,2,22
5,"Модуль 5. AI-интеграция, деплой и финальный проект",31,Финальный проект: Deploy,5,Фильтр,practice,sql_query,85,2,22
5,"Модуль 5. AI-интеграция, деплой и финальный проект",31,Финальный проект: Deploy,6,NULL,practice,sql_query,85,2,22
5,"Модуль 5. AI-интеграция, деплой и финальный проект",31,Финальный проект: Deploy,7,JOIN,practice,sql_query,85,2,22
5,"Модуль 5. AI-интеграция, деплой и финальный проект",31,Финальный проект: Deploy,8,SQL-файл,project,ide_plugin,130,2,45
5,"Модуль 5. AI-интеграция, деплой и финальный проект",31,Финальный проект: Deploy,9,Закрепление,test,quiz_single,40,2,12
5,"Модуль 5. AI-интеграция, деплой и финальный проект",31,Финальный проект: Deploy,10,Контрольный артефакт,project,ide_plugin,110,2,30
5,"Модуль 5. AI-интеграция, деплой и финальный проект",31,Финальный проект: Deploy,11,Итог,summary,,40,2,8
5,"Модуль 5. AI-интеграция, деплой и финальный проект",32,Финальный проект: Final defense,1,Что это,theory,,40,2,18
5,"Модуль 5. AI-интеграция, деплой и финальный проект",32,Финальный проект: Final defense,2,Минимальный пример,theory,,40,2,18
5,"Модуль 5. AI-интеграция, деплой и финальный проект",32,Финальный проект: Final defense,3,Понимание,test,quiz_single,40,2,12
5,"Модуль 5. AI-интеграция, деплой и финальный проект",32,Финальный проект: Final defense,4,Колонки,practice,sql_query,85,2,22
5,"Модуль 5. AI-интеграция, деплой и финальный проект",32,Финальный проект: Final defense,5,Фильтр,practice,sql_query,85,2,22
5,"Модуль 5. AI-интеграция, деплой и финальный проект",32,Финальный проект: Final defense,6,NULL,practice,sql_query,85,2,22
5,"Модуль 5. AI-интеграция, деплой и финальный проект",32,Финальный проект: Final defense,7,JOIN,practice,sql_query,85,2,22
5,"Модуль 5. AI-интеграция, деплой и финальный проект",32,Финальный проект: Final defense,8,SQL-файл,project,ide_plugin,130,2,45
5,"Модуль 5. AI-интеграция, деплой и финальный проект",32,Финальный проект: Final defense,9,Закрепление,test,quiz_single,40,2,12
5,"Модуль 5. AI-интеграция, деплой и финальный проект",32,Финальный проект: Final defense,10,Контрольный артефакт,project,ide_plugin,110,2,30
5,"Модуль 5. AI-интеграция, деплой и финальный проект",32,Финальный проект: Final defense,11,Итог,summary,,40,2,8
