module_order,module_title,lesson_order,lesson_title,step_order,step_title,step_type,checker_type,xp,difficulty,estimated_minutes
1,"Модуль 1. Python Core, терминал, Git",1,Первый код,1,Смысл,theory,,20,1,15
1,"Модуль 1. Python Core, терминал, Git",1,Первый код,2,Проверка понимания,test,quiz_single,20,1,8
1,"Модуль 1. Python Core, терминал, Git",1,Первый код,3,Первый вывод,practice,python_stdout,40,1,10
1,"Модуль 1. Python Core, терминал, Git",1,Первый код,4,Простая задача,practice,python_stdout,70,2,24
1,"Модуль 1. Python Core, терминал, Git",1,Первый код,5,Ошибка,practice,python_pytest,70,2,28
1,"Модуль 1. Python Core, терминал, Git",1,Первый код,6,Основная задача,practice,python_pytest,70,2,28
1,"Модуль 1. Python Core, терминал, Git",1,Первый код,7,Прикладная задача,practice,python_pytest,70,2,28
1,"Модуль 1. Python Core, терминал, Git",1,Первый код,8,Крайний случай,practice,python_stdout,70,2,24
1,"Модуль 1. Python Core, терминал, Git",1,Первый код,9,Закрепление,test,quiz_single,25,2,10
1,"Модуль 1. Python Core, терминал, Git",1,Первый код,10,Работа в IDE,project,ide_plugin,110,3,55
1,"Модуль 1. Python Core, терминал, Git",1,Первый код,11,Итоги,summary,,15,1,10
1,"Модуль 1. Python Core, терминал, Git",2,Ввод и числа,1,Смысл,theory,,20,1,18
1,"Модуль 1. Python Core, терминал, Git",2,Ввод и числа,2,Минимальный пример,theory,,20,1,18
1,"Модуль 1. Python Core, терминал, Git",2,Ввод и числа,3,Понимание,test,quiz_single,20,1,10
1,"Модуль 1. Python Core, терминал, Git",2,Ввод и числа,4,Простая задача,practice,python_stdout,70,2,24
1,"Модуль 1. Python Core, терминал, Git",2,Ввод и числа,5,Ошибка,practice,python_pytest,70,2,28
1,"Модуль 1. Python Core, терминал, Git",2,Ввод и числа,6,Основная задача,practice,python_pytest,70,2,28
1,"Модуль 1. Python Core, терминал, Git",2,Ввод и числа,7,Прикладная задача,practice,python_pytest,70,2,28
1,"Модуль 1. Python Core, терминал, Git",2,Ввод и числа,8,Крайний случай,practice,python_stdout,70,2,24
1,"Модуль 1. Python Core, терминал, Git",2,Ввод и числа,9,Закрепление,test,quiz_single,25,2,10
1,"Модуль 1. Python Core, терминал, Git",2,Ввод и числа,10,Работа в IDE,project,ide_plugin,110,3,55
1,"Модуль 1. Python Core, терминал, Git",2,Ввод и числа,11,Итоги,summary,,15,1,10
1,"Модуль 1. Python Core, терминал, Git",3,Строки,1,Смысл,theory,,20,1,18
1,"Модуль 1. Python Core, терминал, Git",3,Строки,2,Минимальный пример,theory,,20,1,18
1,"Модуль 1. Python Core, терминал, Git",3,Строки,3,Понимание,test,quiz_single,20,1,10
1,"Модуль 1. Python Core, терминал, Git",3,Строки,4,Простая задача,practice,python_stdout,70,2,24
1,"Модуль 1. Python Core, терминал, Git",3,Строки,5,Ошибка,practice,python_pytest,70,2,28
1,"Модуль 1. Python Core, терминал, Git",3,Строки,6,Основная задача,practice,python_pytest,70,2,28
1,"Модуль 1. Python Core, терминал, Git",3,Строки,7,Прикладная задача,practice,python_pytest,70,2,28
1,"Модуль 1. Python Core, терминал, Git",3,Строки,8,Крайний случай,practice,python_stdout,70,2,24
1,"Модуль 1. Python Core, терминал, Git",3,Строки,9,Закрепление,test,quiz_single,25,2,10
1,"Модуль 1. Python Core, терминал, Git",3,Строки,10,Работа в IDE,project,ide_plugin,110,3,55
1,"Модуль 1. Python Core, терминал, Git",3,Строки,11,Итоги,summary,,15,1,10
1,"Модуль 1. Python Core, терминал, Git",4,bool и None,1,Смысл,theory,,20,1,18
1,"Модуль 1. Python Core, терминал, Git",4,bool и None,2,Минимальный пример,theory,,20,1,18
1,"Модуль 1. Python Core, терминал, Git",4,bool и None,3,Понимание,test,quiz_single,20,1,10
1,"Модуль 1. Python Core, терминал, Git",4,bool и None,4,Простая задача,practice,python_stdout,70,2,24
1,"Модуль 1. Python Core, терминал, Git",4,bool и None,5,Ошибка,practice,python_pytest,70,2,28
1,"Модуль 1. Python Core, терминал, Git",4,bool и None,6,Основная задача,practice,python_pytest,70,2,28
1,"Модуль 1. Python Core, терминал, Git",4,bool и None,7,Прикладная задача,practice,python_pytest,70,2,28
1,"Модуль 1. Python Core, терминал, Git",4,bool и None,8,Крайний случай,practice,python_stdout,70,2,24
1,"Модуль 1. Python Core, терминал, Git",4,bool и None,9,Закрепление,test,quiz_single,25,2,10
1,"Модуль 1. Python Core, терминал, Git",4,bool и None,10,Работа в IDE,project,ide_plugin,110,3,55
1,"Модуль 1. Python Core, терминал, Git",4,bool и None,11,Итоги,summary,,15,1,10
1,"Модуль 1. Python Core, терминал, Git",5,Условия,1,Смысл,theory,,20,1,18
1,"Модуль 1. Python Core, терминал, Git",5,Условия,2,Минимальный пример,theory,,20,1,18
1,"Модуль 1. Python Core, терминал, Git",5,Условия,3,Понимание,test,quiz_single,20,1,10
1,"Модуль 1. Python Core, терминал, Git",5,Условия,4,Простая задача,practice,python_stdout,70,2,24
1,"Модуль 1. Python Core, терминал, Git",5,Условия,5,Ошибка,practice,python_pytest,70,2,28
1,"Модуль 1. Python Core, терминал, Git",5,Условия,6,Основная задача,practice,python_pytest,70,2,28
1,"Модуль 1. Python Core, терминал, Git",5,Условия,7,Прикладная задача,practice,python_pytest,70,2,28
1,"Модуль 1. Python Core, терминал, Git",5,Условия,8,Крайний случай,practice,python_stdout,70,2,24
1,"Модуль 1. Python Core, терминал, Git",5,Условия,9,Закрепление,test,quiz_single,25,2,10
1,"Модуль 1. Python Core, терминал, Git",5,Условия,10,Работа в IDE,project,ide_plugin,110,3,55
1,"Модуль 1. Python Core, терминал, Git",5,Условия,11,Итоги,summary,,15,1,10
1,"Модуль 1. Python Core, терминал, Git",6,Типы и память,1,Смысл,theory,,20,1,18
1,"Модуль 1. Python Core, терминал, Git",6,Типы и память,2,Минимальный пример,theory,,20,1,18
1,"Модуль 1. Python Core, терминал, Git",6,Типы и память,3,Понимание,test,quiz_single,20,1,10
1,"Модуль 1. Python Core, терминал, Git",6,Типы и память,4,Простая задача,practice,python_stdout,70,2,24
1,"Модуль 1. Python Core, терминал, Git",6,Типы и память,5,Ошибка,practice,python_pytest,70,2,28
1,"Модуль 1. Python Core, терминал, Git",6,Типы и память,6,Основная задача,practice,python_pytest,70,2,28
1,"Модуль 1. Python Core, терминал, Git",6,Типы и память,7,Прикладная задача,practice,python_pytest,70,2,28
1,"Модуль 1. Python Core, терминал, Git",6,Типы и память,8,Крайний случай,practice,python_stdout,70,2,24
1,"Модуль 1. Python Core, терминал, Git",6,Типы и память,9,Закрепление,test,quiz_single,25,2,10
1,"Модуль 1. Python Core, терминал, Git",6,Типы и память,10,Работа в IDE,project,ide_plugin,110,3,55
1,"Модуль 1. Python Core, терминал, Git",6,Типы и память,11,Итоги,summary,,15,1,10
1,"Модуль 1. Python Core, терминал, Git",7,Циклы,1,Смысл,theory,,20,1,18
1,"Модуль 1. Python Core, терминал, Git",7,Циклы,2,Минимальный пример,theory,,20,1,18
1,"Модуль 1. Python Core, терминал, Git",7,Циклы,3,Понимание,test,quiz_single,20,1,10
1,"Модуль 1. Python Core, терминал, Git",7,Циклы,4,Простая задача,practice,python_stdout,70,2,24
1,"Модуль 1. Python Core, терминал, Git",7,Циклы,5,Ошибка,practice,python_pytest,70,2,28
1,"Модуль 1. Python Core, терминал, Git",7,Циклы,6,Основная задача,practice,python_pytest,70,2,28
1,"Модуль 1. Python Core, терминал, Git",7,Циклы,7,Прикладная задача,practice,python_pytest,70,2,28
1,"Модуль 1. Python Core, терминал, Git",7,Циклы,8,Крайний случай,practice,python_stdout,70,2,24
1,"Модуль 1. Python Core, терминал, Git",7,Циклы,9,Закрепление,test,quiz_single,25,2,10
1,"Модуль 1. Python Core, терминал, Git",7,Циклы,10,Работа в IDE,project,ide_plugin,110,3,55
1,"Модуль 1. Python Core, терминал, Git",7,Циклы,11,Итоги,summary,,15,1,10
1,"Модуль 1. Python Core, терминал, Git",8,Списки,1,Смысл,theory,,20,1,18
1,"Модуль 1. Python Core, терминал, Git",8,Списки,2,Минимальный пример,theory,,20,1,18
1,"Модуль 1. Python Core, терминал, Git",8,Списки,3,Понимание,test,quiz_single,20,1,10
1,"Модуль 1. Python Core, терминал, Git",8,Списки,4,Простая задача,practice,python_stdout,70,2,24
1,"Модуль 1. Python Core, терминал, Git",8,Списки,5,Ошибка,practice,python_pytest,70,2,28
1,"Модуль 1. Python Core, терминал, Git",8,Списки,6,Основная задача,practice,python_pytest,70,2,28
1,"Модуль 1. Python Core, терминал, Git",8,Списки,7,Прикладная задача,practice,python_pytest,70,2,28
1,"Модуль 1. Python Core, терминал, Git",8,Списки,8,Крайний случай,practice,python_stdout,70,2,24
1,"Модуль 1. Python Core, терминал, Git",8,Списки,9,Закрепление,test,quiz_single,25,2,10
1,"Модуль 1. Python Core, терминал, Git",8,Списки,10,Работа в IDE,project,ide_plugin,110,3,55
1,"Модуль 1. Python Core, терминал, Git",8,Списки,11,Итоги,summary,,15,1,10
1,"Модуль 1. Python Core, терминал, Git",9,Функции,1,Смысл,theory,,20,1,18
1,"Модуль 1. Python Core, терминал, Git",9,Функции,2,Минимальный пример,theory,,20,1,18
1,"Модуль 1. Python Core, терминал, Git",9,Функции,3,Понимание,test,quiz_single,20,1,10
1,"Модуль 1. Python Core, терминал, Git",9,Функции,4,Простая задача,practice,python_stdout,70,2,24
1,"Модуль 1. Python Core, терминал, Git",9,Функции,5,Ошибка,practice,python_pytest,70,2,28
1,"Модуль 1. Python Core, терминал, Git",9,Функции,6,Основная задача,practice,python_pytest,70,2,28
1,"Модуль 1. Python Core, терминал, Git",9,Функции,7,Прикладная задача,practice,python_pytest,70,2,28
1,"Модуль 1. Python Core, терминал, Git",9,Функции,8,Крайний случай,practice,python_stdout,70,2,24
1,"Модуль 1. Python Core, терминал, Git",9,Функции,9,Закрепление,test,quiz_single,25,2,10
1,"Модуль 1. Python Core, терминал, Git",9,Функции,10,Работа в IDE,project,ide_plugin,110,3,55
1,"Модуль 1. Python Core, терминал, Git",9,Функции,11,Итоги,summary,,15,1,10
1,"Модуль 1. Python Core, терминал, Git",10,Кортежи,1,Смысл,theory,,20,1,18
1,"Модуль 1. Python Core, терминал, Git",10,Кортежи,2,Минимальный пример,theory,,20,1,18
1,"Модуль 1. Python Core, терминал, Git",10,Кортежи,3,Понимание,test,quiz_single,20,1,10
1,"Модуль 1. Python Core, терминал, Git",10,Кортежи,4,Простая задача,practice,python_stdout,70,2,24
1,"Модуль 1. Python Core, терминал, Git",10,Кортежи,5,Ошибка,practice,python_pytest,70,2,28
1,"Модуль 1. Python Core, терминал, Git",10,Кортежи,6,Основная задача,practice,python_pytest,70,2,28
1,"Модуль 1. Python Core, терминал, Git",10,Кортежи,7,Прикладная задача,practice,python_pytest,70,2,28
1,"Модуль 1. Python Core, терминал, Git",10,Кортежи,8,Крайний случай,practice,python_stdout,70,2,24
1,"Модуль 1. Python Core, терминал, Git",10,Кортежи,9,Закрепление,test,quiz_single,25,2,10
1,"Модуль 1. Python Core, терминал, Git",10,Кортежи,10,Работа в IDE,project,ide_plugin,110,3,55
1,"Модуль 1. Python Core, терминал, Git",10,Кортежи,11,Итоги,summary,,15,1,10
1,"Модуль 1. Python Core, терминал, Git",11,Множества,1,Смысл,theory,,20,1,18
1,"Модуль 1. Python Core, терминал, Git",11,Множества,2,Минимальный пример,theory,,20,1,18
1,"Модуль 1. Python Core, терминал, Git",11,Множества,3,Понимание,test,quiz_single,20,1,10
1,"Модуль 1. Python Core, терминал, Git",11,Множества,4,Простая задача,practice,python_stdout,70,2,24
1,"Модуль 1. Python Core, терминал, Git",11,Множества,5,Ошибка,practice,python_pytest,70,2,28
1,"Модуль 1. Python Core, терминал, Git",11,Множества,6,Основная задача,practice,python_pytest,70,2,28
1,"Модуль 1. Python Core, терминал, Git",11,Множества,7,Прикладная задача,practice,python_pytest,70,2,28
1,"Модуль 1. Python Core, терминал, Git",11,Множества,8,Крайний случай,practice,python_stdout,70,2,24
1,"Модуль 1. Python Core, терминал, Git",11,Множества,9,Закрепление,test,quiz_single,25,2,10
1,"Модуль 1. Python Core, терминал, Git",11,Множества,10,Работа в IDE,project,ide_plugin,110,3,55
1,"Модуль 1. Python Core, терминал, Git",11,Множества,11,Итоги,summary,,15,1,10
1,"Модуль 1. Python Core, терминал, Git",12,Словари,1,Смысл,theory,,20,1,18
1,"Модуль 1. Python Core, терминал, Git",12,Словари,2,Минимальный пример,theory,,20,1,18
1,"Модуль 1. Python Core, терминал, Git",12,Словари,3,Понимание,test,quiz_single,20,1,10
1,"Модуль 1. Python Core, терминал, Git",12,Словари,4,Простая задача,practice,python_stdout,70,2,24
1,"Модуль 1. Python Core, терминал, Git",12,Словари,5,Ошибка,practice,python_pytest,70,2,28
1,"Модуль 1. Python Core, терминал, Git",12,Словари,6,Основная задача,practice,python_pytest,70,2,28
1,"Модуль 1. Python Core, терминал, Git",12,Словари,7,Прикладная задача,practice,python_pytest,70,2,28
1,"Модуль 1. Python Core, терминал, Git",12,Словари,8,Крайний случай,practice,python_stdout,70,2,24
1,"Модуль 1. Python Core, терминал, Git",12,Словари,9,Закрепление,test,quiz_single,25,2,10
1,"Модуль 1. Python Core, терминал, Git",12,Словари,10,Работа в IDE,project,ide_plugin,110,3,55
1,"Модуль 1. Python Core, терминал, Git",12,Словари,11,Итоги,summary,,15,1,10
1,"Модуль 1. Python Core, терминал, Git",13,map/filter/lambda,1,Смысл,theory,,20,1,18
1,"Модуль 1. Python Core, терминал, Git",13,map/filter/lambda,2,Минимальный пример,theory,,20,1,18
1,"Модуль 1. Python Core, терминал, Git",13,map/filter/lambda,3,Понимание,test,quiz_single,20,1,10
1,"Модуль 1. Python Core, терминал, Git",13,map/filter/lambda,4,Простая задача,practice,python_stdout,70,2,24
1,"Модуль 1. Python Core, терминал, Git",13,map/filter/lambda,5,Ошибка,practice,python_pytest,70,2,28
1,"Модуль 1. Python Core, терминал, Git",13,map/filter/lambda,6,Основная задача,practice,python_pytest,70,2,28
1,"Модуль 1. Python Core, терминал, Git",13,map/filter/lambda,7,Прикладная задача,practice,python_pytest,70,2,28
1,"Модуль 1. Python Core, терминал, Git",13,map/filter/lambda,8,Крайний случай,practice,python_stdout,70,2,24
1,"Модуль 1. Python Core, терминал, Git",13,map/filter/lambda,9,Закрепление,test,quiz_single,25,2,10
1,"Модуль 1. Python Core, терминал, Git",13,map/filter/lambda,10,Работа в IDE,project,ide_plugin,110,3,55
1,"Модуль 1. Python Core, терминал, Git",13,map/filter/lambda,11,Итоги,summary,,15,1,10
1,"Модуль 1. Python Core, терминал, Git",14,datetime,1,Смысл,theory,,20,1,18
1,"Модуль 1. Python Core, терминал, Git",14,datetime,2,Минимальный пример,theory,,20,1,18
1,"Модуль 1. Python Core, терминал, Git",14,datetime,3,Понимание,test,quiz_single,20,1,10
1,"Модуль 1. Python Core, терминал, Git",14,datetime,4,Простая задача,practice,python_stdout,70,2,24
1,"Модуль 1. Python Core, терминал, Git",14,datetime,5,Ошибка,practice,python_pytest,70,2,28
1,"Модуль 1. Python Core, терминал, Git",14,datetime,6,Основная задача,practice,python_pytest,70,2,28
1,"Модуль 1. Python Core, терминал, Git",14,datetime,7,Прикладная задача,practice,python_pytest,70,2,28
1,"Модуль 1. Python Core, терминал, Git",14,datetime,8,Крайний случай,practice,python_stdout,70,2,24
1,"Модуль 1. Python Core, терминал, Git",14,datetime,9,Закрепление,test,quiz_single,25,2,10
1,"Модуль 1. Python Core, терминал, Git",14,datetime,10,Работа в IDE,project,ide_plugin,110,3,55
1,"Модуль 1. Python Core, терминал, Git",14,datetime,11,Итоги,summary,,15,1,10
1,"Модуль 1. Python Core, терминал, Git",15,Итераторы,1,Смысл,theory,,20,1,18
1,"Модуль 1. Python Core, терминал, Git",15,Итераторы,2,Минимальный пример,theory,,20,1,18
1,"Модуль 1. Python Core, терминал, Git",15,Итераторы,3,Понимание,test,quiz_single,20,1,10
1,"Модуль 1. Python Core, терминал, Git",15,Итераторы,4,Простая задача,practice,python_stdout,70,2,24
1,"Модуль 1. Python Core, терминал, Git",15,Итераторы,5,Ошибка,practice,python_pytest,70,2,28
1,"Модуль 1. Python Core, терминал, Git",15,Итераторы,6,Основная задача,practice,python_pytest,70,2,28
1,"Модуль 1. Python Core, терминал, Git",15,Итераторы,7,Прикладная задача,practice,python_pytest,70,2,28
1,"Модуль 1. Python Core, терминал, Git",15,Итераторы,8,Крайний случай,practice,python_stdout,70,2,24
1,"Модуль 1. Python Core, терминал, Git",15,Итераторы,9,Закрепление,test,quiz_single,25,2,10
1,"Модуль 1. Python Core, терминал, Git",15,Итераторы,10,Работа в IDE,project,ide_plugin,110,3,55
1,"Модуль 1. Python Core, терминал, Git",15,Итераторы,11,Итоги,summary,,15,1,10
1,"Модуль 1. Python Core, терминал, Git",16,Генераторы,1,Смысл,theory,,20,1,18
1,"Модуль 1. Python Core, терминал, Git",16,Генераторы,2,Минимальный пример,theory,,20,1,18
1,"Модуль 1. Python Core, терминал, Git",16,Генераторы,3,Понимание,test,quiz_single,20,1,10
1,"Модуль 1. Python Core, терминал, Git",16,Генераторы,4,Простая задача,practice,python_stdout,70,2,24
1,"Модуль 1. Python Core, терминал, Git",16,Генераторы,5,Ошибка,practice,python_pytest,70,2,28
1,"Модуль 1. Python Core, терминал, Git",16,Генераторы,6,Основная задача,practice,python_pytest,70,2,28
1,"Модуль 1. Python Core, терминал, Git",16,Генераторы,7,Прикладная задача,practice,python_pytest,70,2,28
1,"Модуль 1. Python Core, терминал, Git",16,Генераторы,8,Крайний случай,practice,python_stdout,70,2,24
1,"Модуль 1. Python Core, терминал, Git",16,Генераторы,9,Закрепление,test,quiz_single,25,2,10
1,"Модуль 1. Python Core, терминал, Git",16,Генераторы,10,Работа в IDE,project,ide_plugin,110,3,55
1,"Модуль 1. Python Core, терминал, Git",16,Генераторы,11,Итоги,summary,,15,1,10
1,"Модуль 1. Python Core, терминал, Git",17,Декораторы,1,Смысл,theory,,20,1,18
1,"Модуль 1. Python Core, терминал, Git",17,Декораторы,2,Минимальный пример,theory,,20,1,18
1,"Модуль 1. Python Core, терминал, Git",17,Декораторы,3,Понимание,test,quiz_single,20,1,10
1,"Модуль 1. Python Core, терминал, Git",17,Декораторы,4,Простая задача,practice,python_stdout,70,2,24
1,"Модуль 1. Python Core, терминал, Git",17,Декораторы,5,Ошибка,practice,python_pytest,70,2,28
1,"Модуль 1. Python Core, терминал, Git",17,Декораторы,6,Основная задача,practice,python_pytest,70,2,28
1,"Модуль 1. Python Core, терминал, Git",17,Декораторы,7,Прикладная задача,practice,python_pytest,70,2,28
1,"Модуль 1. Python Core, терминал, Git",17,Декораторы,8,Крайний случай,practice,python_stdout,70,2,24
1,"Модуль 1. Python Core, терминал, Git",17,Декораторы,9,Закрепление,test,quiz_single,25,2,10
1,"Модуль 1. Python Core, терминал, Git",17,Декораторы,10,Работа в IDE,project,ide_plugin,110,3,55
1,"Модуль 1. Python Core, терминал, Git",17,Декораторы,11,Итоги,summary,,15,1,10
1,"Модуль 1. Python Core, терминал, Git",18,Контекстные менеджеры,1,Смысл,theory,,20,1,18
1,"Модуль 1. Python Core, терминал, Git",18,Контекстные менеджеры,2,Минимальный пример,theory,,20,1,18
1,"Модуль 1. Python Core, терминал, Git",18,Контекстные менеджеры,3,Понимание,test,quiz_single,20,1,10
1,"Модуль 1. Python Core, терминал, Git",18,Контекстные менеджеры,4,Простая задача,practice,python_stdout,70,2,24
1,"Модуль 1. Python Core, терминал, Git",18,Контекстные менеджеры,5,Ошибка,practice,python_pytest,70,2,28
1,"Модуль 1. Python Core, терминал, Git",18,Контекстные менеджеры,6,Основная задача,practice,python_pytest,70,2,28
1,"Модуль 1. Python Core, терминал, Git",18,Контекстные менеджеры,7,Прикладная задача,practice,python_pytest,70,2,28
1,"Модуль 1. Python Core, терминал, Git",18,Контекстные менеджеры,8,Крайний случай,practice,python_stdout,70,2,24
1,"Модуль 1. Python Core, терминал, Git",18,Контекстные менеджеры,9,Закрепление,test,quiz_single,25,2,10
1,"Модуль 1. Python Core, терминал, Git",18,Контекстные менеджеры,10,Работа в IDE,project,ide_plugin,110,3,55
1,"Модуль 1. Python Core, терминал, Git",18,Контекстные менеджеры,11,Итоги,summary,,15,1,10
1,"Модуль 1. Python Core, терминал, Git",19,Исключения,1,Смысл,theory,,20,1,18
1,"Модуль 1. Python Core, терминал, Git",19,Исключения,2,Минимальный пример,theory,,20,1,18
1,"Модуль 1. Python Core, терминал, Git",19,Исключения,3,Понимание,test,quiz_single,20,1,10
1,"Модуль 1. Python Core, терминал, Git",19,Исключения,4,Простая задача,practice,python_stdout,70,2,24
1,"Модуль 1. Python Core, терминал, Git",19,Исключения,5,Ошибка,practice,python_pytest,70,2,28
1,"Модуль 1. Python Core, терминал, Git",19,Исключения,6,Основная задача,practice,python_pytest,70,2,28
1,"Модуль 1. Python Core, терминал, Git",19,Исключения,7,Прикладная задача,practice,python_pytest,70,2,28
1,"Модуль 1. Python Core, терминал, Git",19,Исключения,8,Крайний случай,practice,python_stdout,70,2,24
1,"Модуль 1. Python Core, терминал, Git",19,Исключения,9,Закрепление,test,quiz_single,25,2,10
1,"Модуль 1. Python Core, терминал, Git",19,Исключения,10,Работа в IDE,project,ide_plugin,110,3,55
1,"Модуль 1. Python Core, терминал, Git",19,Исключения,11,Итоги,summary,,15,1,10
1,"Модуль 1. Python Core, терминал, Git",20,AI для учёбы,1,Смысл,theory,,20,1,18
1,"Модуль 1. Python Core, терминал, Git",20,AI для учёбы,2,Минимальный пример,theory,,20,1,18
1,"Модуль 1. Python Core, терминал, Git",20,AI для учёбы,3,Понимание,test,quiz_single,20,1,10
1,"Модуль 1. Python Core, терминал, Git",20,AI для учёбы,4,Простая задача,practice,python_stdout,70,2,24
1,"Модуль 1. Python Core, терминал, Git",20,AI для учёбы,5,Ошибка,practice,python_pytest,70,2,28
1,"Модуль 1. Python Core, терминал, Git",20,AI для учёбы,6,Основная задача,practice,python_pytest,70,2,28
1,"Модуль 1. Python Core, терминал, Git",20,AI для учёбы,7,Прикладная задача,practice,python_pytest,70,2,28
1,"Модуль 1. Python Core, терминал, Git",20,AI для учёбы,8,Крайний случай,practice,python_stdout,70,2,24
1,"Модуль 1. Python Core, терминал, Git",20,AI для учёбы,9,Закрепление,test,quiz_single,25,2,10
1,"Модуль 1. Python Core, терминал, Git",20,AI для учёбы,10,Работа в IDE,project,ide_plugin,110,3,55
1,"Модуль 1. Python Core, терминал, Git",20,AI для учёбы,11,Итоги,summary,,15,1,10
1,"Модуль 1. Python Core, терминал, Git",21,Как работает компьютер,1,Смысл,theory,,25,2,18
1,"Модуль 1. Python Core, терминал, Git",21,Как работает компьютер,2,Минимальный пример,theory,,25,2,18
1,"Модуль 1. Python Core, терминал, Git",21,Как работает компьютер,3,Понимание,test,quiz_single,25,2,10
1,"Модуль 1. Python Core, терминал, Git",21,Как работает компьютер,4,Команда,practice,ide_plugin,90,3,32
1,"Модуль 1. Python Core, терминал, Git",21,Как работает компьютер,5,IDE-задача,project,ide_plugin,120,3,50
1,"Модуль 1. Python Core, терминал, Git",21,Как работает компьютер,6,Команда,practice,ide_plugin,90,3,32
1,"Модуль 1. Python Core, терминал, Git",21,Как работает компьютер,7,IDE-задача,project,ide_plugin,120,3,50
1,"Модуль 1. Python Core, терминал, Git",21,Как работает компьютер,8,Команда,practice,ide_plugin,90,3,32
1,"Модуль 1. Python Core, терминал, Git",21,Как работает компьютер,9,IDE-задача,project,ide_plugin,120,3,50
1,"Модуль 1. Python Core, терминал, Git",21,Как работает компьютер,10,Команда,practice,ide_plugin,90,3,32
1,"Модуль 1. Python Core, терминал, Git",21,Как работает компьютер,11,IDE-задача,project,ide_plugin,120,3,50
1,"Модуль 1. Python Core, терминал, Git",21,Как работает компьютер,12,IDE-задача,project,ide_plugin,120,3,50
1,"Модуль 1. Python Core, терминал, Git",21,Как работает компьютер,13,Закрепление,test,quiz_single,25,2,10
1,"Модуль 1. Python Core, терминал, Git",21,Как работает компьютер,14,Итоги,summary,,15,1,10
1,"Модуль 1. Python Core, терминал, Git",22,Терминал: базовые команды,1,Смысл,theory,,25,2,18
1,"Модуль 1. Python Core, терминал, Git",22,Терминал: базовые команды,2,Минимальный пример,theory,,25,2,18
1,"Модуль 1. Python Core, терминал, Git",22,Терминал: базовые команды,3,Понимание,test,quiz_single,25,2,10
1,"Модуль 1. Python Core, терминал, Git",22,Терминал: базовые команды,4,Команда,practice,ide_plugin,90,3,32
1,"Модуль 1. Python Core, терминал, Git",22,Терминал: базовые команды,5,IDE-задача,project,ide_plugin,120,3,50
1,"Модуль 1. Python Core, терминал, Git",22,Терминал: базовые команды,6,Команда,practice,ide_plugin,90,3,32
1,"Модуль 1. Python Core, терминал, Git",22,Терминал: базовые команды,7,IDE-задача,project,ide_plugin,120,3,50
1,"Модуль 1. Python Core, терминал, Git",22,Терминал: базовые команды,8,Команда,practice,ide_plugin,90,3,32
1,"Модуль 1. Python Core, терминал, Git",22,Терминал: базовые команды,9,IDE-задача,project,ide_plugin,120,3,50
1,"Модуль 1. Python Core, терминал, Git",22,Терминал: базовые команды,10,Команда,practice,ide_plugin,90,3,32
1,"Модуль 1. Python Core, терминал, Git",22,Терминал: базовые команды,11,IDE-задача,project,ide_plugin,120,3,50
1,"Модуль 1. Python Core, терминал, Git",22,Терминал: базовые команды,12,IDE-задача,project,ide_plugin,120,3,50
1,"Модуль 1. Python Core, терминал, Git",22,Терминал: базовые команды,13,Закрепление,test,quiz_single,25,2,10
1,"Модуль 1. Python Core, терминал, Git",22,Терминал: базовые команды,14,Итоги,summary,,15,1,10
1,"Модуль 1. Python Core, терминал, Git",23,Терминал: процессы и bash,1,Смысл,theory,,25,2,18
1,"Модуль 1. Python Core, терминал, Git",23,Терминал: процессы и bash,2,Минимальный пример,theory,,25,2,18
1,"Модуль 1. Python Core, терминал, Git",23,Терминал: процессы и bash,3,Понимание,test,quiz_single,25,2,10
1,"Модуль 1. Python Core, терминал, Git",23,Терминал: процессы и bash,4,Команда,practice,ide_plugin,90,3,32
1,"Модуль 1. Python Core, терминал, Git",23,Терминал: процессы и bash,5,IDE-задача,project,ide_plugin,120,3,50
1,"Модуль 1. Python Core, терминал, Git",23,Терминал: процессы и bash,6,Команда,practice,ide_plugin,90,3,32
1,"Модуль 1. Python Core, терминал, Git",23,Терминал: процессы и bash,7,IDE-задача,project,ide_plugin,120,3,50
1,"Модуль 1. Python Core, терминал, Git",23,Терминал: процессы и bash,8,Команда,practice,ide_plugin,90,3,32
1,"Модуль 1. Python Core, терминал, Git",23,Терминал: процессы и bash,9,IDE-задача,project,ide_plugin,120,3,50
1,"Модуль 1. Python Core, терминал, Git",23,Терминал: процессы и bash,10,Команда,practice,ide_plugin,90,3,32
1,"Модуль 1. Python Core, терминал, Git",23,Терминал: процессы и bash,11,IDE-задача,project,ide_plugin,120,3,50
1,"Модуль 1. Python Core, терминал, Git",23,Терминал: процессы и bash,12,IDE-задача,project,ide_plugin,120,3,50
1,"Модуль 1. Python Core, терминал, Git",23,Терминал: процессы и bash,13,Закрепление,test,quiz_single,25,2,10
1,"Модуль 1. Python Core, терминал, Git",23,Терминал: процессы и bash,14,Итоги,summary,,15,1,10
1,"Модуль 1. Python Core, терминал, Git",24,Git: первые коммиты,1,Смысл,theory,,25,2,18
1,"Модуль 1. Python Core, терминал, Git",24,Git: первые коммиты,2,Минимальный пример,theory,,25,2,18
1,"Модуль 1. Python Core, терминал, Git",24,Git: первые коммиты,3,Понимание,test,quiz_single,25,2,10
1,"Модуль 1. Python Core, терминал, Git",24,Git: первые коммиты,4,Команда,practice,ide_plugin,90,3,32
1,"Модуль 1. Python Core, терминал, Git",24,Git: первые коммиты,5,IDE-задача,project,ide_plugin,120,3,50
1,"Модуль 1. Python Core, терминал, Git",24,Git: первые коммиты,6,Команда,practice,ide_plugin,90,3,32
1,"Модуль 1. Python Core, терминал, Git",24,Git: первые коммиты,7,IDE-задача,project,ide_plugin,120,3,50
1,"Модуль 1. Python Core, терминал, Git",24,Git: первые коммиты,8,Команда,practice,ide_plugin,90,3,32
1,"Модуль 1. Python Core, терминал, Git",24,Git: первые коммиты,9,IDE-задача,project,ide_plugin,120,3,50
1,"Модуль 1. Python Core, терминал, Git",24,Git: первые коммиты,10,Команда,practice,ide_plugin,90,3,32
1,"Модуль 1. Python Core, терминал, Git",24,Git: первые коммиты,11,IDE-задача,project,ide_plugin,120,3,50
1,"Модуль 1. Python Core, терминал, Git",24,Git: первые коммиты,12,IDE-задача,project,ide_plugin,120,3,50
1,"Модуль 1. Python Core, терминал, Git",24,Git: первые коммиты,13,Конфликт,project,ide_plugin,130,4,55
1,"Модуль 1. Python Core, терминал, Git",24,Git: первые коммиты,14,Итоги,summary,,15,1,10
1,"Модуль 1. Python Core, терминал, Git",25,Git: индекс и история,1,Смысл,theory,,25,2,18
1,"Модуль 1. Python Core, терминал, Git",25,Git: индекс и история,2,Минимальный пример,theory,,25,2,18
1,"Модуль 1. Python Core, терминал, Git",25,Git: индекс и история,3,Понимание,test,quiz_single,25,2,10
1,"Модуль 1. Python Core, терминал, Git",25,Git: индекс и история,4,Команда,practice,ide_plugin,90,3,32
1,"Модуль 1. Python Core, терминал, Git",25,Git: индекс и история,5,IDE-задача,project,ide_plugin,120,3,50
1,"Модуль 1. Python Core, терминал, Git",25,Git: индекс и история,6,Команда,practice,ide_plugin,90,3,32
1,"Модуль 1. Python Core, терминал, Git",25,Git: индекс и история,7,IDE-задача,project,ide_plugin,120,3,50
1,"Модуль 1. Python Core, терминал, Git",25,Git: индекс и история,8,Команда,practice,ide_plugin,90,3,32
1,"Модуль 1. Python Core, терминал, Git",25,Git: индекс и история,9,IDE-задача,project,ide_plugin,120,3,50
1,"Модуль 1. Python Core, терминал, Git",25,Git: индекс и история,10,Команда,practice,ide_plugin,90,3,32
1,"Модуль 1. Python Core, терминал, Git",25,Git: индекс и история,11,IDE-задача,project,ide_plugin,120,3,50
1,"Модуль 1. Python Core, терминал, Git",25,Git: индекс и история,12,IDE-задача,project,ide_plugin,120,3,50
1,"Модуль 1. Python Core, терминал, Git",25,Git: индекс и история,13,Конфликт,project,ide_plugin,130,4,55
1,"Модуль 1. Python Core, терминал, Git",25,Git: индекс и история,14,Итоги,summary,,15,1,10
1,"Модуль 1. Python Core, терминал, Git",26,Git: ветки,1,Смысл,theory,,25,2,18
1,"Модуль 1. Python Core, терминал, Git",26,Git: ветки,2,Минимальный пример,theory,,25,2,18
1,"Модуль 1. Python Core, терминал, Git",26,Git: ветки,3,Понимание,test,quiz_single,25,2,10
1,"Модуль 1. Python Core, терминал, Git",26,Git: ветки,4,Команда,practice,ide_plugin,90,3,32
1,"Модуль 1. Python Core, терминал, Git",26,Git: ветки,5,IDE-задача,project,ide_plugin,120,3,50
1,"Модуль 1. Python Core, терминал, Git",26,Git: ветки,6,Команда,practice,ide_plugin,90,3,32
1,"Модуль 1. Python Core, терминал, Git",26,Git: ветки,7,IDE-задача,project,ide_plugin,120,3,50
1,"Модуль 1. Python Core, терминал, Git",26,Git: ветки,8,Команда,practice,ide_plugin,90,3,32
1,"Модуль 1. Python Core, терминал, Git",26,Git: ветки,9,IDE-задача,project,ide_plugin,120,3,50
1,"Модуль 1. Python Core, терминал, Git",26,Git: ветки,10,Команда,practice,ide_plugin,90,3,32
1,"Модуль 1. Python Core, терминал, Git",26,Git: ветки,11,IDE-задача,project,ide_plugin,120,3,50
1,"Модуль 1. Python Core, терминал, Git",26,Git: ветки,12,IDE-задача,project,ide_plugin,120,3,50
1,"Модуль 1. Python Core, терминал, Git",26,Git: ветки,13,Конфликт,project,ide_plugin,130,4,55
1,"Модуль 1. Python Core, терминал, Git",26,Git: ветки,14,Итоги,summary,,15,1,10
1,"Модуль 1. Python Core, терминал, Git",27,Git: отмена изменений,1,Смысл,theory,,25,2,18
1,"Модуль 1. Python Core, терминал, Git",27,Git: отмена изменений,2,Минимальный пример,theory,,25,2,18
1,"Модуль 1. Python Core, терминал, Git",27,Git: отмена изменений,3,Понимание,test,quiz_single,25,2,10
1,"Модуль 1. Python Core, терминал, Git",27,Git: отмена изменений,4,Команда,practice,ide_plugin,90,3,32
1,"Модуль 1. Python Core, терминал, Git",27,Git: отмена изменений,5,IDE-задача,project,ide_plugin,120,3,50
1,"Модуль 1. Python Core, терминал, Git",27,Git: отмена изменений,6,Команда,practice,ide_plugin,90,3,32
1,"Модуль 1. Python Core, терминал, Git",27,Git: отмена изменений,7,IDE-задача,project,ide_plugin,120,3,50
1,"Модуль 1. Python Core, терминал, Git",27,Git: отмена изменений,8,Команда,practice,ide_plugin,90,3,32
1,"Модуль 1. Python Core, терминал, Git",27,Git: отмена изменений,9,IDE-задача,project,ide_plugin,120,3,50
1,"Модуль 1. Python Core, терминал, Git",27,Git: отмена изменений,10,Команда,practice,ide_plugin,90,3,32
1,"Модуль 1. Python Core, терминал, Git",27,Git: отмена изменений,11,IDE-задача,project,ide_plugin,120,3,50
1,"Модуль 1. Python Core, терминал, Git",27,Git: отмена изменений,12,IDE-задача,project,ide_plugin,120,3,50
1,"Модуль 1. Python Core, терминал, Git",27,Git: отмена изменений,13,Конфликт,project,ide_plugin,130,4,55
1,"Модуль 1. Python Core, терминал, Git",27,Git: отмена изменений,14,Итоги,summary,,15,1,10
1,"Модуль 1. Python Core, терминал, Git",28,Git: merge и rebase,1,Смысл,theory,,25,2,18
1,"Модуль 1. Python Core, терминал, Git",28,Git: merge и rebase,2,Минимальный пример,theory,,25,2,18
1,"Модуль 1. Python Core, терминал, Git",28,Git: merge и rebase,3,Понимание,test,quiz_single,25,2,10
1,"Модуль 1. Python Core, терминал, Git",28,Git: merge и rebase,4,Команда,practice,ide_plugin,90,3,32
1,"Модуль 1. Python Core, терминал, Git",28,Git: merge и rebase,5,IDE-задача,project,ide_plugin,120,3,50
1,"Модуль 1. Python Core, терминал, Git",28,Git: merge и rebase,6,Команда,practice,ide_plugin,90,3,32
1,"Модуль 1. Python Core, терминал, Git",28,Git: merge и rebase,7,IDE-задача,project,ide_plugin,120,3,50
1,"Модуль 1. Python Core, терминал, Git",28,Git: merge и rebase,8,Команда,practice,ide_plugin,90,3,32
1,"Модуль 1. Python Core, терминал, Git",28,Git: merge и rebase,9,IDE-задача,project,ide_plugin,120,3,50
1,"Модуль 1. Python Core, терминал, Git",28,Git: merge и rebase,10,Команда,practice,ide_plugin,90,3,32
1,"Модуль 1. Python Core, терминал, Git",28,Git: merge и rebase,11,IDE-задача,project,ide_plugin,120,3,50
1,"Модуль 1. Python Core, терминал, Git",28,Git: merge и rebase,12,IDE-задача,project,ide_plugin,120,3,50
1,"Модуль 1. Python Core, терминал, Git",28,Git: merge и rebase,13,Конфликт,project,ide_plugin,130,4,55
1,"Модуль 1. Python Core, терминал, Git",28,Git: merge и rebase,14,Итоги,summary,,15,1,10
1,"Модуль 1. Python Core, терминал, Git",29,GitHub и remote,1,Смысл,theory,,25,2,18
1,"Модуль 1. Python Core, терминал, Git",29,GitHub и remote,2,Минимальный пример,theory,,25,2,18
1,"Модуль 1. Python Core, терминал, Git",29,GitHub и remote,3,Понимание,test,quiz_single,25,2,10
1,"Модуль 1. Python Core, терминал, Git",29,GitHub и remote,4,Команда,practice,ide_plugin,90,3,32
1,"Модуль 1. Python Core, терминал, Git",29,GitHub и remote,5,IDE-задача,project,ide_plugin,120,3,50
1,"Модуль 1. Python Core, терминал, Git",29,GitHub и remote,6,Команда,practice,ide_plugin,90,3,32
1,"Модуль 1. Python Core, терминал, Git",29,GitHub и remote,7,IDE-задача,project,ide_plugin,120,3,50
1,"Модуль 1. Python Core, терминал, Git",29,GitHub и remote,8,Команда,practice,ide_plugin,90,3,32
1,"Модуль 1. Python Core, терминал, Git",29,GitHub и remote,9,IDE-задача,project,ide_plugin,120,3,50
1,"Модуль 1. Python Core, терминал, Git",29,GitHub и remote,10,Команда,practice,ide_plugin,90,3,32
1,"Модуль 1. Python Core, терминал, Git",29,GitHub и remote,11,IDE-задача,project,ide_plugin,120,3,50
1,"Модуль 1. Python Core, терминал, Git",29,GitHub и remote,12,IDE-задача,project,ide_plugin,120,3,50
1,"Модуль 1. Python Core, терминал, Git",29,GitHub и remote,13,Конфликт,project,ide_plugin,130,4,55
1,"Модуль 1. Python Core, терминал, Git",29,GitHub и remote,14,Итоги,summary,,15,1,10
1,"Модуль 1. Python Core, терминал, Git",30,CLI-проект: менеджер задач,1,Смысл,theory,,25,2,18
1,"Модуль 1. Python Core, терминал, Git",30,CLI-проект: менеджер задач,2,Минимальный пример,theory,,25,2,18
1,"Модуль 1. Python Core, терминал, Git",30,CLI-проект: менеджер задач,3,Понимание,test,quiz_single,25,2,10
1,"Модуль 1. Python Core, терминал, Git",30,CLI-проект: менеджер задач,4,Команда,practice,ide_plugin,90,3,32
1,"Модуль 1. Python Core, терминал, Git",30,CLI-проект: менеджер задач,5,IDE-задача,project,ide_plugin,120,3,50
1,"Модуль 1. Python Core, терминал, Git",30,CLI-проект: менеджер задач,6,Команда,practice,ide_plugin,90,3,32
1,"Модуль 1. Python Core, терминал, Git",30,CLI-проект: менеджер задач,7,IDE-задача,project,ide_plugin,120,3,50
1,"Модуль 1. Python Core, терминал, Git",30,CLI-проект: менеджер задач,8,Команда,practice,ide_plugin,90,3,32
1,"Модуль 1. Python Core, терминал, Git",30,CLI-проект: менеджер задач,9,IDE-задача,project,ide_plugin,120,3,50
1,"Модуль 1. Python Core, терминал, Git",30,CLI-проект: менеджер задач,10,Команда,practice,ide_plugin,90,3,32
1,"Модуль 1. Python Core, терминал, Git",30,CLI-проект: менеджер задач,11,IDE-задача,project,ide_plugin,120,3,50
1,"Модуль 1. Python Core, терминал, Git",30,CLI-проект: менеджер задач,12,IDE-задача,project,ide_plugin,120,3,50
1,"Модуль 1. Python Core, терминал, Git",30,CLI-проект: менеджер задач,13,Конфликт,project,ide_plugin,130,4,55
1,"Модуль 1. Python Core, терминал, Git",30,CLI-проект: менеджер задач,14,Итоги,summary,,15,1,10
1,"Модуль 1. Python Core, терминал, Git",31,Экзамен 1,1,Смысл,theory,,20,1,18
1,"Модуль 1. Python Core, терминал, Git",31,Экзамен 1,2,Минимальный пример,theory,,20,1,18
1,"Модуль 1. Python Core, терминал, Git",31,Экзамен 1,3,Понимание,test,quiz_single,20,1,10
1,"Модуль 1. Python Core, терминал, Git",31,Экзамен 1,4,Простая задача,practice,python_stdout,70,2,24
1,"Модуль 1. Python Core, терминал, Git",31,Экзамен 1,5,Ошибка,practice,python_pytest,70,2,28
1,"Модуль 1. Python Core, терминал, Git",31,Экзамен 1,6,Основная задача,practice,python_pytest,70,2,28
1,"Модуль 1. Python Core, терминал, Git",31,Экзамен 1,7,Прикладная задача,practice,python_pytest,70,2,28
1,"Модуль 1. Python Core, терминал, Git",31,Экзамен 1,8,Крайний случай,practice,python_stdout,70,2,24
1,"Модуль 1. Python Core, терминал, Git",31,Экзамен 1,9,Закрепление,test,quiz_single,25,2,10
1,"Модуль 1. Python Core, терминал, Git",31,Экзамен 1,10,Работа в IDE,project,ide_plugin,110,3,55
1,"Модуль 1. Python Core, терминал, Git",31,Экзамен 1,11,Итоги,summary,,15,1,10
2,Модуль 2. Python Hard,1,ООП: классы,1,Смысл,theory,,20,1,18
2,Модуль 2. Python Hard,1,ООП: классы,2,Минимальный пример,theory,,20,1,18
2,Модуль 2. Python Hard,1,ООП: классы,3,Понимание,test,quiz_single,20,1,10
2,Модуль 2. Python Hard,1,ООП: классы,4,Простая задача,practice,python_stdout,70,2,24
2,Модуль 2. Python Hard,1,ООП: классы,5,Ошибка,practice,python_pytest,70,2,28
2,Модуль 2. Python Hard,1,ООП: классы,6,Основная задача,practice,python_pytest,70,2,28
2,Модуль 2. Python Hard,1,ООП: классы,7,Прикладная задача,practice,python_pytest,70,2,28
2,Модуль 2. Python Hard,1,ООП: классы,8,Крайний случай,practice,python_stdout,70,2,24
2,Модуль 2. Python Hard,1,ООП: классы,9,Закрепление,test,quiz_single,25,2,10
2,Модуль 2. Python Hard,1,ООП: классы,10,Работа в IDE,project,ide_plugin,110,3,55
2,Модуль 2. Python Hard,1,ООП: классы,11,Итоги,summary,,15,1,10
2,Модуль 2. Python Hard,2,ООП: атрибуты,1,Смысл,theory,,20,1,18
2,Модуль 2. Python Hard,2,ООП: атрибуты,2,Минимальный пример,theory,,20,1,18
2,Модуль 2. Python Hard,2,ООП: атрибуты,3,Понимание,test,quiz_single,20,1,10
2,Модуль 2. Python Hard,2,ООП: атрибуты,4,Простая задача,practice,python_stdout,70,2,24
2,Модуль 2. Python Hard,2,ООП: атрибуты,5,Ошибка,practice,python_pytest,70,2,28
2,Модуль 2. Python Hard,2,ООП: атрибуты,6,Основная задача,practice,python_pytest,70,2,28
2,Модуль 2. Python Hard,2,ООП: атрибуты,7,Прикладная задача,practice,python_pytest,70,2,28
2,Модуль 2. Python Hard,2,ООП: атрибуты,8,Крайний случай,practice,python_stdout,70,2,24
2,Модуль 2. Python Hard,2,ООП: атрибуты,9,Закрепление,test,quiz_single,25,2,10
2,Модуль 2. Python Hard,2,ООП: атрибуты,10,Работа в IDE,project,ide_plugin,110,3,55
2,Модуль 2. Python Hard,2,ООП: атрибуты,11,Итоги,summary,,15,1,10
2,Модуль 2. Python Hard,3,ООП: методы,1,Смысл,theory,,20,1,18
2,Модуль 2. Python Hard,3,ООП: методы,2,Минимальный пример,theory,,20,1,18
2,Модуль 2. Python Hard,3,ООП: методы,3,Понимание,test,quiz_single,20,1,10
2,Модуль 2. Python Hard,3,ООП: методы,4,Простая задача,practice,python_stdout,70,2,24
2,Модуль 2. Python Hard,3,ООП: методы,5,Ошибка,practice,python_pytest,70,2,28
2,Модуль 2. Python Hard,3,ООП: методы,6,Основная задача,practice,python_pytest,70,2,28
2,Модуль 2. Python Hard,3,ООП: методы,7,Прикладная задача,practice,python_pytest,70,2,28
2,Модуль 2. Python Hard,3,ООП: методы,8,Крайний случай,practice,python_stdout,70,2,24
2,Модуль 2. Python Hard,3,ООП: методы,9,Закрепление,test,quiz_single,25,2,10
2,Модуль 2. Python Hard,3,ООП: методы,10,Работа в IDE,project,ide_plugin,110,3,55
2,Модуль 2. Python Hard,3,ООП: методы,11,Итоги,summary,,15,1,10
2,Модуль 2. Python Hard,4,Инкапсуляция,1,Смысл,theory,,20,1,18
2,Модуль 2. Python Hard,4,Инкапсуляция,2,Минимальный пример,theory,,20,1,18
2,Модуль 2. Python Hard,4,Инкапсуляция,3,Понимание,test,quiz_single,20,1,10
2,Модуль 2. Python Hard,4,Инкапсуляция,4,Простая задача,practice,python_stdout,70,2,24
2,Модуль 2. Python Hard,4,Инкапсуляция,5,Ошибка,practice,python_pytest,70,2,28
2,Модуль 2. Python Hard,4,Инкапсуляция,6,Основная задача,practice,python_pytest,70,2,28
2,Модуль 2. Python Hard,4,Инкапсуляция,7,Прикладная задача,practice,python_pytest,70,2,28
2,Модуль 2. Python Hard,4,Инкапсуляция,8,Крайний случай,practice,python_stdout,70,2,24
2,Модуль 2. Python Hard,4,Инкапсуляция,9,Закрепление,test,quiz_single,25,2,10
2,Модуль 2. Python Hard,4,Инкапсуляция,10,Работа в IDE,project,ide_plugin,110,3,55
2,Модуль 2. Python Hard,4,Инкапсуляция,11,Итоги,summary,,15,1,10
2,Модуль 2. Python Hard,5,Композиция,1,Смысл,theory,,20,1,18
2,Модуль 2. Python Hard,5,Композиция,2,Минимальный пример,theory,,20,1,18
2,Модуль 2. Python Hard,5,Композиция,3,Понимание,test,quiz_single,20,1,10
2,Модуль 2. Python Hard,5,Композиция,4,Простая задача,practice,python_stdout,70,2,24
2,Модуль 2. Python Hard,5,Композиция,5,Ошибка,practice,python_pytest,70,2,28
2,Модуль 2. Python Hard,5,Композиция,6,Основная задача,practice,python_pytest,70,2,28
2,Модуль 2. Python Hard,5,Композиция,7,Прикладная задача,practice,python_pytest,70,2,28
2,Модуль 2. Python Hard,5,Композиция,8,Крайний случай,practice,python_stdout,70,2,24
2,Модуль 2. Python Hard,5,Композиция,9,Закрепление,test,quiz_single,25,2,10
2,Модуль 2. Python Hard,5,Композиция,10,Работа в IDE,project,ide_plugin,110,3,55
2,Модуль 2. Python Hard,5,Композиция,11,Итоги,summary,,15,1,10
2,Модуль 2. Python Hard,6,Магические методы,1,Смысл,theory,,20,1,18
2,Модуль 2. Python Hard,6,Магические методы,2,Минимальный пример,theory,,20,1,18
2,Модуль 2. Python Hard,6,Магические методы,3,Понимание,test,quiz_single,20,1,10
2,Модуль 2. Python Hard,6,Магические методы,4,Простая задача,practice,python_stdout,70,2,24
2,Модуль 2. Python Hard,6,Магические методы,5,Ошибка,practice,python_pytest,70,2,28
2,Модуль 2. Python Hard,6,Магические методы,6,Основная задача,practice,python_pytest,70,2,28
2,Модуль 2. Python Hard,6,Магические методы,7,Прикладная задача,practice,python_pytest,70,2,28
2,Модуль 2. Python Hard,6,Магические методы,8,Крайний случай,practice,python_stdout,70,2,24
2,Модуль 2. Python Hard,6,Магические методы,9,Закрепление,test,quiz_single,25,2,10
2,Модуль 2. Python Hard,6,Магические методы,10,Работа в IDE,project,ide_plugin,110,3,55
2,Модуль 2. Python Hard,6,Магические методы,11,Итоги,summary,,15,1,10
2,Модуль 2. Python Hard,7,Протоколы Python,1,Смысл,theory,,20,1,18
2,Модуль 2. Python Hard,7,Протоколы Python,2,Минимальный пример,theory,,20,1,18
2,Модуль 2. Python Hard,7,Протоколы Python,3,Понимание,test,quiz_single,20,1,10
2,Модуль 2. Python Hard,7,Протоколы Python,4,Простая задача,practice,python_stdout,70,2,24
2,Модуль 2. Python Hard,7,Протоколы Python,5,Ошибка,practice,python_pytest,70,2,28
2,Модуль 2. Python Hard,7,Протоколы Python,6,Основная задача,practice,python_pytest,70,2,28
2,Модуль 2. Python Hard,7,Протоколы Python,7,Прикладная задача,practice,python_pytest,70,2,28
2,Модуль 2. Python Hard,7,Протоколы Python,8,Крайний случай,practice,python_stdout,70,2,24
2,Модуль 2. Python Hard,7,Протоколы Python,9,Закрепление,test,quiz_single,25,2,10
2,Модуль 2. Python Hard,7,Протоколы Python,10,Работа в IDE,project,ide_plugin,110,3,55
2,Модуль 2. Python Hard,7,Протоколы Python,11,Итоги,summary,,15,1,10
2,Модуль 2. Python Hard,8,Наследование,1,Смысл,theory,,20,1,18
2,Модуль 2. Python Hard,8,Наследование,2,Минимальный пример,theory,,20,1,18
2,Модуль 2. Python Hard,8,Наследование,3,Понимание,test,quiz_single,20,1,10
2,Модуль 2. Python Hard,8,Наследование,4,Простая задача,practice,python_stdout,70,2,24
2,Модуль 2. Python Hard,8,Наследование,5,Ошибка,practice,python_pytest,70,2,28
2,Модуль 2. Python Hard,8,Наследование,6,Основная задача,practice,python_pytest,70,2,28
2,Модуль 2. Python Hard,8,Наследование,7,Прикладная задача,practice,python_pytest,70,2,28
2,Модуль 2. Python Hard,8,Наследование,8,Крайний случай,practice,python_stdout,70,2,24
2,Модуль 2. Python Hard,8,Наследование,9,Закрепление,test,quiz_single,25,2,10
2,Модуль 2. Python Hard,8,Наследование,10,Работа в IDE,project,ide_plugin,110,3,55
2,Модуль 2. Python Hard,8,Наследование,11,Итоги,summary,,15,1,10
2,Модуль 2. Python Hard,9,Полиморфизм,1,Смысл,theory,,20,1,18
2,Модуль 2. Python Hard,9,Полиморфизм,2,Минимальный пример,theory,,20,1,18
2,Модуль 2. Python Hard,9,Полиморфизм,3,Понимание,test,quiz_single,20,1,10
2,Модуль 2. Python Hard,9,Полиморфизм,4,Простая задача,practice,python_stdout,70,2,24
2,Модуль 2. Python Hard,9,Полиморфизм,5,Ошибка,practice,python_pytest,70,2,28
2,Модуль 2. Python Hard,9,Полиморфизм,6,Основная задача,practice,python_pytest,70,2,28
2,Модуль 2. Python Hard,9,Полиморфизм,7,Прикладная задача,practice,python_pytest,70,2,28
2,Модуль 2. Python Hard,9,Полиморфизм,8,Крайний случай,practice,python_stdout,70,2,24
2,Модуль 2. Python Hard,9,Полиморфизм,9,Закрепление,test,quiz_single,25,2,10
2,Модуль 2. Python Hard,9,Полиморфизм,10,Работа в IDE,project,ide_plugin,110,3,55
2,Модуль 2. Python Hard,9,Полиморфизм,11,Итоги,summary,,15,1,10
2,Модуль 2. Python Hard,10,Абстракции,1,Смысл,theory,,20,1,18
2,Модуль 2. Python Hard,10,Абстракции,2,Минимальный пример,theory,,20,1,18
2,Модуль 2. Python Hard,10,Абстракции,3,Понимание,test,quiz_single,20,1,10
2,Модуль 2. Python Hard,10,Абстракции,4,Простая задача,practice,python_stdout,70,2,24
2,Модуль 2. Python Hard,10,Абстракции,5,Ошибка,practice,python_pytest,70,2,28
2,Модуль 2. Python Hard,10,Абстракции,6,Основная задача,practice,python_pytest,70,2,28
2,Модуль 2. Python Hard,10,Абстракции,7,Прикладная задача,practice,python_pytest,70,2,28
2,Модуль 2. Python Hard,10,Абстракции,8,Крайний случай,practice,python_stdout,70,2,24
2,Модуль 2. Python Hard,10,Абстракции,9,Закрепление,test,quiz_single,25,2,10
2,Модуль 2. Python Hard,10,Абстракции,10,Работа в IDE,project,ide_plugin,110,3,55
2,Модуль 2. Python Hard,10,Абстракции,11,Итоги,summary,,15,1,10
2,Модуль 2. Python Hard,11,dataclasses,1,Смысл,theory,,20,1,18
2,Модуль 2. Python Hard,11,dataclasses,2,Минимальный пример,theory,,20,1,18
2,Модуль 2. Python Hard,11,dataclasses,3,Понимание,test,quiz_single,20,1,10
2,Модуль 2. Python Hard,11,dataclasses,4,Простая задача,practice,python_stdout,70,2,24
2,Модуль 2. Python Hard,11,dataclasses,5,Ошибка,practice,python_pytest,70,2,28
2,Модуль 2. Python Hard,11,dataclasses,6,Основная задача,practice,python_pytest,70,2,28
2,Модуль 2. Python Hard,11,dataclasses,7,Прикладная задача,practice,python_pytest,70,2,28
2,Модуль 2. Python Hard,11,dataclasses,8,Крайний случай,practice,python_stdout,70,2,24
2,Модуль 2. Python Hard,11,dataclasses,9,Закрепление,test,quiz_single,25,2,10
2,Модуль 2. Python Hard,11,dataclasses,10,Работа в IDE,project,ide_plugin,110,3,55
2,Модуль 2. Python Hard,11,dataclasses,11,Итоги,summary,,15,1,10
2,Модуль 2. Python Hard,12,typing: база,1,Смысл,theory,,20,1,18
2,Модуль 2. Python Hard,12,typing: база,2,Минимальный пример,theory,,20,1,18
2,Модуль 2. Python Hard,12,typing: база,3,Понимание,test,quiz_single,20,1,10
2,Модуль 2. Python Hard,12,typing: база,4,Простая задача,practice,python_stdout,70,2,24
2,Модуль 2. Python Hard,12,typing: база,5,Ошибка,practice,python_pytest,70,2,28
2,Модуль 2. Python Hard,12,typing: база,6,Основная задача,practice,python_pytest,70,2,28
2,Модуль 2. Python Hard,12,typing: база,7,Прикладная задача,practice,python_pytest,70,2,28
2,Модуль 2. Python Hard,12,typing: база,8,Крайний случай,practice,python_stdout,70,2,24
2,Модуль 2. Python Hard,12,typing: база,9,Закрепление,test,quiz_single,25,2,10
2,Модуль 2. Python Hard,12,typing: база,10,Работа в IDE,project,ide_plugin,110,3,55
2,Модуль 2. Python Hard,12,typing: база,11,Итоги,summary,,15,1,10
2,Модуль 2. Python Hard,13,typing: Optional и Union,1,Смысл,theory,,20,1,18
2,Модуль 2. Python Hard,13,typing: Optional и Union,2,Минимальный пример,theory,,20,1,18
2,Модуль 2. Python Hard,13,typing: Optional и Union,3,Понимание,test,quiz_single,20,1,10
2,Модуль 2. Python Hard,13,typing: Optional и Union,4,Простая задача,practice,python_stdout,70,2,24
2,Модуль 2. Python Hard,13,typing: Optional и Union,5,Ошибка,practice,python_pytest,70,2,28
2,Модуль 2. Python Hard,13,typing: Optional и Union,6,Основная задача,practice,python_pytest,70,2,28
2,Модуль 2. Python Hard,13,typing: Optional и Union,7,Прикладная задача,practice,python_pytest,70,2,28
2,Модуль 2. Python Hard,13,typing: Optional и Union,8,Крайний случай,practice,python_stdout,70,2,24
2,Модуль 2. Python Hard,13,typing: Optional и Union,9,Закрепление,test,quiz_single,25,2,10
2,Модуль 2. Python Hard,13,typing: Optional и Union,10,Работа в IDE,project,ide_plugin,110,3,55
2,Модуль 2. Python Hard,13,typing: Optional и Union,11,Итоги,summary,,15,1,10
2,Модуль 2. Python Hard,14,typing: generics,1,Смысл,theory,,20,1,18
2,Модуль 2. Python Hard,14,typing: generics,2,Минимальный пример,theory,,20,1,18
2,Модуль 2. Python Hard,14,typing: generics,3,Понимание,test,quiz_single,20,1,10
2,Модуль 2. Python Hard,14,typing: generics,4,Простая задача,practice,python_stdout,70,2,24
2,Модуль 2. Python Hard,14,typing: generics,5,Ошибка,practice,python_pytest,70,2,28
2,Модуль 2. Python Hard,14,typing: generics,6,Основная задача,practice,python_pytest,70,2,28
2,Модуль 2. Python Hard,14,typing: generics,7,Прикладная задача,practice,python_pytest,70,2,28
2,Модуль 2. Python Hard,14,typing: generics,8,Крайний случай,practice,python_stdout,70,2,24
2,Модуль 2. Python Hard,14,typing: generics,9,Закрепление,test,quiz_single,25,2,10
2,Модуль 2. Python Hard,14,typing: generics,10,Работа в IDE,project,ide_plugin,110,3,55
2,Модуль 2. Python Hard,14,typing: generics,11,Итоги,summary,,15,1,10
2,Модуль 2. Python Hard,15,mypy и контракты,1,Смысл,theory,,20,1,18
2,Модуль 2. Python Hard,15,mypy и контракты,2,Минимальный пример,theory,,20,1,18
2,Модуль 2. Python Hard,15,mypy и контракты,3,Понимание,test,quiz_single,20,1,10
2,Модуль 2. Python Hard,15,mypy и контракты,4,Простая задача,practice,python_stdout,70,2,24
2,Модуль 2. Python Hard,15,mypy и контракты,5,Ошибка,practice,python_pytest,70,2,28
2,Модуль 2. Python Hard,15,mypy и контракты,6,Основная задача,practice,python_pytest,70,2,28
2,Модуль 2. Python Hard,15,mypy и контракты,7,Прикладная задача,practice,python_pytest,70,2,28
2,Модуль 2. Python Hard,15,mypy и контракты,8,Крайний случай,practice,python_stdout,70,2,24
2,Модуль 2. Python Hard,15,mypy и контракты,9,Закрепление,test,quiz_single,25,2,10
2,Модуль 2. Python Hard,15,mypy и контракты,10,Работа в IDE,project,ide_plugin,110,3,55
2,Модуль 2. Python Hard,15,mypy и контракты,11,Итоги,summary,,15,1,10
2,Модуль 2. Python Hard,16,Файлы и pathlib,1,Смысл,theory,,20,1,18
2,Модуль 2. Python Hard,16,Файлы и pathlib,2,Минимальный пример,theory,,20,1,18
2,Модуль 2. Python Hard,16,Файлы и pathlib,3,Понимание,test,quiz_single,20,1,10
2,Модуль 2. Python Hard,16,Файлы и pathlib,4,Простая задача,practice,python_stdout,70,2,24
2,Модуль 2. Python Hard,16,Файлы и pathlib,5,Ошибка,practice,python_pytest,70,2,28
2,Модуль 2. Python Hard,16,Файлы и pathlib,6,Основная задача,practice,python_pytest,70,2,28
2,Модуль 2. Python Hard,16,Файлы и pathlib,7,Прикладная задача,practice,python_pytest,70,2,28
2,Модуль 2. Python Hard,16,Файлы и pathlib,8,Крайний случай,practice,python_stdout,70,2,24
2,Модуль 2. Python Hard,16,Файлы и pathlib,9,Закрепление,test,quiz_single,25,2,10
2,Модуль 2. Python Hard,16,Файлы и pathlib,10,Работа в IDE,project,ide_plugin,110,3,55
2,Модуль 2. Python Hard,16,Файлы и pathlib,11,Итоги,summary,,15,1,10
2,Модуль 2. Python Hard,17,JSON и CSV,1,Смысл,theory,,20,1,18
2,Модуль 2. Python Hard,17,JSON и CSV,2,Минимальный пример,theory,,20,1,18
2,Модуль 2. Python Hard,17,JSON и CSV,3,Понимание,test,quiz_single,20,1,10
2,Модуль 2. Python Hard,17,JSON и CSV,4,Простая задача,practice,python_stdout,70,2,24
2,Модуль 2. Python Hard,17,JSON и CSV,5,Ошибка,practice,python_pytest,70,2,28
2,Модуль 2. Python Hard,17,JSON и CSV,6,Основная задача,practice,python_pytest,70,2,28
2,Модуль 2. Python Hard,17,JSON и CSV,7,Прикладная задача,practice,python_pytest,70,2,28
2,Модуль 2. Python Hard,17,JSON и CSV,8,Крайний случай,practice,python_stdout,70,2,24
2,Модуль 2. Python Hard,17,JSON и CSV,9,Закрепление,test,quiz_single,25,2,10
2,Модуль 2. Python Hard,17,JSON и CSV,10,Работа в IDE,project,ide_plugin,110,3,55
2,Модуль 2. Python Hard,17,JSON и CSV,11,Итоги,summary,,15,1,10
2,Модуль 2. Python Hard,18,Логирование,1,Смысл,theory,,20,1,18
2,Модуль 2. Python Hard,18,Логирование,2,Минимальный пример,theory,,20,1,18
2,Модуль 2. Python Hard,18,Логирование,3,Понимание,test,quiz_single,20,1,10
2,Модуль 2. Python Hard,18,Логирование,4,Простая задача,practice,python_stdout,70,2,24
2,Модуль 2. Python Hard,18,Логирование,5,Ошибка,practice,python_pytest,70,2,28
2,Модуль 2. Python Hard,18,Логирование,6,Основная задача,practice,python_pytest,70,2,28
2,Модуль 2. Python Hard,18,Логирование,7,Прикладная задача,practice,python_pytest,70,2,28
2,Модуль 2. Python Hard,18,Логирование,8,Крайний случай,practice,python_stdout,70,2,24
2,Модуль 2. Python Hard,18,Логирование,9,Закрепление,test,quiz_single,25,2,10
2,Модуль 2. Python Hard,18,Логирование,10,Работа в IDE,project,ide_plugin,110,3,55
2,Модуль 2. Python Hard,18,Логирование,11,Итоги,summary,,15,1,10
2,Модуль 2. Python Hard,19,Пакеты и импорты,1,Смысл,theory,,20,1,18
2,Модуль 2. Python Hard,19,Пакеты и импорты,2,Минимальный пример,theory,,20,1,18
2,Модуль 2. Python Hard,19,Пакеты и импорты,3,Понимание,test,quiz_single,20,1,10
2,Модуль 2. Python Hard,19,Пакеты и импорты,4,Простая задача,practice,python_stdout,70,2,24
2,Модуль 2. Python Hard,19,Пакеты и импорты,5,Ошибка,practice,python_pytest,70,2,28
2,Модуль 2. Python Hard,19,Пакеты и импорты,6,Основная задача,practice,python_pytest,70,2,28
2,Модуль 2. Python Hard,19,Пакеты и импорты,7,Прикладная задача,practice,python_pytest,70,2,28
2,Модуль 2. Python Hard,19,Пакеты и импорты,8,Крайний случай,practice,python_stdout,70,2,24
2,Модуль 2. Python Hard,19,Пакеты и импорты,9,Закрепление,test,quiz_single,25,2,10
2,Модуль 2. Python Hard,19,Пакеты и импорты,10,Работа в IDE,project,ide_plugin,110,3,55
2,Модуль 2. Python Hard,19,Пакеты и импорты,11,Итоги,summary,,15,1,10
2,Модуль 2. Python Hard,20,Poetry,1,Смысл,theory,,20,1,18
2,Модуль 2. Python Hard,20,Poetry,2,Минимальный пример,theory,,20,1,18
2,Модуль 2. Python Hard,20,Poetry,3,Понимание,test,quiz_single,20,1,10
2,Модуль 2. Python Hard,20,Poetry,4,Простая задача,practice,python_stdout,70,2,24
2,Модуль 2. Python Hard,20,Poetry,5,Ошибка,practice,python_pytest,70,2,28
2,Модуль 2. Python Hard,20,Poetry,6,Основная задача,practice,python_pytest,70,2,28
2,Модуль 2. Python Hard,20,Poetry,7,Прикладная задача,practice,python_pytest,70,2,28
2,Модуль 2. Python Hard,20,Poetry,8,Крайний случай,practice,python_stdout,70,2,24
2,Модуль 2. Python Hard,20,Poetry,9,Закрепление,test,quiz_single,25,2,10
2,Модуль 2. Python Hard,20,Poetry,10,Работа в IDE,project,ide_plugin,110,3,55
2,Модуль 2. Python Hard,20,Poetry,11,Итоги,summary,,15,1,10
2,Модуль 2. Python Hard,21,pytest: функции,1,Смысл,theory,,20,1,18
2,Модуль 2. Python Hard,21,pytest: функции,2,Минимальный пример,theory,,20,1,18
2,Модуль 2. Python Hard,21,pytest: функции,3,Понимание,test,quiz_single,20,1,10
2,Модуль 2. Python Hard,21,pytest: функции,4,Простая задача,practice,python_stdout,70,2,24
2,Модуль 2. Python Hard,21,pytest: функции,5,Ошибка,practice,python_pytest,70,2,28
2,Модуль 2. Python Hard,21,pytest: функции,6,Основная задача,practice,python_pytest,70,2,28
2,Модуль 2. Python Hard,21,pytest: функции,7,Прикладная задача,practice,python_pytest,70,2,28
2,Модуль 2. Python Hard,21,pytest: функции,8,Крайний случай,practice,python_stdout,70,2,24
2,Модуль 2. Python Hard,21,pytest: функции,9,Закрепление,test,quiz_single,25,2,10
2,Модуль 2. Python Hard,21,pytest: функции,10,Работа в IDE,project,ide_plugin,110,3,55
2,Модуль 2. Python Hard,21,pytest: функции,11,Итоги,summary,,15,1,10
2,Модуль 2. Python Hard,22,pytest: fixtures,1,Смысл,theory,,20,1,18
2,Модуль 2. Python Hard,22,pytest: fixtures,2,Минимальный пример,theory,,20,1,18
2,Модуль 2. Python Hard,22,pytest: fixtures,3,Понимание,test,quiz_single,20,1,10
2,Модуль 2. Python Hard,22,pytest: fixtures,4,Простая задача,practice,python_stdout,70,2,24
2,Модуль 2. Python Hard,22,pytest: fixtures,5,Ошибка,practice,python_pytest,70,2,28
2,Модуль 2. Python Hard,22,pytest: fixtures,6,Основная задача,practice,python_pytest,70,2,28
2,Модуль 2. Python Hard,22,pytest: fixtures,7,Прикладная задача,practice,python_pytest,70,2,28
2,Модуль 2. Python Hard,22,pytest: fixtures,8,Крайний случай,practice,python_stdout,70,2,24
2,Модуль 2. Python Hard,22,pytest: fixtures,9,Закрепление,test,quiz_single,25,2,10
2,Модуль 2. Python Hard,22,pytest: fixtures,10,Работа в IDE,project,ide_plugin,110,3,55
2,Модуль 2. Python Hard,22,pytest: fixtures,11,Итоги,summary,,15,1,10
2,Модуль 2. Python Hard,23,pytest: parametrization,1,Смысл,theory,,20,1,18
2,Модуль 2. Python Hard,23,pytest: parametrization,2,Минимальный пример,theory,,20,1,18
2,Модуль 2. Python Hard,23,pytest: parametrization,3,Понимание,test,quiz_single,20,1,10
2,Модуль 2. Python Hard,23,pytest: parametrization,4,Простая задача,practice,python_stdout,70,2,24
2,Модуль 2. Python Hard,23,pytest: parametrization,5,Ошибка,practice,python_pytest,70,2,28
2,Модуль 2. Python Hard,23,pytest: parametrization,6,Основная задача,practice,python_pytest,70,2,28
2,Модуль 2. Python Hard,23,pytest: parametrization,7,Прикладная задача,practice,python_pytest,70,2,28
2,Модуль 2. Python Hard,23,pytest: parametrization,8,Крайний случай,practice,python_stdout,70,2,24
2,Модуль 2. Python Hard,23,pytest: parametrization,9,Закрепление,test,quiz_single,25,2,10
2,Модуль 2. Python Hard,23,pytest: parametrization,10,Работа в IDE,project,ide_plugin,110,3,55
2,Модуль 2. Python Hard,23,pytest: parametrization,11,Итоги,summary,,15,1,10
2,Модуль 2. Python Hard,24,pytest: mocking,1,Смысл,theory,,20,1,18
2,Модуль 2. Python Hard,24,pytest: mocking,2,Минимальный пример,theory,,20,1,18
2,Модуль 2. Python Hard,24,pytest: mocking,3,Понимание,test,quiz_single,20,1,10
2,Модуль 2. Python Hard,24,pytest: mocking,4,Простая задача,practice,python_stdout,70,2,24
2,Модуль 2. Python Hard,24,pytest: mocking,5,Ошибка,practice,python_pytest,70,2,28
2,Модуль 2. Python Hard,24,pytest: mocking,6,Основная задача,practice,python_pytest,70,2,28
2,Модуль 2. Python Hard,24,pytest: mocking,7,Прикладная задача,practice,python_pytest,70,2,28
2,Модуль 2. Python Hard,24,pytest: mocking,8,Крайний случай,practice,python_stdout,70,2,24
2,Модуль 2. Python Hard,24,pytest: mocking,9,Закрепление,test,quiz_single,25,2,10
2,Модуль 2. Python Hard,24,pytest: mocking,10,Работа в IDE,project,ide_plugin,110,3,55
2,Модуль 2. Python Hard,24,pytest: mocking,11,Итоги,summary,,15,1,10
2,Модуль 2. Python Hard,25,pytest: coverage,1,Смысл,theory,,20,1,18
2,Модуль 2. Python Hard,25,pytest: coverage,2,Минимальный пример,theory,,20,1,18
2,Модуль 2. Python Hard,25,pytest: coverage,3,Понимание,test,quiz_single,20,1,10
2,Модуль 2. Python Hard,25,pytest: coverage,4,Простая задача,practice,python_stdout,70,2,24
2,Модуль 2. Python Hard,25,pytest: coverage,5,Ошибка,practice,python_pytest,70,2,28
2,Модуль 2. Python Hard,25,pytest: coverage,6,Основная задача,practice,python_pytest,70,2,28
2,Модуль 2. Python Hard,25,pytest: coverage,7,Прикладная задача,practice,python_pytest,70,2,28
2,Модуль 2. Python Hard,25,pytest: coverage,8,Крайний случай,practice,python_stdout,70,2,24
2,Модуль 2. Python Hard,25,pytest: coverage,9,Закрепление,test,quiz_single,25,2,10
2,Модуль 2. Python Hard,25,pytest: coverage,10,Работа в IDE,project,ide_plugin,110,3,55
2,Модуль 2. Python Hard,25,pytest: coverage,11,Итоги,summary,,15,1,10
2,Модуль 2. Python Hard,26,Алгоритмы: сложность,1,Смысл,theory,,20,1,18
2,Модуль 2. Python Hard,26,Алгоритмы: сложность,2,Минимальный пример,theory,,20,1,18
2,Модуль 2. Python Hard,26,Алгоритмы: сложность,3,Понимание,test,quiz_single,20,1,10
2,Модуль 2. Python Hard,26,Алгоритмы: сложность,4,Простая задача,practice,python_stdout,70,2,24
2,Модуль 2. Python Hard,26,Алгоритмы: сложность,5,Ошибка,practice,python_pytest,70,2,28
2,Модуль 2. Python Hard,26,Алгоритмы: сложность,6,Основная задача,practice,python_pytest,70,2,28
2,Модуль 2. Python Hard,26,Алгоритмы: сложность,7,Прикладная задача,practice,python_pytest,70,2,28
2,Модуль 2. Python Hard,26,Алгоритмы: сложность,8,Крайний случай,practice,python_stdout,70,2,24
2,Модуль 2. Python Hard,26,Алгоритмы: сложность,9,Закрепление,test,quiz_single,25,2,10
2,Модуль 2. Python Hard,26,Алгоритмы: сложность,10,Работа в IDE,project,ide_plugin,110,3,55
2,Модуль 2. Python Hard,26,Алгоритмы: сложность,11,Итоги,summary,,15,1,10
2,Модуль 2. Python Hard,27,Массивы и списки,1,Смысл,theory,,20,1,18
2,Модуль 2. Python Hard,27,Массивы и списки,2,Минимальный пример,theory,,20,1,18
2,Модуль 2. Python Hard,27,Массивы и списки,3,Понимание,test,quiz_single,20,1,10
2,Модуль 2. Python Hard,27,Массивы и списки,4,Простая задача,practice,python_stdout,70,2,24
2,Модуль 2. Python Hard,27,Массивы и списки,5,Ошибка,practice,python_pytest,70,2,28
2,Модуль 2. Python Hard,27,Массивы и списки,6,Основная задача,practice,python_pytest,70,2,28
2,Модуль 2. Python Hard,27,Массивы и списки,7,Прикладная задача,practice,python_pytest,70,2,28
2,Модуль 2. Python Hard,27,Массивы и списки,8,Крайний случай,practice,python_stdout,70,2,24
2,Модуль 2. Python Hard,27,Массивы и списки,9,Закрепление,test,quiz_single,25,2,10
2,Модуль 2. Python Hard,27,Массивы и списки,10,Работа в IDE,project,ide_plugin,110,3,55
2,Модуль 2. Python Hard,27,Массивы и списки,11,Итоги,summary,,15,1,10
2,Модуль 2. Python Hard,28,Hash map и set,1,Смысл,theory,,20,1,18
2,Модуль 2. Python Hard,28,Hash map и set,2,Минимальный пример,theory,,20,1,18
2,Модуль 2. Python Hard,28,Hash map и set,3,Понимание,test,quiz_single,20,1,10
2,Модуль 2. Python Hard,28,Hash map и set,4,Простая задача,practice,python_stdout,70,2,24
2,Модуль 2. Python Hard,28,Hash map и set,5,Ошибка,practice,python_pytest,70,2,28
2,Модуль 2. Python Hard,28,Hash map и set,6,Основная задача,practice,python_pytest,70,2,28
2,Модуль 2. Python Hard,28,Hash map и set,7,Прикладная задача,practice,python_pytest,70,2,28
2,Модуль 2. Python Hard,28,Hash map и set,8,Крайний случай,practice,python_stdout,70,2,24
2,Модуль 2. Python Hard,28,Hash map и set,9,Закрепление,test,quiz_single,25,2,10
2,Модуль 2. Python Hard,28,Hash map и set,10,Работа в IDE,project,ide_plugin,110,3,55
2,Модуль 2. Python Hard,28,Hash map и set,11,Итоги,summary,,15,1,10
2,Модуль 2. Python Hard,29,"Stack, queue, deque",1,Смысл,theory,,20,1,18
2,Модуль 2. Python Hard,29,"Stack, queue, deque",2,Минимальный пример,theory,,20,1,18
2,Модуль 2. Python Hard,29,"Stack, queue, deque",3,Понимание,test,quiz_single,20,1,10
2,Модуль 2. Python Hard,29,"Stack, queue, deque",4,Простая задача,practice,python_stdout,70,2,24
2,Модуль 2. Python Hard,29,"Stack, queue, deque",5,Ошибка,practice,python_pytest,70,2,28
2,Модуль 2. Python Hard,29,"Stack, queue, deque",6,Основная задача,practice,python_pytest,70,2,28
2,Модуль 2. Python Hard,29,"Stack, queue, deque",7,Прикладная задача,practice,python_pytest,70,2,28
2,Модуль 2. Python Hard,29,"Stack, queue, deque",8,Крайний случай,practice,python_stdout,70,2,24
2,Модуль 2. Python Hard,29,"Stack, queue, deque",9,Закрепление,test,quiz_single,25,2,10
2,Модуль 2. Python Hard,29,"Stack, queue, deque",10,Работа в IDE,project,ide_plugin,110,3,55
2,Модуль 2. Python Hard,29,"Stack, queue, deque",11,Итоги,summary,,15,1,10
2,Модуль 2. Python Hard,30,Сортировки,1,Смысл,theory,,20,1,18
2,Модуль 2. Python Hard,30,Сортировки,2,Минимальный пример,theory,,20,1,18
2,Модуль 2. Python Hard,30,Сортировки,3,Понимание,test,quiz_single,20,1,10
2,Модуль 2. Python Hard,30,Сортировки,4,Простая задача,practice,python_stdout,70,2,24
2,Модуль 2. Python Hard,30,Сортировки,5,Ошибка,practice,python_pytest,70,2,28
2,Модуль 2. Python Hard,30,Сортировки,6,Основная задача,practice,python_pytest,70,2,28
2,Модуль 2. Python Hard,30,Сортировки,7,Прикладная задача,practice,python_pytest,70,2,28
2,Модуль 2. Python Hard,30,Сортировки,8,Крайний случай,practice,python_stdout,70,2,24
2,Модуль 2. Python Hard,30,Сортировки,9,Закрепление,test,quiz_single,25,2,10
2,Модуль 2. Python Hard,30,Сортировки,10,Работа в IDE,project,ide_plugin,110,3,55
2,Модуль 2. Python Hard,30,Сортировки,11,Итоги,summary,,15,1,10
2,Модуль 2. Python Hard,31,Binary search,1,Смысл,theory,,20,1,18
2,Модуль 2. Python Hard,31,Binary search,2,Минимальный пример,theory,,20,1,18
2,Модуль 2. Python Hard,31,Binary search,3,Понимание,test,quiz_single,20,1,10
2,Модуль 2. Python Hard,31,Binary search,4,Простая задача,practice,python_stdout,70,2,24
2,Модуль 2. Python Hard,31,Binary search,5,Ошибка,practice,python_pytest,70,2,28
2,Модуль 2. Python Hard,31,Binary search,6,Основная задача,practice,python_pytest,70,2,28
2,Модуль 2. Python Hard,31,Binary search,7,Прикладная задача,practice,python_pytest,70,2,28
2,Модуль 2. Python Hard,31,Binary search,8,Крайний случай,practice,python_stdout,70,2,24
2,Модуль 2. Python Hard,31,Binary search,9,Закрепление,test,quiz_single,25,2,10
2,Модуль 2. Python Hard,31,Binary search,10,Работа в IDE,project,ide_plugin,110,3,55
2,Модуль 2. Python Hard,31,Binary search,11,Итоги,summary,,15,1,10
2,Модуль 2. Python Hard,32,threading,1,Смысл,theory,,20,1,18
2,Модуль 2. Python Hard,32,threading,2,Минимальный пример,theory,,20,1,18
2,Модуль 2. Python Hard,32,threading,3,Понимание,test,quiz_single,20,1,10
2,Модуль 2. Python Hard,32,threading,4,Простая задача,practice,python_stdout,70,2,24
2,Модуль 2. Python Hard,32,threading,5,Ошибка,practice,python_pytest,70,2,28
2,Модуль 2. Python Hard,32,threading,6,Основная задача,practice,python_pytest,70,2,28
2,Модуль 2. Python Hard,32,threading,7,Прикладная задача,practice,python_pytest,70,2,28
2,Модуль 2. Python Hard,32,threading,8,Крайний случай,practice,python_stdout,70,2,24
2,Модуль 2. Python Hard,32,threading,9,Закрепление,test,quiz_single,25,2,10
2,Модуль 2. Python Hard,32,threading,10,Работа в IDE,project,ide_plugin,110,3,55
2,Модуль 2. Python Hard,32,threading,11,Итоги,summary,,15,1,10
2,Модуль 2. Python Hard,33,multiprocessing,1,Смысл,theory,,20,1,18
2,Модуль 2. Python Hard,33,multiprocessing,2,Минимальный пример,theory,,20,1,18
2,Модуль 2. Python Hard,33,multiprocessing,3,Понимание,test,quiz_single,20,1,10
2,Модуль 2. Python Hard,33,multiprocessing,4,Простая задача,practice,python_stdout,70,2,24
2,Модуль 2. Python Hard,33,multiprocessing,5,Ошибка,practice,python_pytest,70,2,28
2,Модуль 2. Python Hard,33,multiprocessing,6,Основная задача,practice,python_pytest,70,2,28
2,Модуль 2. Python Hard,33,multiprocessing,7,Прикладная задача,practice,python_pytest,70,2,28
2,Модуль 2. Python Hard,33,multiprocessing,8,Крайний случай,practice,python_stdout,70,2,24
2,Модуль 2. Python Hard,33,multiprocessing,9,Закрепление,test,quiz_single,25,2,10
2,Модуль 2. Python Hard,33,multiprocessing,10,Работа в IDE,project,ide_plugin,110,3,55
2,Модуль 2. Python Hard,33,multiprocessing,11,Итоги,summary,,15,1,10
2,Модуль 2. Python Hard,34,asyncio: база,1,Смысл,theory,,20,1,18
2,Модуль 2. Python Hard,34,asyncio: база,2,Минимальный пример,theory,,20,1,18
2,Модуль 2. Python Hard,34,asyncio: база,3,Понимание,test,quiz_single,20,1,10
2,Модуль 2. Python Hard,34,asyncio: база,4,Простая задача,practice,python_stdout,70,2,24
2,Модуль 2. Python Hard,34,asyncio: база,5,Ошибка,practice,python_pytest,70,2,28
2,Модуль 2. Python Hard,34,asyncio: база,6,Основная задача,practice,python_pytest,70,2,28
2,Модуль 2. Python Hard,34,asyncio: база,7,Прикладная задача,practice,python_pytest,70,2,28
2,Модуль 2. Python Hard,34,asyncio: база,8,Крайний случай,practice,python_stdout,70,2,24
2,Модуль 2. Python Hard,34,asyncio: база,9,Закрепление,test,quiz_single,25,2,10
2,Модуль 2. Python Hard,34,asyncio: база,10,Работа в IDE,project,ide_plugin,110,3,55
2,Модуль 2. Python Hard,34,asyncio: база,11,Итоги,summary,,15,1,10
2,Модуль 2. Python Hard,35,asyncio: задачи и очереди,1,Смысл,theory,,20,1,18
2,Модуль 2. Python Hard,35,asyncio: задачи и очереди,2,Минимальный пример,theory,,20,1,18
2,Модуль 2. Python Hard,35,asyncio: задачи и очереди,3,Понимание,test,quiz_single,20,1,10
2,Модуль 2. Python Hard,35,asyncio: задачи и очереди,4,Простая задача,practice,python_stdout,70,2,24
2,Модуль 2. Python Hard,35,asyncio: задачи и очереди,5,Ошибка,practice,python_pytest,70,2,28
2,Модуль 2. Python Hard,35,asyncio: задачи и очереди,6,Основная задача,practice,python_pytest,70,2,28
2,Модуль 2. Python Hard,35,asyncio: задачи и очереди,7,Прикладная задача,practice,python_pytest,70,2,28
2,Модуль 2. Python Hard,35,asyncio: задачи и очереди,8,Крайний случай,practice,python_stdout,70,2,24
2,Модуль 2. Python Hard,35,asyncio: задачи и очереди,9,Закрепление,test,quiz_single,25,2,10
2,Модуль 2. Python Hard,35,asyncio: задачи и очереди,10,Работа в IDE,project,ide_plugin,110,3,55
2,Модуль 2. Python Hard,35,asyncio: задачи и очереди,11,Итоги,summary,,15,1,10
2,Модуль 2. Python Hard,36,asyncio: HTTP,1,Смысл,theory,,20,1,18
2,Модуль 2. Python Hard,36,asyncio: HTTP,2,Минимальный пример,theory,,20,1,18
2,Модуль 2. Python Hard,36,asyncio: HTTP,3,Понимание,test,quiz_single,20,1,10
2,Модуль 2. Python Hard,36,asyncio: HTTP,4,Простая задача,practice,python_stdout,70,2,24
2,Модуль 2. Python Hard,36,asyncio: HTTP,5,Ошибка,practice,python_pytest,70,2,28
2,Модуль 2. Python Hard,36,asyncio: HTTP,6,Основная задача,practice,python_pytest,70,2,28
2,Модуль 2. Python Hard,36,asyncio: HTTP,7,Прикладная задача,practice,python_pytest,70,2,28
2,Модуль 2. Python Hard,36,asyncio: HTTP,8,Крайний случай,practice,python_stdout,70,2,24
2,Модуль 2. Python Hard,36,asyncio: HTTP,9,Закрепление,test,quiz_single,25,2,10
2,Модуль 2. Python Hard,36,asyncio: HTTP,10,Работа в IDE,project,ide_plugin,110,3,55
2,Модуль 2. Python Hard,36,asyncio: HTTP,11,Итоги,summary,,15,1,10
3,"Модуль 3. SQL, базы данных и сети",1,SQL: SELECT,1,Смысл,theory,,25,2,18
3,"Модуль 3. SQL, базы данных и сети",1,SQL: SELECT,2,Минимальный пример,theory,,25,2,18
3,"Модуль 3. SQL, базы данных и сети",1,SQL: SELECT,3,Понимание,test,quiz_single,25,2,10
3,"Модуль 3. SQL, базы данных и сети",1,SQL: SELECT,4,Простой запрос,practice,sql_query,85,3,30
3,"Модуль 3. SQL, базы данных и сети",1,SQL: SELECT,5,Ошибка в запросе,practice,sql_query,85,3,30
3,"Модуль 3. SQL, базы данных и сети",1,SQL: SELECT,6,Основной запрос,practice,sql_query,85,3,30
3,"Модуль 3. SQL, базы данных и сети",1,SQL: SELECT,7,Связанные данные,practice,sql_query,85,3,30
3,"Модуль 3. SQL, базы данных и сети",1,SQL: SELECT,8,Граничный случай,practice,sql_query,85,3,30
3,"Модуль 3. SQL, базы данных и сети",1,SQL: SELECT,9,Запрос с условием,practice,sql_query,85,3,30
3,"Модуль 3. SQL, базы данных и сети",1,SQL: SELECT,10,Контроль данных,practice,sql_query,85,3,30
3,"Модуль 3. SQL, базы данных и сети",1,SQL: SELECT,11,Диагностика,practice,sql_query,85,3,30
3,"Модуль 3. SQL, базы данных и сети",1,SQL: SELECT,12,Разбор результата,practice,sql_query,85,3,30
3,"Модуль 3. SQL, базы данных и сети",1,SQL: SELECT,13,Закрепление,test,quiz_single,25,2,10
3,"Модуль 3. SQL, базы данных и сети",1,SQL: SELECT,14,SQL-файл,project,ide_plugin,110,3,45
3,"Модуль 3. SQL, базы данных и сети",1,SQL: SELECT,15,Итоги,summary,,15,1,10
3,"Модуль 3. SQL, базы данных и сети",2,SQL: WHERE,1,Смысл,theory,,25,2,18
3,"Модуль 3. SQL, базы данных и сети",2,SQL: WHERE,2,Минимальный пример,theory,,25,2,18
3,"Модуль 3. SQL, базы данных и сети",2,SQL: WHERE,3,Понимание,test,quiz_single,25,2,10
3,"Модуль 3. SQL, базы данных и сети",2,SQL: WHERE,4,Простой запрос,practice,sql_query,85,3,30
3,"Модуль 3. SQL, базы данных и сети",2,SQL: WHERE,5,Ошибка в запросе,practice,sql_query,85,3,30
3,"Модуль 3. SQL, базы данных и сети",2,SQL: WHERE,6,Основной запрос,practice,sql_query,85,3,30
3,"Модуль 3. SQL, базы данных и сети",2,SQL: WHERE,7,Связанные данные,practice,sql_query,85,3,30
3,"Модуль 3. SQL, базы данных и сети",2,SQL: WHERE,8,Граничный случай,practice,sql_query,85,3,30
3,"Модуль 3. SQL, базы данных и сети",2,SQL: WHERE,9,Запрос с условием,practice,sql_query,85,3,30
3,"Модуль 3. SQL, базы данных и сети",2,SQL: WHERE,10,Контроль данных,practice,sql_query,85,3,30
3,"Модуль 3. SQL, базы данных и сети",2,SQL: WHERE,11,Диагностика,practice,sql_query,85,3,30
3,"Модуль 3. SQL, базы данных и сети",2,SQL: WHERE,12,Разбор результата,practice,sql_query,85,3,30
3,"Модуль 3. SQL, базы данных и сети",2,SQL: WHERE,13,Закрепление,test,quiz_single,25,2,10
3,"Модуль 3. SQL, базы данных и сети",2,SQL: WHERE,14,SQL-файл,project,ide_plugin,110,3,45
3,"Модуль 3. SQL, базы данных и сети",2,SQL: WHERE,15,Итоги,summary,,15,1,10
3,"Модуль 3. SQL, базы данных и сети",3,SQL: ORDER BY и LIMIT,1,Смысл,theory,,25,2,18
3,"Модуль 3. SQL, базы данных и сети",3,SQL: ORDER BY и LIMIT,2,Минимальный пример,theory,,25,2,18
3,"Модуль 3. SQL, базы данных и сети",3,SQL: ORDER BY и LIMIT,3,Понимание,test,quiz_single,25,2,10
3,"Модуль 3. SQL, базы данных и сети",3,SQL: ORDER BY и LIMIT,4,Простой запрос,practice,sql_query,85,3,30
3,"Модуль 3. SQL, базы данных и сети",3,SQL: ORDER BY и LIMIT,5,Ошибка в запросе,practice,sql_query,85,3,30
3,"Модуль 3. SQL, базы данных и сети",3,SQL: ORDER BY и LIMIT,6,Основной запрос,practice,sql_query,85,3,30
3,"Модуль 3. SQL, базы данных и сети",3,SQL: ORDER BY и LIMIT,7,Связанные данные,practice,sql_query,85,3,30
3,"Модуль 3. SQL, базы данных и сети",3,SQL: ORDER BY и LIMIT,8,Граничный случай,practice,sql_query,85,3,30
3,"Модуль 3. SQL, базы данных и сети",3,SQL: ORDER BY и LIMIT,9,Запрос с условием,practice,sql_query,85,3,30
3,"Модуль 3. SQL, базы данных и сети",3,SQL: ORDER BY и LIMIT,10,Контроль данных,practice,sql_query,85,3,30
3,"Модуль 3. SQL, базы данных и сети",3,SQL: ORDER BY и LIMIT,11,Диагностика,practice,sql_query,85,3,30
3,"Модуль 3. SQL, базы данных и сети",3,SQL: ORDER BY и LIMIT,12,Разбор результата,practice,sql_query,85,3,30
3,"Модуль 3. SQL, базы данных и сети",3,SQL: ORDER BY и LIMIT,13,Закрепление,test,quiz_single,25,2,10
3,"Модуль 3. SQL, базы данных и сети",3,SQL: ORDER BY и LIMIT,14,SQL-файл,project,ide_plugin,110,3,45
3,"Модуль 3. SQL, базы данных и сети",3,SQL: ORDER BY и LIMIT,15,Итоги,summary,,15,1,10
3,"Модуль 3. SQL, базы данных и сети",4,"SQL: LIKE, IN, BETWEEN, NULL",1,Смысл,theory,,25,2,18
3,"Модуль 3. SQL, базы данных и сети",4,"SQL: LIKE, IN, BETWEEN, NULL",2,Минимальный пример,theory,,25,2,18
3,"Модуль 3. SQL, базы данных и сети",4,"SQL: LIKE, IN, BETWEEN, NULL",3,Понимание,test,quiz_single,25,2,10
3,"Модуль 3. SQL, базы данных и сети",4,"SQL: LIKE, IN, BETWEEN, NULL",4,Простой запрос,practice,sql_query,85,3,30
3,"Модуль 3. SQL, базы данных и сети",4,"SQL: LIKE, IN, BETWEEN, NULL",5,Ошибка в запросе,practice,sql_query,85,3,30
3,"Модуль 3. SQL, базы данных и сети",4,"SQL: LIKE, IN, BETWEEN, NULL",6,Основной запрос,practice,sql_query,85,3,30
3,"Модуль 3. SQL, базы данных и сети",4,"SQL: LIKE, IN, BETWEEN, NULL",7,Связанные данные,practice,sql_query,85,3,30
3,"Модуль 3. SQL, базы данных и сети",4,"SQL: LIKE, IN, BETWEEN, NULL",8,Граничный случай,practice,sql_query,85,3,30
3,"Модуль 3. SQL, базы данных и сети",4,"SQL: LIKE, IN, BETWEEN, NULL",9,Запрос с условием,practice,sql_query,85,3,30
3,"Модуль 3. SQL, базы данных и сети",4,"SQL: LIKE, IN, BETWEEN, NULL",10,Контроль данных,practice,sql_query,85,3,30
3,"Модуль 3. SQL, базы данных и сети",4,"SQL: LIKE, IN, BETWEEN, NULL",11,Диагностика,practice,sql_query,85,3,30
3,"Модуль 3. SQL, базы данных и сети",4,"SQL: LIKE, IN, BETWEEN, NULL",12,Разбор результата,practice,sql_query,85,3,30
3,"Модуль 3. SQL, базы данных и сети",4,"SQL: LIKE, IN, BETWEEN, NULL",13,Закрепление,test,quiz_single,25,2,10
3,"Модуль 3. SQL, базы данных и сети",4,"SQL: LIKE, IN, BETWEEN, NULL",14,SQL-файл,project,ide_plugin,110,3,45
3,"Модуль 3. SQL, базы данных и сети",4,"SQL: LIKE, IN, BETWEEN, NULL",15,Итоги,summary,,15,1,10
3,"Модуль 3. SQL, базы данных и сети",5,SQL: агрегаты,1,Смысл,theory,,25,2,18
3,"Модуль 3. SQL, базы данных и сети",5,SQL: агрегаты,2,Минимальный пример,theory,,25,2,18
3,"Модуль 3. SQL, базы данных и сети",5,SQL: агрегаты,3,Понимание,test,quiz_single,25,2,10
3,"Модуль 3. SQL, базы данных и сети",5,SQL: агрегаты,4,Простой запрос,practice,sql_query,85,3,30
3,"Модуль 3. SQL, базы данных и сети",5,SQL: агрегаты,5,Ошибка в запросе,practice,sql_query,85,3,30
3,"Модуль 3. SQL, базы данных и сети",5,SQL: агрегаты,6,Основной запрос,practice,sql_query,85,3,30
3,"Модуль 3. SQL, базы данных и сети",5,SQL: агрегаты,7,Связанные данные,practice,sql_query,85,3,30
3,"Модуль 3. SQL, базы данных и сети",5,SQL: агрегаты,8,Граничный случай,practice,sql_query,85,3,30
3,"Модуль 3. SQL, базы данных и сети",5,SQL: агрегаты,9,Запрос с условием,practice,sql_query,85,3,30
3,"Модуль 3. SQL, базы данных и сети",5,SQL: агрегаты,10,Контроль данных,practice,sql_query,85,3,30
3,"Модуль 3. SQL, базы данных и сети",5,SQL: агрегаты,11,Диагностика,practice,sql_query,85,3,30
3,"Модуль 3. SQL, базы данных и сети",5,SQL: агрегаты,12,Разбор результата,practice,sql_query,85,3,30
3,"Модуль 3. SQL, базы данных и сети",5,SQL: агрегаты,13,Закрепление,test,quiz_single,25,2,10
3,"Модуль 3. SQL, базы данных и сети",5,SQL: агрегаты,14,SQL-файл,project,ide_plugin,110,3,45
3,"Модуль 3. SQL, базы данных и сети",5,SQL: агрегаты,15,Итоги,summary,,15,1,10
3,"Модуль 3. SQL, базы данных и сети",6,SQL: GROUP BY,1,Смысл,theory,,25,2,18
3,"Модуль 3. SQL, базы данных и сети",6,SQL: GROUP BY,2,Минимальный пример,theory,,25,2,18
3,"Модуль 3. SQL, базы данных и сети",6,SQL: GROUP BY,3,Понимание,test,quiz_single,25,2,10
3,"Модуль 3. SQL, базы данных и сети",6,SQL: GROUP BY,4,Простой запрос,practice,sql_query,85,3,30
3,"Модуль 3. SQL, базы данных и сети",6,SQL: GROUP BY,5,Ошибка в запросе,practice,sql_query,85,3,30
3,"Модуль 3. SQL, базы данных и сети",6,SQL: GROUP BY,6,Основной запрос,practice,sql_query,85,3,30
3,"Модуль 3. SQL, базы данных и сети",6,SQL: GROUP BY,7,Связанные данные,practice,sql_query,85,3,30
3,"Модуль 3. SQL, базы данных и сети",6,SQL: GROUP BY,8,Граничный случай,practice,sql_query,85,3,30
3,"Модуль 3. SQL, базы данных и сети",6,SQL: GROUP BY,9,Запрос с условием,practice,sql_query,85,3,30
3,"Модуль 3. SQL, базы данных и сети",6,SQL: GROUP BY,10,Контроль данных,practice,sql_query,85,3,30
3,"Модуль 3. SQL, базы данных и сети",6,SQL: GROUP BY,11,Диагностика,practice,sql_query,85,3,30
3,"Модуль 3. SQL, базы данных и сети",6,SQL: GROUP BY,12,Разбор результата,practice,sql_query,85,3,30
3,"Модуль 3. SQL, базы данных и сети",6,SQL: GROUP BY,13,Закрепление,test,quiz_single,25,2,10
3,"Модуль 3. SQL, базы данных и сети",6,SQL: GROUP BY,14,SQL-файл,project,ide_plugin,110,3,45
3,"Модуль 3. SQL, базы данных и сети",6,SQL: GROUP BY,15,Итоги,summary,,15,1,10
3,"Модуль 3. SQL, базы данных и сети",7,SQL: HAVING,1,Смысл,theory,,25,2,18
3,"Модуль 3. SQL, базы данных и сети",7,SQL: HAVING,2,Минимальный пример,theory,,25,2,18
3,"Модуль 3. SQL, базы данных и сети",7,SQL: HAVING,3,Понимание,test,quiz_single,25,2,10
3,"Модуль 3. SQL, базы данных и сети",7,SQL: HAVING,4,Простой запрос,practice,sql_query,85,3,30
3,"Модуль 3. SQL, базы данных и сети",7,SQL: HAVING,5,Ошибка в запросе,practice,sql_query,85,3,30
3,"Модуль 3. SQL, базы данных и сети",7,SQL: HAVING,6,Основной запрос,practice,sql_query,85,3,30
3,"Модуль 3. SQL, базы данных и сети",7,SQL: HAVING,7,Связанные данные,practice,sql_query,85,3,30
3,"Модуль 3. SQL, базы данных и сети",7,SQL: HAVING,8,Граничный случай,practice,sql_query,85,3,30
3,"Модуль 3. SQL, базы данных и сети",7,SQL: HAVING,9,Запрос с условием,practice,sql_query,85,3,30
3,"Модуль 3. SQL, базы данных и сети",7,SQL: HAVING,10,Контроль данных,practice,sql_query,85,3,30
3,"Модуль 3. SQL, базы данных и сети",7,SQL: HAVING,11,Диагностика,practice,sql_query,85,3,30
3,"Модуль 3. SQL, базы данных и сети",7,SQL: HAVING,12,Разбор результата,practice,sql_query,85,3,30
3,"Модуль 3. SQL, базы данных и сети",7,SQL: HAVING,13,Закрепление,test,quiz_single,25,2,10
3,"Модуль 3. SQL, базы данных и сети",7,SQL: HAVING,14,SQL-файл,project,ide_plugin,110,3,45
3,"Модуль 3. SQL, базы данных и сети",7,SQL: HAVING,15,Итоги,summary,,15,1,10
3,"Модуль 3. SQL, базы данных и сети",8,SQL: INNER JOIN,1,Смысл,theory,,25,2,18
3,"Модуль 3. SQL, базы данных и сети",8,SQL: INNER JOIN,2,Минимальный пример,theory,,25,2,18
3,"Модуль 3. SQL, базы данных и сети",8,SQL: INNER JOIN,3,Понимание,test,quiz_single,25,2,10
3,"Модуль 3. SQL, базы данных и сети",8,SQL: INNER JOIN,4,Простой запрос,practice,sql_query,85,3,30
3,"Модуль 3. SQL, базы данных и сети",8,SQL: INNER JOIN,5,Ошибка в запросе,practice,sql_query,85,3,30
3,"Модуль 3. SQL, базы данных и сети",8,SQL: INNER JOIN,6,Основной запрос,practice,sql_query,85,3,30
3,"Модуль 3. SQL, базы данных и сети",8,SQL: INNER JOIN,7,Связанные данные,practice,sql_query,85,3,30
3,"Модуль 3. SQL, базы данных и сети",8,SQL: INNER JOIN,8,Граничный случай,practice,sql_query,85,3,30
3,"Модуль 3. SQL, базы данных и сети",8,SQL: INNER JOIN,9,Запрос с условием,practice,sql_query,85,3,30
3,"Модуль 3. SQL, базы данных и сети",8,SQL: INNER JOIN,10,Контроль данных,practice,sql_query,85,3,30
3,"Модуль 3. SQL, базы данных и сети",8,SQL: INNER JOIN,11,Диагностика,practice,sql_query,85,3,30
3,"Модуль 3. SQL, базы данных и сети",8,SQL: INNER JOIN,12,Разбор результата,practice,sql_query,85,3,30
3,"Модуль 3. SQL, базы данных и сети",8,SQL: INNER JOIN,13,Закрепление,test,quiz_single,25,2,10
3,"Модуль 3. SQL, базы данных и сети",8,SQL: INNER JOIN,14,SQL-файл,project,ide_plugin,110,3,45
3,"Модуль 3. SQL, базы данных и сети",8,SQL: INNER JOIN,15,Итоги,summary,,15,1,10
3,"Модуль 3. SQL, базы данных и сети",9,SQL: LEFT JOIN,1,Смысл,theory,,25,2,18
3,"Модуль 3. SQL, базы данных и сети",9,SQL: LEFT JOIN,2,Минимальный пример,theory,,25,2,18
3,"Модуль 3. SQL, базы данных и сети",9,SQL: LEFT JOIN,3,Понимание,test,quiz_single,25,2,10
3,"Модуль 3. SQL, базы данных и сети",9,SQL: LEFT JOIN,4,Простой запрос,practice,sql_query,85,3,30
3,"Модуль 3. SQL, базы данных и сети",9,SQL: LEFT JOIN,5,Ошибка в запросе,practice,sql_query,85,3,30
3,"Модуль 3. SQL, базы данных и сети",9,SQL: LEFT JOIN,6,Основной запрос,practice,sql_query,85,3,30
3,"Модуль 3. SQL, базы данных и сети",9,SQL: LEFT JOIN,7,Связанные данные,practice,sql_query,85,3,30
3,"Модуль 3. SQL, базы данных и сети",9,SQL: LEFT JOIN,8,Граничный случай,practice,sql_query,85,3,30
3,"Модуль 3. SQL, базы данных и сети",9,SQL: LEFT JOIN,9,Запрос с условием,practice,sql_query,85,3,30
3,"Модуль 3. SQL, базы данных и сети",9,SQL: LEFT JOIN,10,Контроль данных,practice,sql_query,85,3,30
3,"Модуль 3. SQL, базы данных и сети",9,SQL: LEFT JOIN,11,Диагностика,practice,sql_query,85,3,30
3,"Модуль 3. SQL, базы данных и сети",9,SQL: LEFT JOIN,12,Разбор результата,practice,sql_query,85,3,30
3,"Модуль 3. SQL, базы данных и сети",9,SQL: LEFT JOIN,13,Закрепление,test,quiz_single,25,2,10
3,"Модуль 3. SQL, базы данных и сети",9,SQL: LEFT JOIN,14,SQL-файл,project,ide_plugin,110,3,45
3,"Модуль 3. SQL, базы данных и сети",9,SQL: LEFT JOIN,15,Итоги,summary,,15,1,10
3,"Модуль 3. SQL, базы данных и сети",10,SQL: self join,1,Смысл,theory,,25,2,18
3,"Модуль 3. SQL, базы данных и сети",10,SQL: self join,2,Минимальный пример,theory,,25,2,18
3,"Модуль 3. SQL, базы данных и сети",10,SQL: self join,3,Понимание,test,quiz_single,25,2,10
3,"Модуль 3. SQL, базы данных и сети",10,SQL: self join,4,Простой запрос,practice,sql_query,85,3,30
3,"Модуль 3. SQL, базы данных и сети",10,SQL: self join,5,Ошибка в запросе,practice,sql_query,85,3,30
3,"Модуль 3. SQL, базы данных и сети",10,SQL: self join,6,Основной запрос,practice,sql_query,85,3,30
3,"Модуль 3. SQL, базы данных и сети",10,SQL: self join,7,Связанные данные,practice,sql_query,85,3,30
3,"Модуль 3. SQL, базы данных и сети",10,SQL: self join,8,Граничный случай,practice,sql_query,85,3,30
3,"Модуль 3. SQL, базы данных и сети",10,SQL: self join,9,Запрос с условием,practice,sql_query,85,3,30
3,"Модуль 3. SQL, базы данных и сети",10,SQL: self join,10,Контроль данных,practice,sql_query,85,3,30
3,"Модуль 3. SQL, базы данных и сети",10,SQL: self join,11,Диагностика,practice,sql_query,85,3,30
3,"Модуль 3. SQL, базы данных и сети",10,SQL: self join,12,Разбор результата,practice,sql_query,85,3,30
3,"Модуль 3. SQL, базы данных и сети",10,SQL: self join,13,Закрепление,test,quiz_single,25,2,10
3,"Модуль 3. SQL, базы данных и сети",10,SQL: self join,14,SQL-файл,project,ide_plugin,110,3,45
3,"Модуль 3. SQL, базы данных и сети",10,SQL: self join,15,Итоги,summary,,15,1,10
3,"Модуль 3. SQL, базы данных и сети",11,SQL: подзапросы,1,Смысл,theory,,25,2,18
3,"Модуль 3. SQL, базы данных и сети",11,SQL: подзапросы,2,Минимальный пример,theory,,25,2,18
3,"Модуль 3. SQL, базы данных и сети",11,SQL: подзапросы,3,Понимание,test,quiz_single,25,2,10
3,"Модуль 3. SQL, базы данных и сети",11,SQL: подзапросы,4,Простой запрос,practice,sql_query,85,3,30
3,"Модуль 3. SQL, базы данных и сети",11,SQL: подзапросы,5,Ошибка в запросе,practice,sql_query,85,3,30
3,"Модуль 3. SQL, базы данных и сети",11,SQL: подзапросы,6,Основной запрос,practice,sql_query,85,3,30
3,"Модуль 3. SQL, базы данных и сети",11,SQL: подзапросы,7,Связанные данные,practice,sql_query,85,3,30
3,"Модуль 3. SQL, базы данных и сети",11,SQL: подзапросы,8,Граничный случай,practice,sql_query,85,3,30
3,"Модуль 3. SQL, базы данных и сети",11,SQL: подзапросы,9,Запрос с условием,practice,sql_query,85,3,30
3,"Модуль 3. SQL, базы данных и сети",11,SQL: подзапросы,10,Контроль данных,practice,sql_query,85,3,30
3,"Модуль 3. SQL, базы данных и сети",11,SQL: подзапросы,11,Диагностика,practice,sql_query,85,3,30
3,"Модуль 3. SQL, базы данных и сети",11,SQL: подзапросы,12,Разбор результата,practice,sql_query,85,3,30
3,"Модуль 3. SQL, базы данных и сети",11,SQL: подзапросы,13,Закрепление,test,quiz_single,25,2,10
3,"Модуль 3. SQL, базы данных и сети",11,SQL: подзапросы,14,SQL-файл,project,ide_plugin,110,3,45
3,"Модуль 3. SQL, базы данных и сети",11,SQL: подзапросы,15,Итоги,summary,,15,1,10
3,"Модуль 3. SQL, базы данных и сети",12,SQL: CTE,1,Смысл,theory,,25,2,18
3,"Модуль 3. SQL, базы данных и сети",12,SQL: CTE,2,Минимальный пример,theory,,25,2,18
3,"Модуль 3. SQL, базы данных и сети",12,SQL: CTE,3,Понимание,test,quiz_single,25,2,10
3,"Модуль 3. SQL, базы данных и сети",12,SQL: CTE,4,Простой запрос,practice,sql_query,85,3,30
3,"Модуль 3. SQL, базы данных и сети",12,SQL: CTE,5,Ошибка в запросе,practice,sql_query,85,3,30
3,"Модуль 3. SQL, базы данных и сети",12,SQL: CTE,6,Основной запрос,practice,sql_query,85,3,30
3,"Модуль 3. SQL, базы данных и сети",12,SQL: CTE,7,Связанные данные,practice,sql_query,85,3,30
3,"Модуль 3. SQL, базы данных и сети",12,SQL: CTE,8,Граничный случай,practice,sql_query,85,3,30
3,"Модуль 3. SQL, базы данных и сети",12,SQL: CTE,9,Запрос с условием,practice,sql_query,85,3,30
3,"Модуль 3. SQL, базы данных и сети",12,SQL: CTE,10,Контроль данных,practice,sql_query,85,3,30
3,"Модуль 3. SQL, базы данных и сети",12,SQL: CTE,11,Диагностика,practice,sql_query,85,3,30
3,"Модуль 3. SQL, базы данных и сети",12,SQL: CTE,12,Разбор результата,practice,sql_query,85,3,30
3,"Модуль 3. SQL, базы данных и сети",12,SQL: CTE,13,Закрепление,test,quiz_single,25,2,10
3,"Модуль 3. SQL, базы данных и сети",12,SQL: CTE,14,SQL-файл,project,ide_plugin,110,3,45
3,"Модуль 3. SQL, базы данных и сети",12,SQL: CTE,15,Итоги,summary,,15,1,10
3,"Модуль 3. SQL, базы данных и сети",13,SQL: оконные функции,1,Смысл,theory,,25,2,18
3,"Модуль 3. SQL, базы данных и сети",13,SQL: оконные функции,2,Минимальный пример,theory,,25,2,18
3,"Модуль 3. SQL, базы данных и сети",13,SQL: оконные функции,3,Понимание,test,quiz_single,25,2,10
3,"Модуль 3. SQL, базы данных и сети",13,SQL: оконные функции,4,Простой запрос,practice,sql_query,85,3,30
3,"Модуль 3. SQL, базы данных и сети",13,SQL: оконные функции,5,Ошибка в запросе,practice,sql_query,85,3,30
3,"Модуль 3. SQL, базы данных и сети",13,SQL: оконные функции,6,Основной запрос,practice,sql_query,85,3,30
3,"Модуль 3. SQL, базы данных и сети",13,SQL: оконные функции,7,Связанные данные,practice,sql_query,85,3,30
3,"Модуль 3. SQL, базы данных и сети",13,SQL: оконные функции,8,Граничный случай,practice,sql_query,85,3,30
3,"Модуль 3. SQL, базы данных и сети",13,SQL: оконные функции,9,Запрос с условием,practice,sql_query,85,3,30
3,"Модуль 3. SQL, базы данных и сети",13,SQL: оконные функции,10,Контроль данных,practice,sql_query,85,3,30
3,"Модуль 3. SQL, базы данных и сети",13,SQL: оконные функции,11,Диагностика,practice,sql_query,85,3,30
3,"Модуль 3. SQL, базы данных и сети",13,SQL: оконные функции,12,Разбор результата,practice,sql_query,85,3,30
3,"Модуль 3. SQL, базы данных и сети",13,SQL: оконные функции,13,Закрепление,test,quiz_single,25,2,10
3,"Модуль 3. SQL, базы данных и сети",13,SQL: оконные функции,14,SQL-файл,project,ide_plugin,110,3,45
3,"Модуль 3. SQL, базы данных и сети",13,SQL: оконные функции,15,Итоги,summary,,15,1,10
3,"Модуль 3. SQL, базы данных и сети",14,"SQL: INSERT, UPDATE, DELETE",1,Смысл,theory,,25,2,18
3,"Модуль 3. SQL, базы данных и сети",14,"SQL: INSERT, UPDATE, DELETE",2,Минимальный пример,theory,,25,2,18
3,"Модуль 3. SQL, базы данных и сети",14,"SQL: INSERT, UPDATE, DELETE",3,Понимание,test,quiz_single,25,2,10
3,"Модуль 3. SQL, базы данных и сети",14,"SQL: INSERT, UPDATE, DELETE",4,Простой запрос,practice,sql_query,85,3,30
3,"Модуль 3. SQL, базы данных и сети",14,"SQL: INSERT, UPDATE, DELETE",5,Ошибка в запросе,practice,sql_query,85,3,30
3,"Модуль 3. SQL, базы данных и сети",14,"SQL: INSERT, UPDATE, DELETE",6,Основной запрос,practice,sql_query,85,3,30
3,"Модуль 3. SQL, базы данных и сети",14,"SQL: INSERT, UPDATE, DELETE",7,Связанные данные,practice,sql_query,85,3,30
3,"Модуль 3. SQL, базы данных и сети",14,"SQL: INSERT, UPDATE, DELETE",8,Граничный случай,practice,sql_query,85,3,30
3,"Модуль 3. SQL, базы данных и сети",14,"SQL: INSERT, UPDATE, DELETE",9,Запрос с условием,practice,sql_query,85,3,30
3,"Модуль 3. SQL, базы данных и сети",14,"SQL: INSERT, UPDATE, DELETE",10,Контроль данных,practice,sql_query,85,3,30
3,"Модуль 3. SQL, базы данных и сети",14,"SQL: INSERT, UPDATE, DELETE",11,Диагностика,practice,sql_query,85,3,30
3,"Модуль 3. SQL, базы данных и сети",14,"SQL: INSERT, UPDATE, DELETE",12,Разбор результата,practice,sql_query,85,3,30
3,"Модуль 3. SQL, базы данных и сети",14,"SQL: INSERT, UPDATE, DELETE",13,Закрепление,test,quiz_single,25,2,10
3,"Модуль 3. SQL, базы данных и сети",14,"SQL: INSERT, UPDATE, DELETE",14,SQL-файл,project,ide_plugin,110,3,45
3,"Модуль 3. SQL, базы данных и сети",14,"SQL: INSERT, UPDATE, DELETE",15,Итоги,summary,,15,1,10
3,"Модуль 3. SQL, базы данных и сети",15,SQL: constraints,1,Смысл,theory,,25,2,18
3,"Модуль 3. SQL, базы данных и сети",15,SQL: constraints,2,Минимальный пример,theory,,25,2,18
3,"Модуль 3. SQL, базы данных и сети",15,SQL: constraints,3,Понимание,test,quiz_single,25,2,10
3,"Модуль 3. SQL, базы данных и сети",15,SQL: constraints,4,Простой запрос,practice,sql_query,85,3,30
3,"Модуль 3. SQL, базы данных и сети",15,SQL: constraints,5,Ошибка в запросе,practice,sql_query,85,3,30
3,"Модуль 3. SQL, базы данных и сети",15,SQL: constraints,6,Основной запрос,practice,sql_query,85,3,30
3,"Модуль 3. SQL, базы данных и сети",15,SQL: constraints,7,Связанные данные,practice,sql_query,85,3,30
3,"Модуль 3. SQL, базы данных и сети",15,SQL: constraints,8,Граничный случай,practice,sql_query,85,3,30
3,"Модуль 3. SQL, базы данных и сети",15,SQL: constraints,9,Запрос с условием,practice,sql_query,85,3,30
3,"Модуль 3. SQL, базы данных и сети",15,SQL: constraints,10,Контроль данных,practice,sql_query,85,3,30
3,"Модуль 3. SQL, базы данных и сети",15,SQL: constraints,11,Диагностика,practice,sql_query,85,3,30
3,"Модуль 3. SQL, базы данных и сети",15,SQL: constraints,12,Разбор результата,practice,sql_query,85,3,30
3,"Модуль 3. SQL, базы данных и сети",15,SQL: constraints,13,Закрепление,test,quiz_single,25,2,10
3,"Модуль 3. SQL, базы данных и сети",15,SQL: constraints,14,SQL-файл,project,ide_plugin,110,3,45
3,"Модуль 3. SQL, базы данных и сети",15,SQL: constraints,15,Итоги,summary,,15,1,10
3,"Модуль 3. SQL, базы данных и сети",16,SQL: нормализация,1,Смысл,theory,,25,2,18
3,"Модуль 3. SQL, базы данных и сети",16,SQL: нормализация,2,Минимальный пример,theory,,25,2,18
3,"Модуль 3. SQL, базы данных и сети",16,SQL: нормализация,3,Понимание,test,quiz_single,25,2,10
3,"Модуль 3. SQL, базы данных и сети",16,SQL: нормализация,4,Простой запрос,practice,sql_query,85,3,30
3,"Модуль 3. SQL, базы данных и сети",16,SQL: нормализация,5,Ошибка в запросе,practice,sql_query,85,3,30
3,"Модуль 3. SQL, базы данных и сети",16,SQL: нормализация,6,Основной запрос,practice,sql_query,85,3,30
3,"Модуль 3. SQL, базы данных и сети",16,SQL: нормализация,7,Связанные данные,practice,sql_query,85,3,30
3,"Модуль 3. SQL, базы данных и сети",16,SQL: нормализация,8,Граничный случай,practice,sql_query,85,3,30
3,"Модуль 3. SQL, базы данных и сети",16,SQL: нормализация,9,Запрос с условием,practice,sql_query,85,3,30
3,"Модуль 3. SQL, базы данных и сети",16,SQL: нормализация,10,Контроль данных,practice,sql_query,85,3,30
3,"Модуль 3. SQL, базы данных и сети",16,SQL: нормализация,11,Диагностика,practice,sql_query,85,3,30
3,"Модуль 3. SQL, базы данных и сети",16,SQL: нормализация,12,Разбор результата,practice,sql_query,85,3,30
3,"Модуль 3. SQL, базы данных и сети",16,SQL: нормализация,13,Закрепление,test,quiz_single,25,2,10
3,"Модуль 3. SQL, базы данных и сети",16,SQL: нормализация,14,SQL-файл,project,ide_plugin,110,3,45
3,"Модуль 3. SQL, базы данных и сети",16,SQL: нормализация,15,Итоги,summary,,15,1,10
3,"Модуль 3. SQL, базы данных и сети",17,SQL: transactions и ACID,1,Смысл,theory,,25,2,18
3,"Модуль 3. SQL, базы данных и сети",17,SQL: transactions и ACID,2,Минимальный пример,theory,,25,2,18
3,"Модуль 3. SQL, базы данных и сети",17,SQL: transactions и ACID,3,Понимание,test,quiz_single,25,2,10
3,"Модуль 3. SQL, базы данных и сети",17,SQL: transactions и ACID,4,Простой запрос,practice,sql_query,85,3,30
3,"Модуль 3. SQL, базы данных и сети",17,SQL: transactions и ACID,5,Ошибка в запросе,practice,sql_query,85,3,30
3,"Модуль 3. SQL, базы данных и сети",17,SQL: transactions и ACID,6,Основной запрос,practice,sql_query,85,3,30
3,"Модуль 3. SQL, базы данных и сети",17,SQL: transactions и ACID,7,Связанные данные,practice,sql_query,85,3,30
3,"Модуль 3. SQL, базы данных и сети",17,SQL: transactions и ACID,8,Граничный случай,practice,sql_query,85,3,30
3,"Модуль 3. SQL, базы данных и сети",17,SQL: transactions и ACID,9,Запрос с условием,practice,sql_query,85,3,30
3,"Модуль 3. SQL, базы данных и сети",17,SQL: transactions и ACID,10,Контроль данных,practice,sql_query,85,3,30
3,"Модуль 3. SQL, базы данных и сети",17,SQL: transactions и ACID,11,Диагностика,practice,sql_query,85,3,30
3,"Модуль 3. SQL, базы данных и сети",17,SQL: transactions и ACID,12,Разбор результата,practice,sql_query,85,3,30
3,"Модуль 3. SQL, базы данных и сети",17,SQL: transactions и ACID,13,Закрепление,test,quiz_single,25,2,10
3,"Модуль 3. SQL, базы данных и сети",17,SQL: transactions и ACID,14,SQL-файл,project,ide_plugin,110,3,45
3,"Модуль 3. SQL, базы данных и сети",17,SQL: transactions и ACID,15,Итоги,summary,,15,1,10
3,"Модуль 3. SQL, базы данных и сети",18,"SQL: изоляция, блокировки, индексы",1,Смысл,theory,,25,2,18
3,"Модуль 3. SQL, базы данных и сети",18,"SQL: изоляция, блокировки, индексы",2,Минимальный пример,theory,,25,2,18
3,"Модуль 3. SQL, базы данных и сети",18,"SQL: изоляция, блокировки, индексы",3,Понимание,test,quiz_single,25,2,10
3,"Модуль 3. SQL, базы данных и сети",18,"SQL: изоляция, блокировки, индексы",4,Простой запрос,practice,sql_query,85,3,30
3,"Модуль 3. SQL, базы данных и сети",18,"SQL: изоляция, блокировки, индексы",5,Ошибка в запросе,practice,sql_query,85,3,30
3,"Модуль 3. SQL, базы данных и сети",18,"SQL: изоляция, блокировки, индексы",6,Основной запрос,practice,sql_query,85,3,30
3,"Модуль 3. SQL, базы данных и сети",18,"SQL: изоляция, блокировки, индексы",7,Связанные данные,practice,sql_query,85,3,30
3,"Модуль 3. SQL, базы данных и сети",18,"SQL: изоляция, блокировки, индексы",8,Граничный случай,practice,sql_query,85,3,30
3,"Модуль 3. SQL, базы данных и сети",18,"SQL: изоляция, блокировки, индексы",9,Запрос с условием,practice,sql_query,85,3,30
3,"Модуль 3. SQL, базы данных и сети",18,"SQL: изоляция, блокировки, индексы",10,Контроль данных,practice,sql_query,85,3,30
3,"Модуль 3. SQL, базы данных и сети",18,"SQL: изоляция, блокировки, индексы",11,Диагностика,practice,sql_query,85,3,30
3,"Модуль 3. SQL, базы данных и сети",18,"SQL: изоляция, блокировки, индексы",12,Разбор результата,practice,sql_query,85,3,30
3,"Модуль 3. SQL, базы данных и сети",18,"SQL: изоляция, блокировки, индексы",13,Закрепление,test,quiz_single,25,2,10
3,"Модуль 3. SQL, базы данных и сети",18,"SQL: изоляция, блокировки, индексы",14,SQL-файл,project,ide_plugin,110,3,45
3,"Модуль 3. SQL, базы данных и сети",18,"SQL: изоляция, блокировки, индексы",15,Итоги,summary,,15,1,10
3,"Модуль 3. SQL, базы данных и сети",19,SQLite: файл базы,1,Смысл,theory,,25,2,18
3,"Модуль 3. SQL, базы данных и сети",19,SQLite: файл базы,2,Минимальный пример,theory,,25,2,18
3,"Модуль 3. SQL, базы данных и сети",19,SQLite: файл базы,3,Понимание,test,quiz_single,25,2,10
3,"Модуль 3. SQL, базы данных и сети",19,SQLite: файл базы,4,CREATE TABLE,practice,sql_query,85,3,28
3,"Модуль 3. SQL, базы данных и сети",19,SQLite: файл базы,5,INSERT,practice,sql_query,85,3,28
3,"Модуль 3. SQL, базы данных и сети",19,SQLite: файл базы,6,SELECT,practice,sql_query,85,3,28
3,"Модуль 3. SQL, базы данных и сети",19,SQLite: файл базы,7,rollback,practice,sql_query,85,3,28
3,"Модуль 3. SQL, базы данных и сети",19,SQLite: файл базы,8,База кодом,practice,python_pytest,95,3,35
3,"Модуль 3. SQL, базы данных и сети",19,SQLite: файл базы,9,Repository,practice,python_pytest,95,3,35
3,"Модуль 3. SQL, базы данных и сети",19,SQLite: файл базы,10,Закрепление,test,quiz_single,25,2,10
3,"Модуль 3. SQL, базы данных и сети",19,SQLite: файл базы,11,Мини-библиотека,project,ide_plugin,130,4,60
3,"Модуль 3. SQL, базы данных и сети",19,SQLite: файл базы,12,Task manager DB,project,ide_plugin,130,4,60
3,"Модуль 3. SQL, базы данных и сети",19,SQLite: файл базы,13,Итоги,summary,,15,1,10
3,"Модуль 3. SQL, базы данных и сети",20,SQLite: sqlite3 CLI,1,Смысл,theory,,25,2,18
3,"Модуль 3. SQL, базы данных и сети",20,SQLite: sqlite3 CLI,2,Минимальный пример,theory,,25,2,18
3,"Модуль 3. SQL, базы данных и сети",20,SQLite: sqlite3 CLI,3,Понимание,test,quiz_single,25,2,10
3,"Модуль 3. SQL, базы данных и сети",20,SQLite: sqlite3 CLI,4,CREATE TABLE,practice,sql_query,85,3,28
3,"Модуль 3. SQL, базы данных и сети",20,SQLite: sqlite3 CLI,5,INSERT,practice,sql_query,85,3,28
3,"Модуль 3. SQL, базы данных и сети",20,SQLite: sqlite3 CLI,6,SELECT,practice,sql_query,85,3,28
3,"Модуль 3. SQL, базы данных и сети",20,SQLite: sqlite3 CLI,7,rollback,practice,sql_query,85,3,28
3,"Модуль 3. SQL, базы данных и сети",20,SQLite: sqlite3 CLI,8,База кодом,practice,python_pytest,95,3,35
3,"Модуль 3. SQL, базы данных и сети",20,SQLite: sqlite3 CLI,9,Repository,practice,python_pytest,95,3,35
3,"Модуль 3. SQL, базы данных и сети",20,SQLite: sqlite3 CLI,10,Закрепление,test,quiz_single,25,2,10
3,"Модуль 3. SQL, базы данных и сети",20,SQLite: sqlite3 CLI,11,Мини-библиотека,project,ide_plugin,130,4,60
3,"Модуль 3. SQL, базы данных и сети",20,SQLite: sqlite3 CLI,12,Task manager DB,project,ide_plugin,130,4,60
3,"Модуль 3. SQL, базы данных и сети",20,SQLite: sqlite3 CLI,13,Итоги,summary,,15,1,10
3,"Модуль 3. SQL, базы данных и сети",21,SQLite: DDL и constraints,1,Смысл,theory,,25,2,18
3,"Модуль 3. SQL, базы данных и сети",21,SQLite: DDL и constraints,2,Минимальный пример,theory,,25,2,18
3,"Модуль 3. SQL, базы данных и сети",21,SQLite: DDL и constraints,3,Понимание,test,quiz_single,25,2,10
3,"Модуль 3. SQL, базы данных и сети",21,SQLite: DDL и constraints,4,CREATE TABLE,practice,sql_query,85,3,28
3,"Модуль 3. SQL, базы данных и сети",21,SQLite: DDL и constraints,5,INSERT,practice,sql_query,85,3,28
3,"Модуль 3. SQL, базы данных и сети",21,SQLite: DDL и constraints,6,SELECT,practice,sql_query,85,3,28
3,"Модуль 3. SQL, базы данных и сети",21,SQLite: DDL и constraints,7,rollback,practice,sql_query,85,3,28
3,"Модуль 3. SQL, базы данных и сети",21,SQLite: DDL и constraints,8,База кодом,practice,python_pytest,95,3,35
3,"Модуль 3. SQL, базы данных и сети",21,SQLite: DDL и constraints,9,Repository,practice,python_pytest,95,3,35
3,"Модуль 3. SQL, базы данных и сети",21,SQLite: DDL и constraints,10,Закрепление,test,quiz_single,25,2,10
3,"Модуль 3. SQL, базы данных и сети",21,SQLite: DDL и constraints,11,Мини-библиотека,project,ide_plugin,130,4,60
3,"Модуль 3. SQL, базы данных и сети",21,SQLite: DDL и constraints,12,Task manager DB,project,ide_plugin,130,4,60
3,"Модуль 3. SQL, базы данных и сети",21,SQLite: DDL и constraints,13,Итоги,summary,,15,1,10
3,"Модуль 3. SQL, базы данных и сети",22,SQLite: CRUD,1,Смысл,theory,,25,2,18
3,"Модуль 3. SQL, базы данных и сети",22,SQLite: CRUD,2,Минимальный пример,theory,,25,2,18
3,"Модуль 3. SQL, базы данных и сети",22,SQLite: CRUD,3,Понимание,test,quiz_single,25,2,10
3,"Модуль 3. SQL, базы данных и сети",22,SQLite: CRUD,4,CREATE TABLE,practice,sql_query,85,3,28
3,"Модуль 3. SQL, базы данных и сети",22,SQLite: CRUD,5,INSERT,practice,sql_query,85,3,28
3,"Модуль 3. SQL, базы данных и сети",22,SQLite: CRUD,6,SELECT,practice,sql_query,85,3,28
3,"Модуль 3. SQL, базы данных и сети",22,SQLite: CRUD,7,rollback,practice,sql_query,85,3,28
3,"Модуль 3. SQL, базы данных и сети",22,SQLite: CRUD,8,База кодом,practice,python_pytest,95,3,35
3,"Модуль 3. SQL, базы данных и сети",22,SQLite: CRUD,9,Repository,practice,python_pytest,95,3,35
3,"Модуль 3. SQL, базы данных и сети",22,SQLite: CRUD,10,Закрепление,test,quiz_single,25,2,10
3,"Модуль 3. SQL, базы данных и сети",22,SQLite: CRUD,11,Мини-библиотека,project,ide_plugin,130,4,60
3,"Модуль 3. SQL, базы данных и сети",22,SQLite: CRUD,12,Task manager DB,project,ide_plugin,130,4,60
3,"Модуль 3. SQL, базы данных и сети",22,SQLite: CRUD,13,Итоги,summary,,15,1,10
3,"Модуль 3. SQL, базы данных и сети",23,SQLite: transactions и PRAGMA,1,Смысл,theory,,25,2,18
3,"Модуль 3. SQL, базы данных и сети",23,SQLite: transactions и PRAGMA,2,Минимальный пример,theory,,25,2,18
3,"Модуль 3. SQL, базы данных и сети",23,SQLite: transactions и PRAGMA,3,Понимание,test,quiz_single,25,2,10
3,"Модуль 3. SQL, базы данных и сети",23,SQLite: transactions и PRAGMA,4,CREATE TABLE,practice,sql_query,85,3,28
3,"Модуль 3. SQL, базы данных и сети",23,SQLite: transactions и PRAGMA,5,INSERT,practice,sql_query,85,3,28
3,"Модуль 3. SQL, базы данных и сети",23,SQLite: transactions и PRAGMA,6,SELECT,practice,sql_query,85,3,28
3,"Модуль 3. SQL, базы данных и сети",23,SQLite: transactions и PRAGMA,7,rollback,practice,sql_query,85,3,28
3,"Модуль 3. SQL, базы данных и сети",23,SQLite: transactions и PRAGMA,8,База кодом,practice,python_pytest,95,3,35
3,"Модуль 3. SQL, базы данных и сети",23,SQLite: transactions и PRAGMA,9,Repository,practice,python_pytest,95,3,35
3,"Модуль 3. SQL, базы данных и сети",23,SQLite: transactions и PRAGMA,10,Закрепление,test,quiz_single,25,2,10
3,"Модуль 3. SQL, базы данных и сети",23,SQLite: transactions и PRAGMA,11,Мини-библиотека,project,ide_plugin,130,4,60
3,"Модуль 3. SQL, базы данных и сети",23,SQLite: transactions и PRAGMA,12,Task manager DB,project,ide_plugin,130,4,60
3,"Модуль 3. SQL, базы данных и сети",23,SQLite: transactions и PRAGMA,13,Итоги,summary,,15,1,10
3,"Модуль 3. SQL, базы данных и сети",24,sqlite3 через Python,1,Смысл,theory,,25,2,18
3,"Модуль 3. SQL, базы данных и сети",24,sqlite3 через Python,2,Минимальный пример,theory,,25,2,18
3,"Модуль 3. SQL, базы данных и сети",24,sqlite3 через Python,3,Понимание,test,quiz_single,25,2,10
3,"Модуль 3. SQL, базы данных и сети",24,sqlite3 через Python,4,CREATE TABLE,practice,sql_query,85,3,28
3,"Модуль 3. SQL, базы данных и сети",24,sqlite3 через Python,5,INSERT,practice,sql_query,85,3,28
3,"Модуль 3. SQL, базы данных и сети",24,sqlite3 через Python,6,SELECT,practice,sql_query,85,3,28
3,"Модуль 3. SQL, базы данных и сети",24,sqlite3 через Python,7,rollback,practice,sql_query,85,3,28
3,"Модуль 3. SQL, базы данных и сети",24,sqlite3 через Python,8,База кодом,practice,python_pytest,95,3,35
3,"Модуль 3. SQL, базы данных и сети",24,sqlite3 через Python,9,Repository,practice,python_pytest,95,3,35
3,"Модуль 3. SQL, базы данных и сети",24,sqlite3 через Python,10,Закрепление,test,quiz_single,25,2,10
3,"Модуль 3. SQL, базы данных и сети",24,sqlite3 через Python,11,Мини-библиотека,project,ide_plugin,130,4,60
3,"Модуль 3. SQL, базы данных и сети",24,sqlite3 через Python,12,Task manager DB,project,ide_plugin,130,4,60
3,"Модуль 3. SQL, базы данных и сети",24,sqlite3 через Python,13,Итоги,summary,,15,1,10
3,"Модуль 3. SQL, базы данных и сети",25,SQLite repository и проекты,1,Смысл,theory,,25,2,18
3,"Модуль 3. SQL, базы данных и сети",25,SQLite repository и проекты,2,Минимальный пример,theory,,25,2,18
3,"Модуль 3. SQL, базы данных и сети",25,SQLite repository и проекты,3,Понимание,test,quiz_single,25,2,10
3,"Модуль 3. SQL, базы данных и сети",25,SQLite repository и проекты,4,CREATE TABLE,practice,sql_query,85,3,28
3,"Модуль 3. SQL, базы данных и сети",25,SQLite repository и проекты,5,INSERT,practice,sql_query,85,3,28
3,"Модуль 3. SQL, базы данных и сети",25,SQLite repository и проекты,6,SELECT,practice,sql_query,85,3,28
3,"Модуль 3. SQL, базы данных и сети",25,SQLite repository и проекты,7,rollback,practice,sql_query,85,3,28
3,"Модуль 3. SQL, базы данных и сети",25,SQLite repository и проекты,8,База кодом,practice,python_pytest,95,3,35
3,"Модуль 3. SQL, базы данных и сети",25,SQLite repository и проекты,9,Repository,practice,python_pytest,95,3,35
3,"Модуль 3. SQL, базы данных и сети",25,SQLite repository и проекты,10,Закрепление,test,quiz_single,25,2,10
3,"Модуль 3. SQL, базы данных и сети",25,SQLite repository и проекты,11,Мини-библиотека,project,ide_plugin,130,4,60
3,"Модуль 3. SQL, базы данных и сети",25,SQLite repository и проекты,12,Task manager DB,project,ide_plugin,130,4,60
3,"Модуль 3. SQL, базы данных и сети",25,SQLite repository и проекты,13,Итоги,summary,,15,1,10
3,"Модуль 3. SQL, базы данных и сети",26,NoSQL: документы,1,Смысл,theory,,20,1,18
3,"Модуль 3. SQL, базы данных и сети",26,NoSQL: документы,2,Минимальный пример,theory,,20,1,18
3,"Модуль 3. SQL, базы данных и сети",26,NoSQL: документы,3,Понимание,test,quiz_single,20,1,10
3,"Модуль 3. SQL, базы данных и сети",26,NoSQL: документы,4,Простая задача,practice,python_stdout,70,2,24
3,"Модуль 3. SQL, базы данных и сети",26,NoSQL: документы,5,Ошибка,practice,python_pytest,70,2,28
3,"Модуль 3. SQL, базы данных и сети",26,NoSQL: документы,6,Основная задача,practice,python_pytest,70,2,28
3,"Модуль 3. SQL, базы данных и сети",26,NoSQL: документы,7,Прикладная задача,practice,python_pytest,70,2,28
3,"Модуль 3. SQL, базы данных и сети",26,NoSQL: документы,8,Крайний случай,practice,python_stdout,70,2,24
3,"Модуль 3. SQL, базы данных и сети",26,NoSQL: документы,9,Закрепление,test,quiz_single,25,2,10
3,"Модуль 3. SQL, базы данных и сети",26,NoSQL: документы,10,Работа в IDE,project,ide_plugin,110,3,55
3,"Модуль 3. SQL, базы данных и сети",26,NoSQL: документы,11,Итоги,summary,,15,1,10
3,"Модуль 3. SQL, базы данных и сети",27,Redis,1,Смысл,theory,,20,1,18
3,"Модуль 3. SQL, базы данных и сети",27,Redis,2,Минимальный пример,theory,,20,1,18
3,"Модуль 3. SQL, базы данных и сети",27,Redis,3,Понимание,test,quiz_single,20,1,10
3,"Модуль 3. SQL, базы данных и сети",27,Redis,4,Простая задача,practice,python_stdout,70,2,24
3,"Модуль 3. SQL, базы данных и сети",27,Redis,5,Ошибка,practice,python_pytest,70,2,28
3,"Модуль 3. SQL, базы данных и сети",27,Redis,6,Основная задача,practice,python_pytest,70,2,28
3,"Модуль 3. SQL, базы данных и сети",27,Redis,7,Прикладная задача,practice,python_pytest,70,2,28
3,"Модуль 3. SQL, базы данных и сети",27,Redis,8,Крайний случай,practice,python_stdout,70,2,24
3,"Модуль 3. SQL, базы данных и сети",27,Redis,9,Закрепление,test,quiz_single,25,2,10
3,"Модуль 3. SQL, базы данных и сети",27,Redis,10,Работа в IDE,project,ide_plugin,110,3,55
3,"Модуль 3. SQL, базы данных и сети",27,Redis,11,Итоги,summary,,15,1,10
3,"Модуль 3. SQL, базы данных и сети",28,ClickHouse и OLAP,1,Смысл,theory,,25,2,18
3,"Модуль 3. SQL, базы данных и сети",28,ClickHouse и OLAP,2,Минимальный пример,theory,,25,2,18
3,"Модуль 3. SQL, базы данных и сети",28,ClickHouse и OLAP,3,Понимание,test,quiz_single,25,2,10
3,"Модуль 3. SQL, базы данных и сети",28,ClickHouse и OLAP,4,Простой запрос,practice,sql_query,85,3,30
3,"Модуль 3. SQL, базы данных и сети",28,ClickHouse и OLAP,5,Ошибка в запросе,practice,sql_query,85,3,30
3,"Модуль 3. SQL, базы данных и сети",28,ClickHouse и OLAP,6,Основной запрос,practice,sql_query,85,3,30
3,"Модуль 3. SQL, базы данных и сети",28,ClickHouse и OLAP,7,Связанные данные,practice,sql_query,85,3,30
3,"Модуль 3. SQL, базы данных и сети",28,ClickHouse и OLAP,8,Граничный случай,practice,sql_query,85,3,30
3,"Модуль 3. SQL, базы данных и сети",28,ClickHouse и OLAP,9,Запрос с условием,practice,sql_query,85,3,30
3,"Модуль 3. SQL, базы данных и сети",28,ClickHouse и OLAP,10,Контроль данных,practice,sql_query,85,3,30
3,"Модуль 3. SQL, базы данных и сети",28,ClickHouse и OLAP,11,Диагностика,practice,sql_query,85,3,30
3,"Модуль 3. SQL, базы данных и сети",28,ClickHouse и OLAP,12,Разбор результата,practice,sql_query,85,3,30
3,"Модуль 3. SQL, базы данных и сети",28,ClickHouse и OLAP,13,Закрепление,test,quiz_single,25,2,10
3,"Модуль 3. SQL, базы данных и сети",28,ClickHouse и OLAP,14,SQL-файл,project,ide_plugin,110,3,45
3,"Модуль 3. SQL, базы данных и сети",28,ClickHouse и OLAP,15,Итоги,summary,,15,1,10
3,"Модуль 3. SQL, базы данных и сети",29,S3 и MinIO,1,Смысл,theory,,20,1,18
3,"Модуль 3. SQL, базы данных и сети",29,S3 и MinIO,2,Минимальный пример,theory,,20,1,18
3,"Модуль 3. SQL, базы данных и сети",29,S3 и MinIO,3,Понимание,test,quiz_single,20,1,10
3,"Модуль 3. SQL, базы данных и сети",29,S3 и MinIO,4,Простая задача,practice,python_stdout,70,2,24
3,"Модуль 3. SQL, базы данных и сети",29,S3 и MinIO,5,Ошибка,practice,python_pytest,70,2,28
3,"Модуль 3. SQL, базы данных и сети",29,S3 и MinIO,6,Основная задача,practice,python_pytest,70,2,28
3,"Модуль 3. SQL, базы данных и сети",29,S3 и MinIO,7,Прикладная задача,practice,python_pytest,70,2,28
3,"Модуль 3. SQL, базы данных и сети",29,S3 и MinIO,8,Крайний случай,practice,python_stdout,70,2,24
3,"Модуль 3. SQL, базы данных и сети",29,S3 и MinIO,9,Закрепление,test,quiz_single,25,2,10
3,"Модуль 3. SQL, базы данных и сети",29,S3 и MinIO,10,Работа в IDE,project,ide_plugin,110,3,55
3,"Модуль 3. SQL, базы данных и сети",29,S3 и MinIO,11,Итоги,summary,,15,1,10
3,"Модуль 3. SQL, базы данных и сети",30,Сети: TCP и UDP,1,Смысл,theory,,20,1,18
3,"Модуль 3. SQL, базы данных и сети",30,Сети: TCP и UDP,2,Минимальный пример,theory,,20,1,18
3,"Модуль 3. SQL, базы данных и сети",30,Сети: TCP и UDP,3,Понимание,test,quiz_single,20,1,10
3,"Модуль 3. SQL, базы данных и сети",30,Сети: TCP и UDP,4,Простая задача,practice,python_stdout,70,2,24
3,"Модуль 3. SQL, базы данных и сети",30,Сети: TCP и UDP,5,Ошибка,practice,python_pytest,70,2,28
3,"Модуль 3. SQL, базы данных и сети",30,Сети: TCP и UDP,6,Основная задача,practice,python_pytest,70,2,28
3,"Модуль 3. SQL, базы данных и сети",30,Сети: TCP и UDP,7,Прикладная задача,practice,python_pytest,70,2,28
3,"Модуль 3. SQL, базы данных и сети",30,Сети: TCP и UDP,8,Крайний случай,practice,python_stdout,70,2,24
3,"Модуль 3. SQL, базы данных и сети",30,Сети: TCP и UDP,9,Закрепление,test,quiz_single,25,2,10
3,"Модуль 3. SQL, базы данных и сети",30,Сети: TCP и UDP,10,Работа в IDE,project,ide_plugin,110,3,55
3,"Модуль 3. SQL, базы данных и сети",30,Сети: TCP и UDP,11,Итоги,summary,,15,1,10
3,"Модуль 3. SQL, базы данных и сети",31,HTTP и HTTPS,1,Смысл,theory,,20,1,18
3,"Модуль 3. SQL, базы данных и сети",31,HTTP и HTTPS,2,Минимальный пример,theory,,20,1,18
3,"Модуль 3. SQL, базы данных и сети",31,HTTP и HTTPS,3,Понимание,test,quiz_single,20,1,10
3,"Модуль 3. SQL, базы данных и сети",31,HTTP и HTTPS,4,Простая задача,practice,python_stdout,70,2,24
3,"Модуль 3. SQL, базы данных и сети",31,HTTP и HTTPS,5,Ошибка,practice,python_pytest,70,2,28
3,"Модуль 3. SQL, базы данных и сети",31,HTTP и HTTPS,6,Основная задача,practice,python_pytest,70,2,28
3,"Модуль 3. SQL, базы данных и сети",31,HTTP и HTTPS,7,Прикладная задача,practice,python_pytest,70,2,28
3,"Модуль 3. SQL, базы данных и сети",31,HTTP и HTTPS,8,Крайний случай,practice,python_stdout,70,2,24
3,"Модуль 3. SQL, базы данных и сети",31,HTTP и HTTPS,9,Закрепление,test,quiz_single,25,2,10
3,"Модуль 3. SQL, базы данных и сети",31,HTTP и HTTPS,10,Работа в IDE,project,ide_plugin,110,3,55
3,"Модуль 3. SQL, базы данных и сети",31,HTTP и HTTPS,11,Итоги,summary,,15,1,10
3,"Модуль 3. SQL, базы данных и сети",32,REST и авторизация,1,Смысл,theory,,25,2,18
3,"Модуль 3. SQL, базы данных и сети",32,REST и авторизация,2,Минимальный пример,theory,,25,2,18
3,"Модуль 3. SQL, базы данных и сети",32,REST и авторизация,3,Понимание,test,quiz_single,25,2,10
3,"Модуль 3. SQL, базы данных и сети",32,REST и авторизация,4,GET /health,practice,http_api,95,3,32
3,"Модуль 3. SQL, базы данных и сети",32,REST и авторизация,5,POST /tasks,practice,http_api,95,3,32
3,"Модуль 3. SQL, базы данных и сети",32,REST и авторизация,6,PATCH /tasks,practice,http_api,95,3,32
3,"Модуль 3. SQL, базы данных и сети",32,REST и авторизация,7,DELETE /tasks,practice,http_api,95,3,32
3,"Модуль 3. SQL, базы данных и сети",32,REST и авторизация,8,GET /tasks,practice,http_api,95,3,32
3,"Модуль 3. SQL, базы данных и сети",32,REST и авторизация,9,Закрепление,test,quiz_single,25,2,10
3,"Модуль 3. SQL, базы данных и сети",32,REST и авторизация,10,API-слой,project,ide_plugin,135,4,55
3,"Модуль 3. SQL, базы данных и сети",32,REST и авторизация,11,Интеграция,practice,http_api,100,4,35
3,"Модуль 3. SQL, базы данных и сети",32,REST и авторизация,12,Контракт,project,ide_plugin,135,4,55
3,"Модуль 3. SQL, базы данных и сети",32,REST и авторизация,13,Итоги,summary,,15,1,10
3,"Модуль 3. SQL, базы данных и сети",33,"SOAP, GraphQL, gRPC, WebSockets",1,Смысл,theory,,20,1,18
3,"Модуль 3. SQL, базы данных и сети",33,"SOAP, GraphQL, gRPC, WebSockets",2,Минимальный пример,theory,,20,1,18
3,"Модуль 3. SQL, базы данных и сети",33,"SOAP, GraphQL, gRPC, WebSockets",3,Понимание,test,quiz_single,20,1,10
3,"Модуль 3. SQL, базы данных и сети",33,"SOAP, GraphQL, gRPC, WebSockets",4,Простая задача,practice,python_stdout,70,2,24
3,"Модуль 3. SQL, базы данных и сети",33,"SOAP, GraphQL, gRPC, WebSockets",5,Ошибка,practice,python_pytest,70,2,28
3,"Модуль 3. SQL, базы данных и сети",33,"SOAP, GraphQL, gRPC, WebSockets",6,Основная задача,practice,python_pytest,70,2,28
3,"Модуль 3. SQL, базы данных и сети",33,"SOAP, GraphQL, gRPC, WebSockets",7,Прикладная задача,practice,python_pytest,70,2,28
3,"Модуль 3. SQL, базы данных и сети",33,"SOAP, GraphQL, gRPC, WebSockets",8,Крайний случай,practice,python_stdout,70,2,24
3,"Модуль 3. SQL, базы данных и сети",33,"SOAP, GraphQL, gRPC, WebSockets",9,Закрепление,test,quiz_single,25,2,10
3,"Модуль 3. SQL, базы данных и сети",33,"SOAP, GraphQL, gRPC, WebSockets",10,Работа в IDE,project,ide_plugin,110,3,55
3,"Модуль 3. SQL, базы данных и сети",33,"SOAP, GraphQL, gRPC, WebSockets",11,Итоги,summary,,15,1,10
3,"Модуль 3. SQL, базы данных и сети",34,Проектирование схемы,1,Смысл,theory,,25,2,18
3,"Модуль 3. SQL, базы данных и сети",34,Проектирование схемы,2,Минимальный пример,theory,,25,2,18
3,"Модуль 3. SQL, базы данных и сети",34,Проектирование схемы,3,Понимание,test,quiz_single,25,2,10
3,"Модуль 3. SQL, базы данных и сети",34,Проектирование схемы,4,Простой запрос,practice,sql_query,85,3,30
3,"Модуль 3. SQL, базы данных и сети",34,Проектирование схемы,5,Ошибка в запросе,practice,sql_query,85,3,30
3,"Модуль 3. SQL, базы данных и сети",34,Проектирование схемы,6,Основной запрос,practice,sql_query,85,3,30
3,"Модуль 3. SQL, базы данных и сети",34,Проектирование схемы,7,Связанные данные,practice,sql_query,85,3,30
3,"Модуль 3. SQL, базы данных и сети",34,Проектирование схемы,8,Граничный случай,practice,sql_query,85,3,30
3,"Модуль 3. SQL, базы данных и сети",34,Проектирование схемы,9,Запрос с условием,practice,sql_query,85,3,30
3,"Модуль 3. SQL, базы данных и сети",34,Проектирование схемы,10,Контроль данных,practice,sql_query,85,3,30
3,"Модуль 3. SQL, базы данных и сети",34,Проектирование схемы,11,Диагностика,practice,sql_query,85,3,30
3,"Модуль 3. SQL, базы данных и сети",34,Проектирование схемы,12,Разбор результата,practice,sql_query,85,3,30
3,"Модуль 3. SQL, базы данных и сети",34,Проектирование схемы,13,Закрепление,test,quiz_single,25,2,10
3,"Модуль 3. SQL, базы данных и сети",34,Проектирование схемы,14,SQL-файл,project,ide_plugin,110,3,45
3,"Модуль 3. SQL, базы данных и сети",34,Проектирование схемы,15,Итоги,summary,,15,1,10
3,"Модуль 3. SQL, базы данных и сети",35,Индексы и EXPLAIN,1,Смысл,theory,,25,2,18
3,"Модуль 3. SQL, базы данных и сети",35,Индексы и EXPLAIN,2,Минимальный пример,theory,,25,2,18
3,"Модуль 3. SQL, базы данных и сети",35,Индексы и EXPLAIN,3,Понимание,test,quiz_single,25,2,10
3,"Модуль 3. SQL, базы данных и сети",35,Индексы и EXPLAIN,4,Простой запрос,practice,sql_query,85,3,30
3,"Модуль 3. SQL, базы данных и сети",35,Индексы и EXPLAIN,5,Ошибка в запросе,practice,sql_query,85,3,30
3,"Модуль 3. SQL, базы данных и сети",35,Индексы и EXPLAIN,6,Основной запрос,practice,sql_query,85,3,30
3,"Модуль 3. SQL, базы данных и сети",35,Индексы и EXPLAIN,7,Связанные данные,practice,sql_query,85,3,30
3,"Модуль 3. SQL, базы данных и сети",35,Индексы и EXPLAIN,8,Граничный случай,practice,sql_query,85,3,30
3,"Модуль 3. SQL, базы данных и сети",35,Индексы и EXPLAIN,9,Запрос с условием,practice,sql_query,85,3,30
3,"Модуль 3. SQL, базы данных и сети",35,Индексы и EXPLAIN,10,Контроль данных,practice,sql_query,85,3,30
3,"Модуль 3. SQL, базы данных и сети",35,Индексы и EXPLAIN,11,Диагностика,practice,sql_query,85,3,30
3,"Модуль 3. SQL, базы данных и сети",35,Индексы и EXPLAIN,12,Разбор результата,practice,sql_query,85,3,30
3,"Модуль 3. SQL, базы данных и сети",35,Индексы и EXPLAIN,13,Закрепление,test,quiz_single,25,2,10
3,"Модуль 3. SQL, базы данных и сети",35,Индексы и EXPLAIN,14,SQL-файл,project,ide_plugin,110,3,45
3,"Модуль 3. SQL, базы данных и сети",35,Индексы и EXPLAIN,15,Итоги,summary,,15,1,10
3,"Модуль 3. SQL, базы данных и сети",36,Экзамен 3,1,Смысл,theory,,25,2,18
3,"Модуль 3. SQL, базы данных и сети",36,Экзамен 3,2,Минимальный пример,theory,,25,2,18
3,"Модуль 3. SQL, базы данных и сети",36,Экзамен 3,3,Понимание,test,quiz_single,25,2,10
3,"Модуль 3. SQL, базы данных и сети",36,Экзамен 3,4,Простой запрос,practice,sql_query,85,3,30
3,"Модуль 3. SQL, базы данных и сети",36,Экзамен 3,5,Ошибка в запросе,practice,sql_query,85,3,30
3,"Модуль 3. SQL, базы данных и сети",36,Экзамен 3,6,Основной запрос,practice,sql_query,85,3,30
3,"Модуль 3. SQL, базы данных и сети",36,Экзамен 3,7,Связанные данные,practice,sql_query,85,3,30
3,"Модуль 3. SQL, базы данных и сети",36,Экзамен 3,8,Граничный случай,practice,sql_query,85,3,30
3,"Модуль 3. SQL, базы данных и сети",36,Экзамен 3,9,Запрос с условием,practice,sql_query,85,3,30
3,"Модуль 3. SQL, базы данных и сети",36,Экзамен 3,10,Контроль данных,practice,sql_query,85,3,30
3,"Модуль 3. SQL, базы данных и сети",36,Экзамен 3,11,Диагностика,practice,sql_query,85,3,30
3,"Модуль 3. SQL, базы данных и сети",36,Экзамен 3,12,Разбор результата,practice,sql_query,85,3,30
3,"Модуль 3. SQL, базы данных и сети",36,Экзамен 3,13,Закрепление,test,quiz_single,25,2,10
3,"Модуль 3. SQL, базы данных и сети",36,Экзамен 3,14,SQL-файл,project,ide_plugin,110,3,45
3,"Модуль 3. SQL, базы данных и сети",36,Экзамен 3,15,Итоги,summary,,15,1,10
4,"Модуль 4. FastAPI, инфраструктура и тестирование",1,FastAPI: первый API,1,Смысл,theory,,25,2,18
4,"Модуль 4. FastAPI, инфраструктура и тестирование",1,FastAPI: первый API,2,Минимальный пример,theory,,25,2,18
4,"Модуль 4. FastAPI, инфраструктура и тестирование",1,FastAPI: первый API,3,Понимание,test,quiz_single,25,2,10
4,"Модуль 4. FastAPI, инфраструктура и тестирование",1,FastAPI: первый API,4,GET /health,practice,http_api,95,3,32
4,"Модуль 4. FastAPI, инфраструктура и тестирование",1,FastAPI: первый API,5,POST /tasks,practice,http_api,95,3,32
4,"Модуль 4. FastAPI, инфраструктура и тестирование",1,FastAPI: первый API,6,PATCH /tasks,practice,http_api,95,3,32
4,"Модуль 4. FastAPI, инфраструктура и тестирование",1,FastAPI: первый API,7,DELETE /tasks,practice,http_api,95,3,32
4,"Модуль 4. FastAPI, инфраструктура и тестирование",1,FastAPI: первый API,8,GET /tasks,practice,http_api,95,3,32
4,"Модуль 4. FastAPI, инфраструктура и тестирование",1,FastAPI: первый API,9,Закрепление,test,quiz_single,25,2,10
4,"Модуль 4. FastAPI, инфраструктура и тестирование",1,FastAPI: первый API,10,API-слой,project,ide_plugin,135,4,55
4,"Модуль 4. FastAPI, инфраструктура и тестирование",1,FastAPI: первый API,11,Интеграция,practice,http_api,100,4,35
4,"Модуль 4. FastAPI, инфраструктура и тестирование",1,FastAPI: первый API,12,Контракт,project,ide_plugin,135,4,55
4,"Модуль 4. FastAPI, инфраструктура и тестирование",1,FastAPI: первый API,13,Итоги,summary,,15,1,10
4,"Модуль 4. FastAPI, инфраструктура и тестирование",2,FastAPI: GET route,1,Смысл,theory,,25,2,18
4,"Модуль 4. FastAPI, инфраструктура и тестирование",2,FastAPI: GET route,2,Минимальный пример,theory,,25,2,18
4,"Модуль 4. FastAPI, инфраструктура и тестирование",2,FastAPI: GET route,3,Понимание,test,quiz_single,25,2,10
4,"Модуль 4. FastAPI, инфраструктура и тестирование",2,FastAPI: GET route,4,GET /health,practice,http_api,95,3,32
4,"Модуль 4. FastAPI, инфраструктура и тестирование",2,FastAPI: GET route,5,POST /tasks,practice,http_api,95,3,32
4,"Модуль 4. FastAPI, инфраструктура и тестирование",2,FastAPI: GET route,6,PATCH /tasks,practice,http_api,95,3,32
4,"Модуль 4. FastAPI, инфраструктура и тестирование",2,FastAPI: GET route,7,DELETE /tasks,practice,http_api,95,3,32
4,"Модуль 4. FastAPI, инфраструктура и тестирование",2,FastAPI: GET route,8,GET /tasks,practice,http_api,95,3,32
4,"Модуль 4. FastAPI, инфраструктура и тестирование",2,FastAPI: GET route,9,Закрепление,test,quiz_single,25,2,10
4,"Модуль 4. FastAPI, инфраструктура и тестирование",2,FastAPI: GET route,10,API-слой,project,ide_plugin,135,4,55
4,"Модуль 4. FastAPI, инфраструктура и тестирование",2,FastAPI: GET route,11,Интеграция,practice,http_api,100,4,35
4,"Модуль 4. FastAPI, инфраструктура и тестирование",2,FastAPI: GET route,12,Контракт,project,ide_plugin,135,4,55
4,"Модуль 4. FastAPI, инфраструктура и тестирование",2,FastAPI: GET route,13,Итоги,summary,,15,1,10
4,"Модуль 4. FastAPI, инфраструктура и тестирование",3,FastAPI: path params,1,Смысл,theory,,25,2,18
4,"Модуль 4. FastAPI, инфраструктура и тестирование",3,FastAPI: path params,2,Минимальный пример,theory,,25,2,18
4,"Модуль 4. FastAPI, инфраструктура и тестирование",3,FastAPI: path params,3,Понимание,test,quiz_single,25,2,10
4,"Модуль 4. FastAPI, инфраструктура и тестирование",3,FastAPI: path params,4,GET /health,practice,http_api,95,3,32
4,"Модуль 4. FastAPI, инфраструктура и тестирование",3,FastAPI: path params,5,POST /tasks,practice,http_api,95,3,32
4,"Модуль 4. FastAPI, инфраструктура и тестирование",3,FastAPI: path params,6,PATCH /tasks,practice,http_api,95,3,32
4,"Модуль 4. FastAPI, инфраструктура и тестирование",3,FastAPI: path params,7,DELETE /tasks,practice,http_api,95,3,32
4,"Модуль 4. FastAPI, инфраструктура и тестирование",3,FastAPI: path params,8,GET /tasks,practice,http_api,95,3,32
4,"Модуль 4. FastAPI, инфраструктура и тестирование",3,FastAPI: path params,9,Закрепление,test,quiz_single,25,2,10
4,"Модуль 4. FastAPI, инфраструктура и тестирование",3,FastAPI: path params,10,API-слой,project,ide_plugin,135,4,55
4,"Модуль 4. FastAPI, инфраструктура и тестирование",3,FastAPI: path params,11,Интеграция,practice,http_api,100,4,35
4,"Модуль 4. FastAPI, инфраструктура и тестирование",3,FastAPI: path params,12,Контракт,project,ide_plugin,135,4,55
4,"Модуль 4. FastAPI, инфраструктура и тестирование",3,FastAPI: path params,13,Итоги,summary,,15,1,10
4,"Модуль 4. FastAPI, инфраструктура и тестирование",4,FastAPI: query params,1,Смысл,theory,,25,2,18
4,"Модуль 4. FastAPI, инфраструктура и тестирование",4,FastAPI: query params,2,Минимальный пример,theory,,25,2,18
4,"Модуль 4. FastAPI, инфраструктура и тестирование",4,FastAPI: query params,3,Понимание,test,quiz_single,25,2,10
4,"Модуль 4. FastAPI, инфраструктура и тестирование",4,FastAPI: query params,4,GET /health,practice,http_api,95,3,32
4,"Модуль 4. FastAPI, инфраструктура и тестирование",4,FastAPI: query params,5,POST /tasks,practice,http_api,95,3,32
4,"Модуль 4. FastAPI, инфраструктура и тестирование",4,FastAPI: query params,6,PATCH /tasks,practice,http_api,95,3,32
4,"Модуль 4. FastAPI, инфраструктура и тестирование",4,FastAPI: query params,7,DELETE /tasks,practice,http_api,95,3,32
4,"Модуль 4. FastAPI, инфраструктура и тестирование",4,FastAPI: query params,8,GET /tasks,practice,http_api,95,3,32
4,"Модуль 4. FastAPI, инфраструктура и тестирование",4,FastAPI: query params,9,Закрепление,test,quiz_single,25,2,10
4,"Модуль 4. FastAPI, инфраструктура и тестирование",4,FastAPI: query params,10,API-слой,project,ide_plugin,135,4,55
4,"Модуль 4. FastAPI, инфраструктура и тестирование",4,FastAPI: query params,11,Интеграция,practice,http_api,100,4,35
4,"Модуль 4. FastAPI, инфраструктура и тестирование",4,FastAPI: query params,12,Контракт,project,ide_plugin,135,4,55
4,"Модуль 4. FastAPI, инфраструктура и тестирование",4,FastAPI: query params,13,Итоги,summary,,15,1,10
4,"Модуль 4. FastAPI, инфраструктура и тестирование",5,FastAPI: request body,1,Смысл,theory,,25,2,18
4,"Модуль 4. FastAPI, инфраструктура и тестирование",5,FastAPI: request body,2,Минимальный пример,theory,,25,2,18
4,"Модуль 4. FastAPI, инфраструктура и тестирование",5,FastAPI: request body,3,Понимание,test,quiz_single,25,2,10
4,"Модуль 4. FastAPI, инфраструктура и тестирование",5,FastAPI: request body,4,GET /health,practice,http_api,95,3,32
4,"Модуль 4. FastAPI, инфраструктура и тестирование",5,FastAPI: request body,5,POST /tasks,practice,http_api,95,3,32
4,"Модуль 4. FastAPI, инфраструктура и тестирование",5,FastAPI: request body,6,PATCH /tasks,practice,http_api,95,3,32
4,"Модуль 4. FastAPI, инфраструктура и тестирование",5,FastAPI: request body,7,DELETE /tasks,practice,http_api,95,3,32
4,"Модуль 4. FastAPI, инфраструктура и тестирование",5,FastAPI: request body,8,GET /tasks,practice,http_api,95,3,32
4,"Модуль 4. FastAPI, инфраструктура и тестирование",5,FastAPI: request body,9,Закрепление,test,quiz_single,25,2,10
4,"Модуль 4. FastAPI, инфраструктура и тестирование",5,FastAPI: request body,10,API-слой,project,ide_plugin,135,4,55
4,"Модуль 4. FastAPI, инфраструктура и тестирование",5,FastAPI: request body,11,Интеграция,practice,http_api,100,4,35
4,"Модуль 4. FastAPI, инфраструктура и тестирование",5,FastAPI: request body,12,Контракт,project,ide_plugin,135,4,55
4,"Модуль 4. FastAPI, инфраструктура и тестирование",5,FastAPI: request body,13,Итоги,summary,,15,1,10
4,"Модуль 4. FastAPI, инфраструктура и тестирование",6,Pydantic models,1,Смысл,theory,,25,2,18
4,"Модуль 4. FastAPI, инфраструктура и тестирование",6,Pydantic models,2,Минимальный пример,theory,,25,2,18
4,"Модуль 4. FastAPI, инфраструктура и тестирование",6,Pydantic models,3,Понимание,test,quiz_single,25,2,10
4,"Модуль 4. FastAPI, инфраструктура и тестирование",6,Pydantic models,4,GET /health,practice,http_api,95,3,32
4,"Модуль 4. FastAPI, инфраструктура и тестирование",6,Pydantic models,5,POST /tasks,practice,http_api,95,3,32
4,"Модуль 4. FastAPI, инфраструктура и тестирование",6,Pydantic models,6,PATCH /tasks,practice,http_api,95,3,32
4,"Модуль 4. FastAPI, инфраструктура и тестирование",6,Pydantic models,7,DELETE /tasks,practice,http_api,95,3,32
4,"Модуль 4. FastAPI, инфраструктура и тестирование",6,Pydantic models,8,GET /tasks,practice,http_api,95,3,32
4,"Модуль 4. FastAPI, инфраструктура и тестирование",6,Pydantic models,9,Закрепление,test,quiz_single,25,2,10
4,"Модуль 4. FastAPI, инфраструктура и тестирование",6,Pydantic models,10,API-слой,project,ide_plugin,135,4,55
4,"Модуль 4. FastAPI, инфраструктура и тестирование",6,Pydantic models,11,Интеграция,practice,http_api,100,4,35
4,"Модуль 4. FastAPI, инфраструктура и тестирование",6,Pydantic models,12,Контракт,project,ide_plugin,135,4,55
4,"Модуль 4. FastAPI, инфраструктура и тестирование",6,Pydantic models,13,Итоги,summary,,15,1,10
4,"Модуль 4. FastAPI, инфраструктура и тестирование",7,response_model и status codes,1,Смысл,theory,,25,2,18
4,"Модуль 4. FastAPI, инфраструктура и тестирование",7,response_model и status codes,2,Минимальный пример,theory,,25,2,18
4,"Модуль 4. FastAPI, инфраструктура и тестирование",7,response_model и status codes,3,Понимание,test,quiz_single,25,2,10
4,"Модуль 4. FastAPI, инфраструктура и тестирование",7,response_model и status codes,4,GET /health,practice,http_api,95,3,32
4,"Модуль 4. FastAPI, инфраструктура и тестирование",7,response_model и status codes,5,POST /tasks,practice,http_api,95,3,32
4,"Модуль 4. FastAPI, инфраструктура и тестирование",7,response_model и status codes,6,PATCH /tasks,practice,http_api,95,3,32
4,"Модуль 4. FastAPI, инфраструктура и тестирование",7,response_model и status codes,7,DELETE /tasks,practice,http_api,95,3,32
4,"Модуль 4. FastAPI, инфраструктура и тестирование",7,response_model и status codes,8,GET /tasks,practice,http_api,95,3,32
4,"Модуль 4. FastAPI, инфраструктура и тестирование",7,response_model и status codes,9,Закрепление,test,quiz_single,25,2,10
4,"Модуль 4. FastAPI, инфраструктура и тестирование",7,response_model и status codes,10,API-слой,project,ide_plugin,135,4,55
4,"Модуль 4. FastAPI, инфраструктура и тестирование",7,response_model и status codes,11,Интеграция,practice,http_api,100,4,35
4,"Модуль 4. FastAPI, инфраструктура и тестирование",7,response_model и status codes,12,Контракт,project,ide_plugin,135,4,55
4,"Модуль 4. FastAPI, инфраструктура и тестирование",7,response_model и status codes,13,Итоги,summary,,15,1,10
4,"Модуль 4. FastAPI, инфраструктура и тестирование",8,HTTPException,1,Смысл,theory,,25,2,18
4,"Модуль 4. FastAPI, инфраструктура и тестирование",8,HTTPException,2,Минимальный пример,theory,,25,2,18
4,"Модуль 4. FastAPI, инфраструктура и тестирование",8,HTTPException,3,Понимание,test,quiz_single,25,2,10
4,"Модуль 4. FastAPI, инфраструктура и тестирование",8,HTTPException,4,GET /health,practice,http_api,95,3,32
4,"Модуль 4. FastAPI, инфраструктура и тестирование",8,HTTPException,5,POST /tasks,practice,http_api,95,3,32
4,"Модуль 4. FastAPI, инфраструктура и тестирование",8,HTTPException,6,PATCH /tasks,practice,http_api,95,3,32
4,"Модуль 4. FastAPI, инфраструктура и тестирование",8,HTTPException,7,DELETE /tasks,practice,http_api,95,3,32
4,"Модуль 4. FastAPI, инфраструктура и тестирование",8,HTTPException,8,GET /tasks,practice,http_api,95,3,32
4,"Модуль 4. FastAPI, инфраструктура и тестирование",8,HTTPException,9,Закрепление,test,quiz_single,25,2,10
4,"Модуль 4. FastAPI, инфраструктура и тестирование",8,HTTPException,10,API-слой,project,ide_plugin,135,4,55
4,"Модуль 4. FastAPI, инфраструктура и тестирование",8,HTTPException,11,Интеграция,practice,http_api,100,4,35
4,"Модуль 4. FastAPI, инфраструктура и тестирование",8,HTTPException,12,Контракт,project,ide_plugin,135,4,55
4,"Модуль 4. FastAPI, инфраструктура и тестирование",8,HTTPException,13,Итоги,summary,,15,1,10
4,"Модуль 4. FastAPI, инфраструктура и тестирование",9,Routers,1,Смысл,theory,,25,2,18
4,"Модуль 4. FastAPI, инфраструктура и тестирование",9,Routers,2,Минимальный пример,theory,,25,2,18
4,"Модуль 4. FastAPI, инфраструктура и тестирование",9,Routers,3,Понимание,test,quiz_single,25,2,10
4,"Модуль 4. FastAPI, инфраструктура и тестирование",9,Routers,4,GET /health,practice,http_api,95,3,32
4,"Модуль 4. FastAPI, инфраструктура и тестирование",9,Routers,5,POST /tasks,practice,http_api,95,3,32
4,"Модуль 4. FastAPI, инфраструктура и тестирование",9,Routers,6,PATCH /tasks,practice,http_api,95,3,32
4,"Модуль 4. FastAPI, инфраструктура и тестирование",9,Routers,7,DELETE /tasks,practice,http_api,95,3,32
4,"Модуль 4. FastAPI, инфраструктура и тестирование",9,Routers,8,GET /tasks,practice,http_api,95,3,32
4,"Модуль 4. FastAPI, инфраструктура и тестирование",9,Routers,9,Закрепление,test,quiz_single,25,2,10
4,"Модуль 4. FastAPI, инфраструктура и тестирование",9,Routers,10,API-слой,project,ide_plugin,135,4,55
4,"Модуль 4. FastAPI, инфраструктура и тестирование",9,Routers,11,Интеграция,practice,http_api,100,4,35
4,"Модуль 4. FastAPI, инфраструктура и тестирование",9,Routers,12,Контракт,project,ide_plugin,135,4,55
4,"Модуль 4. FastAPI, инфраструктура и тестирование",9,Routers,13,Итоги,summary,,15,1,10
4,"Модуль 4. FastAPI, инфраструктура и тестирование",10,Depends и settings,1,Смысл,theory,,25,2,18
4,"Модуль 4. FastAPI, инфраструктура и тестирование",10,Depends и settings,2,Минимальный пример,theory,,25,2,18
4,"Модуль 4. FastAPI, инфраструктура и тестирование",10,Depends и settings,3,Понимание,test,quiz_single,25,2,10
4,"Модуль 4. FastAPI, инфраструктура и тестирование",10,Depends и settings,4,GET /health,practice,http_api,95,3,32
4,"Модуль 4. FastAPI, инфраструктура и тестирование",10,Depends и settings,5,POST /tasks,practice,http_api,95,3,32
4,"Модуль 4. FastAPI, инфраструктура и тестирование",10,Depends и settings,6,PATCH /tasks,practice,http_api,95,3,32
4,"Модуль 4. FastAPI, инфраструктура и тестирование",10,Depends и settings,7,DELETE /tasks,practice,http_api,95,3,32
4,"Модуль 4. FastAPI, инфраструктура и тестирование",10,Depends и settings,8,GET /tasks,practice,http_api,95,3,32
4,"Модуль 4. FastAPI, инфраструктура и тестирование",10,Depends и settings,9,Закрепление,test,quiz_single,25,2,10
4,"Модуль 4. FastAPI, инфраструктура и тестирование",10,Depends и settings,10,API-слой,project,ide_plugin,135,4,55
4,"Модуль 4. FastAPI, инфраструктура и тестирование",10,Depends и settings,11,Интеграция,practice,http_api,100,4,35
4,"Модуль 4. FastAPI, инфраструктура и тестирование",10,Depends и settings,12,Контракт,project,ide_plugin,135,4,55
4,"Модуль 4. FastAPI, инфраструктура и тестирование",10,Depends и settings,13,Итоги,summary,,15,1,10
4,"Модуль 4. FastAPI, инфраструктура и тестирование",11,Middleware и logging,1,Смысл,theory,,25,2,18
4,"Модуль 4. FastAPI, инфраструктура и тестирование",11,Middleware и logging,2,Минимальный пример,theory,,25,2,18
4,"Модуль 4. FastAPI, инфраструктура и тестирование",11,Middleware и logging,3,Понимание,test,quiz_single,25,2,10
4,"Модуль 4. FastAPI, инфраструктура и тестирование",11,Middleware и logging,4,GET /health,practice,http_api,95,3,32
4,"Модуль 4. FastAPI, инфраструктура и тестирование",11,Middleware и logging,5,POST /tasks,practice,http_api,95,3,32
4,"Модуль 4. FastAPI, инфраструктура и тестирование",11,Middleware и logging,6,PATCH /tasks,practice,http_api,95,3,32
4,"Модуль 4. FastAPI, инфраструктура и тестирование",11,Middleware и logging,7,DELETE /tasks,practice,http_api,95,3,32
4,"Модуль 4. FastAPI, инфраструктура и тестирование",11,Middleware и logging,8,GET /tasks,practice,http_api,95,3,32
4,"Модуль 4. FastAPI, инфраструктура и тестирование",11,Middleware и logging,9,Закрепление,test,quiz_single,25,2,10
4,"Модуль 4. FastAPI, инфраструктура и тестирование",11,Middleware и logging,10,API-слой,project,ide_plugin,135,4,55
4,"Модуль 4. FastAPI, инфраструктура и тестирование",11,Middleware и logging,11,Интеграция,practice,http_api,100,4,35
4,"Модуль 4. FastAPI, инфраструктура и тестирование",11,Middleware и logging,12,Контракт,project,ide_plugin,135,4,55
4,"Модуль 4. FastAPI, инфраструктура и тестирование",11,Middleware и logging,13,Итоги,summary,,15,1,10
4,"Модуль 4. FastAPI, инфраструктура и тестирование",12,Healthcheck,1,Смысл,theory,,25,2,18
4,"Модуль 4. FastAPI, инфраструктура и тестирование",12,Healthcheck,2,Минимальный пример,theory,,25,2,18
4,"Модуль 4. FastAPI, инфраструктура и тестирование",12,Healthcheck,3,Понимание,test,quiz_single,25,2,10
4,"Модуль 4. FastAPI, инфраструктура и тестирование",12,Healthcheck,4,GET /health,practice,http_api,95,3,32
4,"Модуль 4. FastAPI, инфраструктура и тестирование",12,Healthcheck,5,POST /tasks,practice,http_api,95,3,32
4,"Модуль 4. FastAPI, инфраструктура и тестирование",12,Healthcheck,6,PATCH /tasks,practice,http_api,95,3,32
4,"Модуль 4. FastAPI, инфраструктура и тестирование",12,Healthcheck,7,DELETE /tasks,practice,http_api,95,3,32
4,"Модуль 4. FastAPI, инфраструктура и тестирование",12,Healthcheck,8,GET /tasks,practice,http_api,95,3,32
4,"Модуль 4. FastAPI, инфраструктура и тестирование",12,Healthcheck,9,Закрепление,test,quiz_single,25,2,10
4,"Модуль 4. FastAPI, инфраструктура и тестирование",12,Healthcheck,10,API-слой,project,ide_plugin,135,4,55
4,"Модуль 4. FastAPI, инфраструктура и тестирование",12,Healthcheck,11,Интеграция,practice,http_api,100,4,35
4,"Модуль 4. FastAPI, инфраструктура и тестирование",12,Healthcheck,12,Контракт,project,ide_plugin,135,4,55
4,"Модуль 4. FastAPI, инфраструктура и тестирование",12,Healthcheck,13,Итоги,summary,,15,1,10
4,"Модуль 4. FastAPI, инфраструктура и тестирование",13,Auth JWT,1,Смысл,theory,,25,2,18
4,"Модуль 4. FastAPI, инфраструктура и тестирование",13,Auth JWT,2,Минимальный пример,theory,,25,2,18
4,"Модуль 4. FastAPI, инфраструктура и тестирование",13,Auth JWT,3,Понимание,test,quiz_single,25,2,10
4,"Модуль 4. FastAPI, инфраструктура и тестирование",13,Auth JWT,4,GET /health,practice,http_api,95,3,32
4,"Модуль 4. FastAPI, инфраструктура и тестирование",13,Auth JWT,5,POST /tasks,practice,http_api,95,3,32
4,"Модуль 4. FastAPI, инфраструктура и тестирование",13,Auth JWT,6,PATCH /tasks,practice,http_api,95,3,32
4,"Модуль 4. FastAPI, инфраструктура и тестирование",13,Auth JWT,7,DELETE /tasks,practice,http_api,95,3,32
4,"Модуль 4. FastAPI, инфраструктура и тестирование",13,Auth JWT,8,GET /tasks,practice,http_api,95,3,32
4,"Модуль 4. FastAPI, инфраструктура и тестирование",13,Auth JWT,9,Закрепление,test,quiz_single,25,2,10
4,"Модуль 4. FastAPI, инфраструктура и тестирование",13,Auth JWT,10,API-слой,project,ide_plugin,135,4,55
4,"Модуль 4. FastAPI, инфраструктура и тестирование",13,Auth JWT,11,Интеграция,practice,http_api,100,4,35
4,"Модуль 4. FastAPI, инфраструктура и тестирование",13,Auth JWT,12,Контракт,project,ide_plugin,135,4,55
4,"Модуль 4. FastAPI, инфраструктура и тестирование",13,Auth JWT,13,Итоги,summary,,15,1,10
4,"Модуль 4. FastAPI, инфраструктура и тестирование",14,Refresh tokens,1,Смысл,theory,,25,2,18
4,"Модуль 4. FastAPI, инфраструктура и тестирование",14,Refresh tokens,2,Минимальный пример,theory,,25,2,18
4,"Модуль 4. FastAPI, инфраструктура и тестирование",14,Refresh tokens,3,Понимание,test,quiz_single,25,2,10
4,"Модуль 4. FastAPI, инфраструктура и тестирование",14,Refresh tokens,4,GET /health,practice,http_api,95,3,32
4,"Модуль 4. FastAPI, инфраструктура и тестирование",14,Refresh tokens,5,POST /tasks,practice,http_api,95,3,32
4,"Модуль 4. FastAPI, инфраструктура и тестирование",14,Refresh tokens,6,PATCH /tasks,practice,http_api,95,3,32
4,"Модуль 4. FastAPI, инфраструктура и тестирование",14,Refresh tokens,7,DELETE /tasks,practice,http_api,95,3,32
4,"Модуль 4. FastAPI, инфраструктура и тестирование",14,Refresh tokens,8,GET /tasks,practice,http_api,95,3,32
4,"Модуль 4. FastAPI, инфраструктура и тестирование",14,Refresh tokens,9,Закрепление,test,quiz_single,25,2,10
4,"Модуль 4. FastAPI, инфраструктура и тестирование",14,Refresh tokens,10,API-слой,project,ide_plugin,135,4,55
4,"Модуль 4. FastAPI, инфраструктура и тестирование",14,Refresh tokens,11,Интеграция,practice,http_api,100,4,35
4,"Модуль 4. FastAPI, инфраструктура и тестирование",14,Refresh tokens,12,Контракт,project,ide_plugin,135,4,55
4,"Модуль 4. FastAPI, инфраструктура и тестирование",14,Refresh tokens,13,Итоги,summary,,15,1,10
4,"Модуль 4. FastAPI, инфраструктура и тестирование",15,Database session,1,Смысл,theory,,25,2,18
4,"Модуль 4. FastAPI, инфраструктура и тестирование",15,Database session,2,Минимальный пример,theory,,25,2,18
4,"Модуль 4. FastAPI, инфраструктура и тестирование",15,Database session,3,Понимание,test,quiz_single,25,2,10
4,"Модуль 4. FastAPI, инфраструктура и тестирование",15,Database session,4,GET /health,practice,http_api,95,3,32
4,"Модуль 4. FastAPI, инфраструктура и тестирование",15,Database session,5,POST /tasks,practice,http_api,95,3,32
4,"Модуль 4. FastAPI, инфраструктура и тестирование",15,Database session,6,PATCH /tasks,practice,http_api,95,3,32
4,"Модуль 4. FastAPI, инфраструктура и тестирование",15,Database session,7,DELETE /tasks,practice,http_api,95,3,32
4,"Модуль 4. FastAPI, инфраструктура и тестирование",15,Database session,8,GET /tasks,practice,http_api,95,3,32
4,"Модуль 4. FastAPI, инфраструктура и тестирование",15,Database session,9,Закрепление,test,quiz_single,25,2,10
4,"Модуль 4. FastAPI, инфраструктура и тестирование",15,Database session,10,API-слой,project,ide_plugin,135,4,55
4,"Модуль 4. FastAPI, инфраструктура и тестирование",15,Database session,11,Интеграция,practice,http_api,100,4,35
4,"Модуль 4. FastAPI, инфраструктура и тестирование",15,Database session,12,Контракт,project,ide_plugin,135,4,55
4,"Модуль 4. FastAPI, инфраструктура и тестирование",15,Database session,13,Итоги,summary,,15,1,10
4,"Модуль 4. FastAPI, инфраструктура и тестирование",16,SQLAlchemy engine/session,1,Смысл,theory,,25,2,18
4,"Модуль 4. FastAPI, инфраструктура и тестирование",16,SQLAlchemy engine/session,2,Минимальный пример,theory,,25,2,18
4,"Модуль 4. FastAPI, инфраструктура и тестирование",16,SQLAlchemy engine/session,3,Понимание,test,quiz_single,25,2,10
4,"Модуль 4. FastAPI, инфраструктура и тестирование",16,SQLAlchemy engine/session,4,GET /health,practice,http_api,95,3,32
4,"Модуль 4. FastAPI, инфраструктура и тестирование",16,SQLAlchemy engine/session,5,POST /tasks,practice,http_api,95,3,32
4,"Модуль 4. FastAPI, инфраструктура и тестирование",16,SQLAlchemy engine/session,6,PATCH /tasks,practice,http_api,95,3,32
4,"Модуль 4. FastAPI, инфраструктура и тестирование",16,SQLAlchemy engine/session,7,DELETE /tasks,practice,http_api,95,3,32
4,"Модуль 4. FastAPI, инфраструктура и тестирование",16,SQLAlchemy engine/session,8,GET /tasks,practice,http_api,95,3,32
4,"Модуль 4. FastAPI, инфраструктура и тестирование",16,SQLAlchemy engine/session,9,Закрепление,test,quiz_single,25,2,10
4,"Модуль 4. FastAPI, инфраструктура и тестирование",16,SQLAlchemy engine/session,10,API-слой,project,ide_plugin,135,4,55
4,"Модуль 4. FastAPI, инфраструктура и тестирование",16,SQLAlchemy engine/session,11,Интеграция,practice,http_api,100,4,35
4,"Модуль 4. FastAPI, инфраструктура и тестирование",16,SQLAlchemy engine/session,12,Контракт,project,ide_plugin,135,4,55
4,"Модуль 4. FastAPI, инфраструктура и тестирование",16,SQLAlchemy engine/session,13,Итоги,summary,,15,1,10
4,"Модуль 4. FastAPI, инфраструктура и тестирование",17,SQLAlchemy models,1,Смысл,theory,,25,2,18
4,"Модуль 4. FastAPI, инфраструктура и тестирование",17,SQLAlchemy models,2,Минимальный пример,theory,,25,2,18
4,"Модуль 4. FastAPI, инфраструктура и тестирование",17,SQLAlchemy models,3,Понимание,test,quiz_single,25,2,10
4,"Модуль 4. FastAPI, инфраструктура и тестирование",17,SQLAlchemy models,4,GET /health,practice,http_api,95,3,32
4,"Модуль 4. FastAPI, инфраструктура и тестирование",17,SQLAlchemy models,5,POST /tasks,practice,http_api,95,3,32
4,"Модуль 4. FastAPI, инфраструктура и тестирование",17,SQLAlchemy models,6,PATCH /tasks,practice,http_api,95,3,32
4,"Модуль 4. FastAPI, инфраструктура и тестирование",17,SQLAlchemy models,7,DELETE /tasks,practice,http_api,95,3,32
4,"Модуль 4. FastAPI, инфраструктура и тестирование",17,SQLAlchemy models,8,GET /tasks,practice,http_api,95,3,32
4,"Модуль 4. FastAPI, инфраструктура и тестирование",17,SQLAlchemy models,9,Закрепление,test,quiz_single,25,2,10
4,"Модуль 4. FastAPI, инфраструктура и тестирование",17,SQLAlchemy models,10,API-слой,project,ide_plugin,135,4,55
4,"Модуль 4. FastAPI, инфраструктура и тестирование",17,SQLAlchemy models,11,Интеграция,practice,http_api,100,4,35
4,"Модуль 4. FastAPI, инфраструктура и тестирование",17,SQLAlchemy models,12,Контракт,project,ide_plugin,135,4,55
4,"Модуль 4. FastAPI, инфраструктура и тестирование",17,SQLAlchemy models,13,Итоги,summary,,15,1,10
4,"Модуль 4. FastAPI, инфраструктура и тестирование",18,SQLAlchemy relationships,1,Смысл,theory,,25,2,18
4,"Модуль 4. FastAPI, инфраструктура и тестирование",18,SQLAlchemy relationships,2,Минимальный пример,theory,,25,2,18
4,"Модуль 4. FastAPI, инфраструктура и тестирование",18,SQLAlchemy relationships,3,Понимание,test,quiz_single,25,2,10
4,"Модуль 4. FastAPI, инфраструктура и тестирование",18,SQLAlchemy relationships,4,GET /health,practice,http_api,95,3,32
4,"Модуль 4. FastAPI, инфраструктура и тестирование",18,SQLAlchemy relationships,5,POST /tasks,practice,http_api,95,3,32
4,"Модуль 4. FastAPI, инфраструктура и тестирование",18,SQLAlchemy relationships,6,PATCH /tasks,practice,http_api,95,3,32
4,"Модуль 4. FastAPI, инфраструктура и тестирование",18,SQLAlchemy relationships,7,DELETE /tasks,practice,http_api,95,3,32
4,"Модуль 4. FastAPI, инфраструктура и тестирование",18,SQLAlchemy relationships,8,GET /tasks,practice,http_api,95,3,32
4,"Модуль 4. FastAPI, инфраструктура и тестирование",18,SQLAlchemy relationships,9,Закрепление,test,quiz_single,25,2,10
4,"Модуль 4. FastAPI, инфраструктура и тестирование",18,SQLAlchemy relationships,10,API-слой,project,ide_plugin,135,4,55
4,"Модуль 4. FastAPI, инфраструктура и тестирование",18,SQLAlchemy relationships,11,Интеграция,practice,http_api,100,4,35
4,"Модуль 4. FastAPI, инфраструктура и тестирование",18,SQLAlchemy relationships,12,Контракт,project,ide_plugin,135,4,55
4,"Модуль 4. FastAPI, инфраструктура и тестирование",18,SQLAlchemy relationships,13,Итоги,summary,,15,1,10
4,"Модуль 4. FastAPI, инфраструктура и тестирование",19,SQLAlchemy transactions,1,Смысл,theory,,25,2,18
4,"Модуль 4. FastAPI, инфраструктура и тестирование",19,SQLAlchemy transactions,2,Минимальный пример,theory,,25,2,18
4,"Модуль 4. FastAPI, инфраструктура и тестирование",19,SQLAlchemy transactions,3,Понимание,test,quiz_single,25,2,10
4,"Модуль 4. FastAPI, инфраструктура и тестирование",19,SQLAlchemy transactions,4,GET /health,practice,http_api,95,3,32
4,"Модуль 4. FastAPI, инфраструктура и тестирование",19,SQLAlchemy transactions,5,POST /tasks,practice,http_api,95,3,32
4,"Модуль 4. FastAPI, инфраструктура и тестирование",19,SQLAlchemy transactions,6,PATCH /tasks,practice,http_api,95,3,32
4,"Модуль 4. FastAPI, инфраструктура и тестирование",19,SQLAlchemy transactions,7,DELETE /tasks,practice,http_api,95,3,32
4,"Модуль 4. FastAPI, инфраструктура и тестирование",19,SQLAlchemy transactions,8,GET /tasks,practice,http_api,95,3,32
4,"Модуль 4. FastAPI, инфраструктура и тестирование",19,SQLAlchemy transactions,9,Закрепление,test,quiz_single,25,2,10
4,"Модуль 4. FastAPI, инфраструктура и тестирование",19,SQLAlchemy transactions,10,API-слой,project,ide_plugin,135,4,55
4,"Модуль 4. FastAPI, инфраструктура и тестирование",19,SQLAlchemy transactions,11,Интеграция,practice,http_api,100,4,35
4,"Модуль 4. FastAPI, инфраструктура и тестирование",19,SQLAlchemy transactions,12,Контракт,project,ide_plugin,135,4,55
4,"Модуль 4. FastAPI, инфраструктура и тестирование",19,SQLAlchemy transactions,13,Итоги,summary,,15,1,10
4,"Модуль 4. FastAPI, инфраструктура и тестирование",20,Repository и unit of work,1,Смысл,theory,,25,2,18
4,"Модуль 4. FastAPI, инфраструктура и тестирование",20,Repository и unit of work,2,Минимальный пример,theory,,25,2,18
4,"Модуль 4. FastAPI, инфраструктура и тестирование",20,Repository и unit of work,3,Понимание,test,quiz_single,25,2,10
4,"Модуль 4. FastAPI, инфраструктура и тестирование",20,Repository и unit of work,4,GET /health,practice,http_api,95,3,32
4,"Модуль 4. FastAPI, инфраструктура и тестирование",20,Repository и unit of work,5,POST /tasks,practice,http_api,95,3,32
4,"Модуль 4. FastAPI, инфраструктура и тестирование",20,Repository и unit of work,6,PATCH /tasks,practice,http_api,95,3,32
4,"Модуль 4. FastAPI, инфраструктура и тестирование",20,Repository и unit of work,7,DELETE /tasks,practice,http_api,95,3,32
4,"Модуль 4. FastAPI, инфраструктура и тестирование",20,Repository и unit of work,8,GET /tasks,practice,http_api,95,3,32
4,"Модуль 4. FastAPI, инфраструктура и тестирование",20,Repository и unit of work,9,Закрепление,test,quiz_single,25,2,10
4,"Модуль 4. FastAPI, инфраструктура и тестирование",20,Repository и unit of work,10,API-слой,project,ide_plugin,135,4,55
4,"Модуль 4. FastAPI, инфраструктура и тестирование",20,Repository и unit of work,11,Интеграция,practice,http_api,100,4,35
4,"Модуль 4. FastAPI, инфраструктура и тестирование",20,Repository и unit of work,12,Контракт,project,ide_plugin,135,4,55
4,"Модуль 4. FastAPI, инфраструктура и тестирование",20,Repository и unit of work,13,Итоги,summary,,15,1,10
4,"Модуль 4. FastAPI, инфраструктура и тестирование",21,Alembic migrations,1,Смысл,theory,,25,2,18
4,"Модуль 4. FastAPI, инфраструктура и тестирование",21,Alembic migrations,2,Минимальный пример,theory,,25,2,18
4,"Модуль 4. FastAPI, инфраструктура и тестирование",21,Alembic migrations,3,Понимание,test,quiz_single,25,2,10
4,"Модуль 4. FastAPI, инфраструктура и тестирование",21,Alembic migrations,4,GET /health,practice,http_api,95,3,32
4,"Модуль 4. FastAPI, инфраструктура и тестирование",21,Alembic migrations,5,POST /tasks,practice,http_api,95,3,32
4,"Модуль 4. FastAPI, инфраструктура и тестирование",21,Alembic migrations,6,PATCH /tasks,practice,http_api,95,3,32
4,"Модуль 4. FastAPI, инфраструктура и тестирование",21,Alembic migrations,7,DELETE /tasks,practice,http_api,95,3,32
4,"Модуль 4. FastAPI, инфраструктура и тестирование",21,Alembic migrations,8,GET /tasks,practice,http_api,95,3,32
4,"Модуль 4. FastAPI, инфраструктура и тестирование",21,Alembic migrations,9,Закрепление,test,quiz_single,25,2,10
4,"Модуль 4. FastAPI, инфраструктура и тестирование",21,Alembic migrations,10,API-слой,project,ide_plugin,135,4,55
4,"Модуль 4. FastAPI, инфраструктура и тестирование",21,Alembic migrations,11,Интеграция,practice,http_api,100,4,35
4,"Модуль 4. FastAPI, инфраструктура и тестирование",21,Alembic migrations,12,Контракт,project,ide_plugin,135,4,55
4,"Модуль 4. FastAPI, инфраструктура и тестирование",21,Alembic migrations,13,Итоги,summary,,15,1,10
4,"Модуль 4. FastAPI, инфраструктура и тестирование",22,"Pagination, filtering, sorting",1,Смысл,theory,,25,2,18
4,"Модуль 4. FastAPI, инфраструктура и тестирование",22,"Pagination, filtering, sorting",2,Минимальный пример,theory,,25,2,18
4,"Модуль 4. FastAPI, инфраструктура и тестирование",22,"Pagination, filtering, sorting",3,Понимание,test,quiz_single,25,2,10
4,"Модуль 4. FastAPI, инфраструктура и тестирование",22,"Pagination, filtering, sorting",4,GET /health,practice,http_api,95,3,32
4,"Модуль 4. FastAPI, инфраструктура и тестирование",22,"Pagination, filtering, sorting",5,POST /tasks,practice,http_api,95,3,32
4,"Модуль 4. FastAPI, инфраструктура и тестирование",22,"Pagination, filtering, sorting",6,PATCH /tasks,practice,http_api,95,3,32
4,"Модуль 4. FastAPI, инфраструктура и тестирование",22,"Pagination, filtering, sorting",7,DELETE /tasks,practice,http_api,95,3,32
4,"Модуль 4. FastAPI, инфраструктура и тестирование",22,"Pagination, filtering, sorting",8,GET /tasks,practice,http_api,95,3,32
4,"Модуль 4. FastAPI, инфраструктура и тестирование",22,"Pagination, filtering, sorting",9,Закрепление,test,quiz_single,25,2,10
4,"Модуль 4. FastAPI, инфраструктура и тестирование",22,"Pagination, filtering, sorting",10,API-слой,project,ide_plugin,135,4,55
4,"Модуль 4. FastAPI, инфраструктура и тестирование",22,"Pagination, filtering, sorting",11,Интеграция,practice,http_api,100,4,35
4,"Модуль 4. FastAPI, инфраструктура и тестирование",22,"Pagination, filtering, sorting",12,Контракт,project,ide_plugin,135,4,55
4,"Модуль 4. FastAPI, инфраструктура и тестирование",22,"Pagination, filtering, sorting",13,Итоги,summary,,15,1,10
4,"Модуль 4. FastAPI, инфраструктура и тестирование",23,TestClient,1,Смысл,theory,,25,2,18
4,"Модуль 4. FastAPI, инфраструктура и тестирование",23,TestClient,2,Минимальный пример,theory,,25,2,18
4,"Модуль 4. FastAPI, инфраструктура и тестирование",23,TestClient,3,Понимание,test,quiz_single,25,2,10
4,"Модуль 4. FastAPI, инфраструктура и тестирование",23,TestClient,4,GET /health,practice,http_api,95,3,32
4,"Модуль 4. FastAPI, инфраструктура и тестирование",23,TestClient,5,POST /tasks,practice,http_api,95,3,32
4,"Модуль 4. FastAPI, инфраструктура и тестирование",23,TestClient,6,PATCH /tasks,practice,http_api,95,3,32
4,"Модуль 4. FastAPI, инфраструктура и тестирование",23,TestClient,7,DELETE /tasks,practice,http_api,95,3,32
4,"Модуль 4. FastAPI, инфраструктура и тестирование",23,TestClient,8,GET /tasks,practice,http_api,95,3,32
4,"Модуль 4. FastAPI, инфраструктура и тестирование",23,TestClient,9,Закрепление,test,quiz_single,25,2,10
4,"Модуль 4. FastAPI, инфраструктура и тестирование",23,TestClient,10,API-слой,project,ide_plugin,135,4,55
4,"Модуль 4. FastAPI, инфраструктура и тестирование",23,TestClient,11,Интеграция,practice,http_api,100,4,35
4,"Модуль 4. FastAPI, инфраструктура и тестирование",23,TestClient,12,Контракт,project,ide_plugin,135,4,55
4,"Модуль 4. FastAPI, инфраструктура и тестирование",23,TestClient,13,Итоги,summary,,15,1,10
4,"Модуль 4. FastAPI, инфраструктура и тестирование",24,Integration tests,1,Смысл,theory,,25,2,18
4,"Модуль 4. FastAPI, инфраструктура и тестирование",24,Integration tests,2,Минимальный пример,theory,,25,2,18
4,"Модуль 4. FastAPI, инфраструктура и тестирование",24,Integration tests,3,Понимание,test,quiz_single,25,2,10
4,"Модуль 4. FastAPI, инфраструктура и тестирование",24,Integration tests,4,GET /health,practice,http_api,95,3,32
4,"Модуль 4. FastAPI, инфраструктура и тестирование",24,Integration tests,5,POST /tasks,practice,http_api,95,3,32
4,"Модуль 4. FastAPI, инфраструктура и тестирование",24,Integration tests,6,PATCH /tasks,practice,http_api,95,3,32
4,"Модуль 4. FastAPI, инфраструктура и тестирование",24,Integration tests,7,DELETE /tasks,practice,http_api,95,3,32
4,"Модуль 4. FastAPI, инфраструктура и тестирование",24,Integration tests,8,GET /tasks,practice,http_api,95,3,32
4,"Модуль 4. FastAPI, инфраструктура и тестирование",24,Integration tests,9,Закрепление,test,quiz_single,25,2,10
4,"Модуль 4. FastAPI, инфраструктура и тестирование",24,Integration tests,10,API-слой,project,ide_plugin,135,4,55
4,"Модуль 4. FastAPI, инфраструктура и тестирование",24,Integration tests,11,Интеграция,practice,http_api,100,4,35
4,"Модуль 4. FastAPI, инфраструктура и тестирование",24,Integration tests,12,Контракт,project,ide_plugin,135,4,55
4,"Модуль 4. FastAPI, инфраструктура и тестирование",24,Integration tests,13,Итоги,summary,,15,1,10
4,"Модуль 4. FastAPI, инфраструктура и тестирование",25,OpenAPI docs,1,Смысл,theory,,25,2,18
4,"Модуль 4. FastAPI, инфраструктура и тестирование",25,OpenAPI docs,2,Минимальный пример,theory,,25,2,18
4,"Модуль 4. FastAPI, инфраструктура и тестирование",25,OpenAPI docs,3,Понимание,test,quiz_single,25,2,10
4,"Модуль 4. FastAPI, инфраструктура и тестирование",25,OpenAPI docs,4,GET /health,practice,http_api,95,3,32
4,"Модуль 4. FastAPI, инфраструктура и тестирование",25,OpenAPI docs,5,POST /tasks,practice,http_api,95,3,32
4,"Модуль 4. FastAPI, инфраструктура и тестирование",25,OpenAPI docs,6,PATCH /tasks,practice,http_api,95,3,32
4,"Модуль 4. FastAPI, инфраструктура и тестирование",25,OpenAPI docs,7,DELETE /tasks,practice,http_api,95,3,32
4,"Модуль 4. FastAPI, инфраструктура и тестирование",25,OpenAPI docs,8,GET /tasks,practice,http_api,95,3,32
4,"Модуль 4. FastAPI, инфраструктура и тестирование",25,OpenAPI docs,9,Закрепление,test,quiz_single,25,2,10
4,"Модуль 4. FastAPI, инфраструктура и тестирование",25,OpenAPI docs,10,API-слой,project,ide_plugin,135,4,55
4,"Модуль 4. FastAPI, инфраструктура и тестирование",25,OpenAPI docs,11,Интеграция,practice,http_api,100,4,35
4,"Модуль 4. FastAPI, инфраструктура и тестирование",25,OpenAPI docs,12,Контракт,project,ide_plugin,135,4,55
4,"Модуль 4. FastAPI, инфраструктура и тестирование",25,OpenAPI docs,13,Итоги,summary,,15,1,10
4,"Модуль 4. FastAPI, инфраструктура и тестирование",26,Postman collections,1,Смысл,theory,,25,2,18
4,"Модуль 4. FastAPI, инфраструктура и тестирование",26,Postman collections,2,Минимальный пример,theory,,25,2,18
4,"Модуль 4. FastAPI, инфраструктура и тестирование",26,Postman collections,3,Понимание,test,quiz_single,25,2,10
4,"Модуль 4. FastAPI, инфраструктура и тестирование",26,Postman collections,4,GET /health,practice,http_api,95,3,32
4,"Модуль 4. FastAPI, инфраструктура и тестирование",26,Postman collections,5,POST /tasks,practice,http_api,95,3,32
4,"Модуль 4. FastAPI, инфраструктура и тестирование",26,Postman collections,6,PATCH /tasks,practice,http_api,95,3,32
4,"Модуль 4. FastAPI, инфраструктура и тестирование",26,Postman collections,7,DELETE /tasks,practice,http_api,95,3,32
4,"Модуль 4. FastAPI, инфраструктура и тестирование",26,Postman collections,8,GET /tasks,practice,http_api,95,3,32
4,"Модуль 4. FastAPI, инфраструктура и тестирование",26,Postman collections,9,Закрепление,test,quiz_single,25,2,10
4,"Модуль 4. FastAPI, инфраструктура и тестирование",26,Postman collections,10,API-слой,project,ide_plugin,135,4,55
4,"Модуль 4. FastAPI, инфраструктура и тестирование",26,Postman collections,11,Интеграция,practice,http_api,100,4,35
4,"Модуль 4. FastAPI, инфраструктура и тестирование",26,Postman collections,12,Контракт,project,ide_plugin,135,4,55
4,"Модуль 4. FastAPI, инфраструктура и тестирование",26,Postman collections,13,Итоги,summary,,15,1,10
4,"Модуль 4. FastAPI, инфраструктура и тестирование",27,CRUD-проект,1,Смысл,theory,,25,2,18
4,"Модуль 4. FastAPI, инфраструктура и тестирование",27,CRUD-проект,2,Минимальный пример,theory,,25,2,18
4,"Модуль 4. FastAPI, инфраструктура и тестирование",27,CRUD-проект,3,Понимание,test,quiz_single,25,2,10
4,"Модуль 4. FastAPI, инфраструктура и тестирование",27,CRUD-проект,4,GET /health,practice,http_api,95,3,32
4,"Модуль 4. FastAPI, инфраструктура и тестирование",27,CRUD-проект,5,POST /tasks,practice,http_api,95,3,32
4,"Модуль 4. FastAPI, инфраструктура и тестирование",27,CRUD-проект,6,PATCH /tasks,practice,http_api,95,3,32
4,"Модуль 4. FastAPI, инфраструктура и тестирование",27,CRUD-проект,7,DELETE /tasks,practice,http_api,95,3,32
4,"Модуль 4. FastAPI, инфраструктура и тестирование",27,CRUD-проект,8,GET /tasks,practice,http_api,95,3,32
4,"Модуль 4. FastAPI, инфраструктура и тестирование",27,CRUD-проект,9,Закрепление,test,quiz_single,25,2,10
4,"Модуль 4. FastAPI, инфраструктура и тестирование",27,CRUD-проект,10,API-слой,project,ide_plugin,135,4,55
4,"Модуль 4. FastAPI, инфраструктура и тестирование",27,CRUD-проект,11,Интеграция,practice,http_api,100,4,35
4,"Модуль 4. FastAPI, инфраструктура и тестирование",27,CRUD-проект,12,Контракт,project,ide_plugin,135,4,55
4,"Модуль 4. FastAPI, инфраструктура и тестирование",27,CRUD-проект,13,Итоги,summary,,15,1,10
4,"Модуль 4. FastAPI, инфраструктура и тестирование",28,Dockerfile и image,1,Смысл,theory,,25,2,18
4,"Модуль 4. FastAPI, инфраструктура и тестирование",28,Dockerfile и image,2,Минимальный пример,theory,,25,2,18
4,"Модуль 4. FastAPI, инфраструктура и тестирование",28,Dockerfile и image,3,Понимание,test,quiz_single,25,2,10
4,"Модуль 4. FastAPI, инфраструктура и тестирование",28,Dockerfile и image,4,Команда,practice,ide_plugin,90,3,32
4,"Модуль 4. FastAPI, инфраструктура и тестирование",28,Dockerfile и image,5,IDE-задача,project,ide_plugin,120,3,50
4,"Модуль 4. FastAPI, инфраструктура и тестирование",28,Dockerfile и image,6,Команда,practice,ide_plugin,90,3,32
4,"Модуль 4. FastAPI, инфраструктура и тестирование",28,Dockerfile и image,7,IDE-задача,project,ide_plugin,120,3,50
4,"Модуль 4. FastAPI, инфраструктура и тестирование",28,Dockerfile и image,8,Команда,practice,ide_plugin,90,3,32
4,"Модуль 4. FastAPI, инфраструктура и тестирование",28,Dockerfile и image,9,IDE-задача,project,ide_plugin,120,3,50
4,"Модуль 4. FastAPI, инфраструктура и тестирование",28,Dockerfile и image,10,Команда,practice,ide_plugin,90,3,32
4,"Модуль 4. FastAPI, инфраструктура и тестирование",28,Dockerfile и image,11,IDE-задача,project,ide_plugin,120,3,50
4,"Модуль 4. FastAPI, инфраструктура и тестирование",28,Dockerfile и image,12,IDE-задача,project,ide_plugin,120,3,50
4,"Модуль 4. FastAPI, инфраструктура и тестирование",28,Dockerfile и image,13,Закрепление,test,quiz_single,25,2,10
4,"Модуль 4. FastAPI, инфраструктура и тестирование",28,Dockerfile и image,14,Итоги,summary,,15,1,10
4,"Модуль 4. FastAPI, инфраструктура и тестирование",29,"Container, ports, env",1,Смысл,theory,,25,2,18
4,"Модуль 4. FastAPI, инфраструктура и тестирование",29,"Container, ports, env",2,Минимальный пример,theory,,25,2,18
4,"Модуль 4. FastAPI, инфраструктура и тестирование",29,"Container, ports, env",3,Понимание,test,quiz_single,25,2,10
4,"Модуль 4. FastAPI, инфраструктура и тестирование",29,"Container, ports, env",4,Команда,practice,ide_plugin,90,3,32
4,"Модуль 4. FastAPI, инфраструктура и тестирование",29,"Container, ports, env",5,IDE-задача,project,ide_plugin,120,3,50
4,"Модуль 4. FastAPI, инфраструктура и тестирование",29,"Container, ports, env",6,Команда,practice,ide_plugin,90,3,32
4,"Модуль 4. FastAPI, инфраструктура и тестирование",29,"Container, ports, env",7,IDE-задача,project,ide_plugin,120,3,50
4,"Модуль 4. FastAPI, инфраструктура и тестирование",29,"Container, ports, env",8,Команда,practice,ide_plugin,90,3,32
4,"Модуль 4. FastAPI, инфраструктура и тестирование",29,"Container, ports, env",9,IDE-задача,project,ide_plugin,120,3,50
4,"Модуль 4. FastAPI, инфраструктура и тестирование",29,"Container, ports, env",10,Команда,practice,ide_plugin,90,3,32
4,"Модуль 4. FastAPI, инфраструктура и тестирование",29,"Container, ports, env",11,IDE-задача,project,ide_plugin,120,3,50
4,"Модуль 4. FastAPI, инфраструктура и тестирование",29,"Container, ports, env",12,IDE-задача,project,ide_plugin,120,3,50
4,"Модуль 4. FastAPI, инфраструктура и тестирование",29,"Container, ports, env",13,Закрепление,test,quiz_single,25,2,10
4,"Модуль 4. FastAPI, инфраструктура и тестирование",29,"Container, ports, env",14,Итоги,summary,,15,1,10
4,"Модуль 4. FastAPI, инфраструктура и тестирование",30,Volumes и .dockerignore,1,Смысл,theory,,25,2,18
4,"Модуль 4. FastAPI, инфраструктура и тестирование",30,Volumes и .dockerignore,2,Минимальный пример,theory,,25,2,18
4,"Модуль 4. FastAPI, инфраструктура и тестирование",30,Volumes и .dockerignore,3,Понимание,test,quiz_single,25,2,10
4,"Модуль 4. FastAPI, инфраструктура и тестирование",30,Volumes и .dockerignore,4,Команда,practice,ide_plugin,90,3,32
4,"Модуль 4. FastAPI, инфраструктура и тестирование",30,Volumes и .dockerignore,5,IDE-задача,project,ide_plugin,120,3,50
4,"Модуль 4. FastAPI, инфраструктура и тестирование",30,Volumes и .dockerignore,6,Команда,practice,ide_plugin,90,3,32
4,"Модуль 4. FastAPI, инфраструктура и тестирование",30,Volumes и .dockerignore,7,IDE-задача,project,ide_plugin,120,3,50
4,"Модуль 4. FastAPI, инфраструктура и тестирование",30,Volumes и .dockerignore,8,Команда,practice,ide_plugin,90,3,32
4,"Модуль 4. FastAPI, инфраструктура и тестирование",30,Volumes и .dockerignore,9,IDE-задача,project,ide_plugin,120,3,50
4,"Модуль 4. FastAPI, инфраструктура и тестирование",30,Volumes и .dockerignore,10,Команда,practice,ide_plugin,90,3,32
4,"Модуль 4. FastAPI, инфраструктура и тестирование",30,Volumes и .dockerignore,11,IDE-задача,project,ide_plugin,120,3,50
4,"Модуль 4. FastAPI, инфраструктура и тестирование",30,Volumes и .dockerignore,12,IDE-задача,project,ide_plugin,120,3,50
4,"Модуль 4. FastAPI, инфраструктура и тестирование",30,Volumes и .dockerignore,13,Закрепление,test,quiz_single,25,2,10
4,"Модуль 4. FastAPI, инфраструктура и тестирование",30,Volumes и .dockerignore,14,Итоги,summary,,15,1,10
4,"Модуль 4. FastAPI, инфраструктура и тестирование",31,multistage build,1,Смысл,theory,,25,2,18
4,"Модуль 4. FastAPI, инфраструктура и тестирование",31,multistage build,2,Минимальный пример,theory,,25,2,18
4,"Модуль 4. FastAPI, инфраструктура и тестирование",31,multistage build,3,Понимание,test,quiz_single,25,2,10
4,"Модуль 4. FastAPI, инфраструктура и тестирование",31,multistage build,4,Команда,practice,ide_plugin,90,3,32
4,"Модуль 4. FastAPI, инфраструктура и тестирование",31,multistage build,5,IDE-задача,project,ide_plugin,120,3,50
4,"Модуль 4. FastAPI, инфраструктура и тестирование",31,multistage build,6,Команда,practice,ide_plugin,90,3,32
4,"Модуль 4. FastAPI, инфраструктура и тестирование",31,multistage build,7,IDE-задача,project,ide_plugin,120,3,50
4,"Модуль 4. FastAPI, инфраструктура и тестирование",31,multistage build,8,Команда,practice,ide_plugin,90,3,32
4,"Модуль 4. FastAPI, инфраструктура и тестирование",31,multistage build,9,IDE-задача,project,ide_plugin,120,3,50
4,"Модуль 4. FastAPI, инфраструктура и тестирование",31,multistage build,10,Команда,practice,ide_plugin,90,3,32
4,"Модуль 4. FastAPI, инфраструктура и тестирование",31,multistage build,11,IDE-задача,project,ide_plugin,120,3,50
4,"Модуль 4. FastAPI, инфраструктура и тестирование",31,multistage build,12,IDE-задача,project,ide_plugin,120,3,50
4,"Модуль 4. FastAPI, инфраструктура и тестирование",31,multistage build,13,Закрепление,test,quiz_single,25,2,10
4,"Модуль 4. FastAPI, инфраструктура и тестирование",31,multistage build,14,Итоги,summary,,15,1,10
4,"Модуль 4. FastAPI, инфраструктура и тестирование",32,Docker Compose: app + db,1,Смысл,theory,,25,2,18
4,"Модуль 4. FastAPI, инфраструктура и тестирование",32,Docker Compose: app + db,2,Минимальный пример,theory,,25,2,18
4,"Модуль 4. FastAPI, инфраструктура и тестирование",32,Docker Compose: app + db,3,Понимание,test,quiz_single,25,2,10
4,"Модуль 4. FastAPI, инфраструктура и тестирование",32,Docker Compose: app + db,4,Команда,practice,ide_plugin,90,3,32
4,"Модуль 4. FastAPI, инфраструктура и тестирование",32,Docker Compose: app + db,5,IDE-задача,project,ide_plugin,120,3,50
4,"Модуль 4. FastAPI, инфраструктура и тестирование",32,Docker Compose: app + db,6,Команда,practice,ide_plugin,90,3,32
4,"Модуль 4. FastAPI, инфраструктура и тестирование",32,Docker Compose: app + db,7,IDE-задача,project,ide_plugin,120,3,50
4,"Модуль 4. FastAPI, инфраструктура и тестирование",32,Docker Compose: app + db,8,Команда,practice,ide_plugin,90,3,32
4,"Модуль 4. FastAPI, инфраструктура и тестирование",32,Docker Compose: app + db,9,IDE-задача,project,ide_plugin,120,3,50
4,"Модуль 4. FastAPI, инфраструктура и тестирование",32,Docker Compose: app + db,10,Команда,practice,ide_plugin,90,3,32
4,"Модуль 4. FastAPI, инфраструктура и тестирование",32,Docker Compose: app + db,11,IDE-задача,project,ide_plugin,120,3,50
4,"Модуль 4. FastAPI, инфраструктура и тестирование",32,Docker Compose: app + db,12,IDE-задача,project,ide_plugin,120,3,50
4,"Модуль 4. FastAPI, инфраструктура и тестирование",32,Docker Compose: app + db,13,Закрепление,test,quiz_single,25,2,10
4,"Модуль 4. FastAPI, инфраструктура и тестирование",32,Docker Compose: app + db,14,Итоги,summary,,15,1,10
4,"Модуль 4. FastAPI, инфраструктура и тестирование",33,"Healthcheck, logs, exec, networks, secrets",1,Смысл,theory,,25,2,18
4,"Модуль 4. FastAPI, инфраструктура и тестирование",33,"Healthcheck, logs, exec, networks, secrets",2,Минимальный пример,theory,,25,2,18
4,"Модуль 4. FastAPI, инфраструктура и тестирование",33,"Healthcheck, logs, exec, networks, secrets",3,Понимание,test,quiz_single,25,2,10
4,"Модуль 4. FastAPI, инфраструктура и тестирование",33,"Healthcheck, logs, exec, networks, secrets",4,Команда,practice,ide_plugin,90,3,32
4,"Модуль 4. FastAPI, инфраструктура и тестирование",33,"Healthcheck, logs, exec, networks, secrets",5,IDE-задача,project,ide_plugin,120,3,50
4,"Модуль 4. FastAPI, инфраструктура и тестирование",33,"Healthcheck, logs, exec, networks, secrets",6,Команда,practice,ide_plugin,90,3,32
4,"Модуль 4. FastAPI, инфраструктура и тестирование",33,"Healthcheck, logs, exec, networks, secrets",7,IDE-задача,project,ide_plugin,120,3,50
4,"Модуль 4. FastAPI, инфраструктура и тестирование",33,"Healthcheck, logs, exec, networks, secrets",8,Команда,practice,ide_plugin,90,3,32
4,"Модуль 4. FastAPI, инфраструктура и тестирование",33,"Healthcheck, logs, exec, networks, secrets",9,IDE-задача,project,ide_plugin,120,3,50
4,"Модуль 4. FastAPI, инфраструктура и тестирование",33,"Healthcheck, logs, exec, networks, secrets",10,Команда,practice,ide_plugin,90,3,32
4,"Модуль 4. FastAPI, инфраструктура и тестирование",33,"Healthcheck, logs, exec, networks, secrets",11,IDE-задача,project,ide_plugin,120,3,50
4,"Модуль 4. FastAPI, инфраструктура и тестирование",33,"Healthcheck, logs, exec, networks, secrets",12,IDE-задача,project,ide_plugin,120,3,50
4,"Модуль 4. FastAPI, инфраструктура и тестирование",33,"Healthcheck, logs, exec, networks, secrets",13,Закрепление,test,quiz_single,25,2,10
4,"Модуль 4. FastAPI, инфраструктура и тестирование",33,"Healthcheck, logs, exec, networks, secrets",14,Итоги,summary,,15,1,10
4,"Модуль 4. FastAPI, инфраструктура и тестирование",34,CI/CD: GitHub Actions и GitLab CI,1,Смысл,theory,,25,2,18
4,"Модуль 4. FastAPI, инфраструктура и тестирование",34,CI/CD: GitHub Actions и GitLab CI,2,Минимальный пример,theory,,25,2,18
4,"Модуль 4. FastAPI, инфраструктура и тестирование",34,CI/CD: GitHub Actions и GitLab CI,3,Понимание,test,quiz_single,25,2,10
4,"Модуль 4. FastAPI, инфраструктура и тестирование",34,CI/CD: GitHub Actions и GitLab CI,4,Команда,practice,ide_plugin,90,3,32
4,"Модуль 4. FastAPI, инфраструктура и тестирование",34,CI/CD: GitHub Actions и GitLab CI,5,IDE-задача,project,ide_plugin,120,3,50
4,"Модуль 4. FastAPI, инфраструктура и тестирование",34,CI/CD: GitHub Actions и GitLab CI,6,Команда,practice,ide_plugin,90,3,32
4,"Модуль 4. FastAPI, инфраструктура и тестирование",34,CI/CD: GitHub Actions и GitLab CI,7,IDE-задача,project,ide_plugin,120,3,50
4,"Модуль 4. FastAPI, инфраструктура и тестирование",34,CI/CD: GitHub Actions и GitLab CI,8,Команда,practice,ide_plugin,90,3,32
4,"Модуль 4. FastAPI, инфраструктура и тестирование",34,CI/CD: GitHub Actions и GitLab CI,9,IDE-задача,project,ide_plugin,120,3,50
4,"Модуль 4. FastAPI, инфраструктура и тестирование",34,CI/CD: GitHub Actions и GitLab CI,10,Команда,practice,ide_plugin,90,3,32
4,"Модуль 4. FastAPI, инфраструктура и тестирование",34,CI/CD: GitHub Actions и GitLab CI,11,IDE-задача,project,ide_plugin,120,3,50
4,"Модуль 4. FastAPI, инфраструктура и тестирование",34,CI/CD: GitHub Actions и GitLab CI,12,IDE-задача,project,ide_plugin,120,3,50
4,"Модуль 4. FastAPI, инфраструктура и тестирование",34,CI/CD: GitHub Actions и GitLab CI,13,Закрепление,test,quiz_single,25,2,10
4,"Модуль 4. FastAPI, инфраструктура и тестирование",34,CI/CD: GitHub Actions и GitLab CI,14,Итоги,summary,,15,1,10
5,"Модуль 5. AI-интеграция, деплой и финальный проект",1,AI API request,1,Смысл,theory,,20,1,18
5,"Модуль 5. AI-интеграция, деплой и финальный проект",1,AI API request,2,Минимальный пример,theory,,20,1,18
5,"Модуль 5. AI-интеграция, деплой и финальный проект",1,AI API request,3,Понимание,test,quiz_single,20,1,10
5,"Модуль 5. AI-интеграция, деплой и финальный проект",1,AI API request,4,Простая задача,practice,python_stdout,70,2,24
5,"Модуль 5. AI-интеграция, деплой и финальный проект",1,AI API request,5,Ошибка,practice,python_pytest,70,2,28
5,"Модуль 5. AI-интеграция, деплой и финальный проект",1,AI API request,6,Основная задача,practice,python_pytest,70,2,28
5,"Модуль 5. AI-интеграция, деплой и финальный проект",1,AI API request,7,Прикладная задача,practice,python_pytest,70,2,28
5,"Модуль 5. AI-интеграция, деплой и финальный проект",1,AI API request,8,Крайний случай,practice,python_stdout,70,2,24
5,"Модуль 5. AI-интеграция, деплой и финальный проект",1,AI API request,9,Закрепление,test,quiz_single,25,2,10
5,"Модуль 5. AI-интеграция, деплой и финальный проект",1,AI API request,10,Работа в IDE,project,ide_plugin,110,3,55
5,"Модуль 5. AI-интеграция, деплой и финальный проект",1,AI API request,11,Итоги,summary,,15,1,10
5,"Модуль 5. AI-интеграция, деплой и финальный проект",2,Prompt и messages,1,Смысл,theory,,20,1,18
5,"Модуль 5. AI-интеграция, деплой и финальный проект",2,Prompt и messages,2,Минимальный пример,theory,,20,1,18
5,"Модуль 5. AI-интеграция, деплой и финальный проект",2,Prompt и messages,3,Понимание,test,quiz_single,20,1,10
5,"Модуль 5. AI-интеграция, деплой и финальный проект",2,Prompt и messages,4,Простая задача,practice,python_stdout,70,2,24
5,"Модуль 5. AI-интеграция, деплой и финальный проект",2,Prompt и messages,5,Ошибка,practice,python_pytest,70,2,28
5,"Модуль 5. AI-интеграция, деплой и финальный проект",2,Prompt и messages,6,Основная задача,practice,python_pytest,70,2,28
5,"Модуль 5. AI-интеграция, деплой и финальный проект",2,Prompt и messages,7,Прикладная задача,practice,python_pytest,70,2,28
5,"Модуль 5. AI-интеграция, деплой и финальный проект",2,Prompt и messages,8,Крайний случай,practice,python_stdout,70,2,24
5,"Модуль 5. AI-интеграция, деплой и финальный проект",2,Prompt и messages,9,Закрепление,test,quiz_single,25,2,10
5,"Модуль 5. AI-интеграция, деплой и финальный проект",2,Prompt и messages,10,Работа в IDE,project,ide_plugin,110,3,55
5,"Модуль 5. AI-интеграция, деплой и финальный проект",2,Prompt и messages,11,Итоги,summary,,15,1,10
5,"Модуль 5. AI-интеграция, деплой и финальный проект",3,Structured output,1,Смысл,theory,,20,1,18
5,"Модуль 5. AI-интеграция, деплой и финальный проект",3,Structured output,2,Минимальный пример,theory,,20,1,18
5,"Модуль 5. AI-интеграция, деплой и финальный проект",3,Structured output,3,Понимание,test,quiz_single,20,1,10
5,"Модуль 5. AI-интеграция, деплой и финальный проект",3,Structured output,4,Простая задача,practice,python_stdout,70,2,24
5,"Модуль 5. AI-интеграция, деплой и финальный проект",3,Structured output,5,Ошибка,practice,python_pytest,70,2,28
5,"Модуль 5. AI-интеграция, деплой и финальный проект",3,Structured output,6,Основная задача,practice,python_pytest,70,2,28
5,"Модуль 5. AI-интеграция, деплой и финальный проект",3,Structured output,7,Прикладная задача,practice,python_pytest,70,2,28
5,"Модуль 5. AI-интеграция, деплой и финальный проект",3,Structured output,8,Крайний случай,practice,python_stdout,70,2,24
5,"Модуль 5. AI-интеграция, деплой и финальный проект",3,Structured output,9,Закрепление,test,quiz_single,25,2,10
5,"Модуль 5. AI-интеграция, деплой и финальный проект",3,Structured output,10,Работа в IDE,project,ide_plugin,110,3,55
5,"Модуль 5. AI-интеграция, деплой и финальный проект",3,Structured output,11,Итоги,summary,,15,1,10
5,"Модуль 5. AI-интеграция, деплой и финальный проект",4,JSON schema,1,Смысл,theory,,20,1,18
5,"Модуль 5. AI-интеграция, деплой и финальный проект",4,JSON schema,2,Минимальный пример,theory,,20,1,18
5,"Модуль 5. AI-интеграция, деплой и финальный проект",4,JSON schema,3,Понимание,test,quiz_single,20,1,10
5,"Модуль 5. AI-интеграция, деплой и финальный проект",4,JSON schema,4,Простая задача,practice,python_stdout,70,2,24
5,"Модуль 5. AI-интеграция, деплой и финальный проект",4,JSON schema,5,Ошибка,practice,python_pytest,70,2,28
5,"Модуль 5. AI-интеграция, деплой и финальный проект",4,JSON schema,6,Основная задача,practice,python_pytest,70,2,28
5,"Модуль 5. AI-интеграция, деплой и финальный проект",4,JSON schema,7,Прикладная задача,practice,python_pytest,70,2,28
5,"Модуль 5. AI-интеграция, деплой и финальный проект",4,JSON schema,8,Крайний случай,practice,python_stdout,70,2,24
5,"Модуль 5. AI-интеграция, деплой и финальный проект",4,JSON schema,9,Закрепление,test,quiz_single,25,2,10
5,"Модуль 5. AI-интеграция, деплой и финальный проект",4,JSON schema,10,Работа в IDE,project,ide_plugin,110,3,55
5,"Модуль 5. AI-интеграция, деплой и финальный проект",4,JSON schema,11,Итоги,summary,,15,1,10
5,"Модуль 5. AI-интеграция, деплой и финальный проект",5,Mock provider,1,Смысл,theory,,20,1,18
5,"Модуль 5. AI-интеграция, деплой и финальный проект",5,Mock provider,2,Минимальный пример,theory,,20,1,18
5,"Модуль 5. AI-интеграция, деплой и финальный проект",5,Mock provider,3,Понимание,test,quiz_single,20,1,10
5,"Модуль 5. AI-интеграция, деплой и финальный проект",5,Mock provider,4,Простая задача,practice,python_stdout,70,2,24
5,"Модуль 5. AI-интеграция, деплой и финальный проект",5,Mock provider,5,Ошибка,practice,python_pytest,70,2,28
5,"Модуль 5. AI-интеграция, деплой и финальный проект",5,Mock provider,6,Основная задача,practice,python_pytest,70,2,28
5,"Модуль 5. AI-интеграция, деплой и финальный проект",5,Mock provider,7,Прикладная задача,practice,python_pytest,70,2,28
5,"Модуль 5. AI-интеграция, деплой и финальный проект",5,Mock provider,8,Крайний случай,practice,python_stdout,70,2,24
5,"Модуль 5. AI-интеграция, деплой и финальный проект",5,Mock provider,9,Закрепление,test,quiz_single,25,2,10
5,"Модуль 5. AI-интеграция, деплой и финальный проект",5,Mock provider,10,Работа в IDE,project,ide_plugin,110,3,55
5,"Модуль 5. AI-интеграция, деплой и финальный проект",5,Mock provider,11,Итоги,summary,,15,1,10
5,"Модуль 5. AI-интеграция, деплой и финальный проект",6,Retries и timeouts,1,Смысл,theory,,20,1,18
5,"Модуль 5. AI-интеграция, деплой и финальный проект",6,Retries и timeouts,2,Минимальный пример,theory,,20,1,18
5,"Модуль 5. AI-интеграция, деплой и финальный проект",6,Retries и timeouts,3,Понимание,test,quiz_single,20,1,10
5,"Модуль 5. AI-интеграция, деплой и финальный проект",6,Retries и timeouts,4,Простая задача,practice,python_stdout,70,2,24
5,"Модуль 5. AI-интеграция, деплой и финальный проект",6,Retries и timeouts,5,Ошибка,practice,python_pytest,70,2,28
5,"Модуль 5. AI-интеграция, деплой и финальный проект",6,Retries и timeouts,6,Основная задача,practice,python_pytest,70,2,28
5,"Модуль 5. AI-интеграция, деплой и финальный проект",6,Retries и timeouts,7,Прикладная задача,practice,python_pytest,70,2,28
5,"Модуль 5. AI-интеграция, деплой и финальный проект",6,Retries и timeouts,8,Крайний случай,practice,python_stdout,70,2,24
5,"Модуль 5. AI-интеграция, деплой и финальный проект",6,Retries и timeouts,9,Закрепление,test,quiz_single,25,2,10
5,"Модуль 5. AI-интеграция, деплой и финальный проект",6,Retries и timeouts,10,Работа в IDE,project,ide_plugin,110,3,55
5,"Модуль 5. AI-интеграция, деплой и финальный проект",6,Retries и timeouts,11,Итоги,summary,,15,1,10
5,"Модуль 5. AI-интеграция, деплой и финальный проект",7,Rate limits и cost,1,Смысл,theory,,20,1,18
5,"Модуль 5. AI-интеграция, деплой и финальный проект",7,Rate limits и cost,2,Минимальный пример,theory,,20,1,18
5,"Модуль 5. AI-интеграция, деплой и финальный проект",7,Rate limits и cost,3,Понимание,test,quiz_single,20,1,10
5,"Модуль 5. AI-интеграция, деплой и финальный проект",7,Rate limits и cost,4,Простая задача,practice,python_stdout,70,2,24
5,"Модуль 5. AI-интеграция, деплой и финальный проект",7,Rate limits и cost,5,Ошибка,practice,python_pytest,70,2,28
5,"Модуль 5. AI-интеграция, деплой и финальный проект",7,Rate limits и cost,6,Основная задача,practice,python_pytest,70,2,28
5,"Модуль 5. AI-интеграция, деплой и финальный проект",7,Rate limits и cost,7,Прикладная задача,practice,python_pytest,70,2,28
5,"Модуль 5. AI-интеграция, деплой и финальный проект",7,Rate limits и cost,8,Крайний случай,practice,python_stdout,70,2,24
5,"Модуль 5. AI-интеграция, деплой и финальный проект",7,Rate limits и cost,9,Закрепление,test,quiz_single,25,2,10
5,"Модуль 5. AI-интеграция, деплой и финальный проект",7,Rate limits и cost,10,Работа в IDE,project,ide_plugin,110,3,55
5,"Модуль 5. AI-интеграция, деплой и финальный проект",7,Rate limits и cost,11,Итоги,summary,,15,1,10
5,"Модуль 5. AI-интеграция, деплой и финальный проект",8,RAG chunks,1,Смысл,theory,,20,1,18
5,"Модуль 5. AI-интеграция, деплой и финальный проект",8,RAG chunks,2,Минимальный пример,theory,,20,1,18
5,"Модуль 5. AI-интеграция, деплой и финальный проект",8,RAG chunks,3,Понимание,test,quiz_single,20,1,10
5,"Модуль 5. AI-интеграция, деплой и финальный проект",8,RAG chunks,4,Простая задача,practice,python_stdout,70,2,24
5,"Модуль 5. AI-интеграция, деплой и финальный проект",8,RAG chunks,5,Ошибка,practice,python_pytest,70,2,28
5,"Модуль 5. AI-интеграция, деплой и финальный проект",8,RAG chunks,6,Основная задача,practice,python_pytest,70,2,28
5,"Модуль 5. AI-интеграция, деплой и финальный проект",8,RAG chunks,7,Прикладная задача,practice,python_pytest,70,2,28
5,"Модуль 5. AI-интеграция, деплой и финальный проект",8,RAG chunks,8,Крайний случай,practice,python_stdout,70,2,24
5,"Модуль 5. AI-интеграция, деплой и финальный проект",8,RAG chunks,9,Закрепление,test,quiz_single,25,2,10
5,"Модуль 5. AI-интеграция, деплой и финальный проект",8,RAG chunks,10,Работа в IDE,project,ide_plugin,110,3,55
5,"Модуль 5. AI-интеграция, деплой и финальный проект",8,RAG chunks,11,Итоги,summary,,15,1,10
5,"Модуль 5. AI-интеграция, деплой и финальный проект",9,Embeddings и vector DB,1,Смысл,theory,,20,1,18
5,"Модуль 5. AI-интеграция, деплой и финальный проект",9,Embeddings и vector DB,2,Минимальный пример,theory,,20,1,18
5,"Модуль 5. AI-интеграция, деплой и финальный проект",9,Embeddings и vector DB,3,Понимание,test,quiz_single,20,1,10
5,"Модуль 5. AI-интеграция, деплой и финальный проект",9,Embeddings и vector DB,4,Простая задача,practice,python_stdout,70,2,24
5,"Модуль 5. AI-интеграция, деплой и финальный проект",9,Embeddings и vector DB,5,Ошибка,practice,python_pytest,70,2,28
5,"Модуль 5. AI-интеграция, деплой и финальный проект",9,Embeddings и vector DB,6,Основная задача,practice,python_pytest,70,2,28
5,"Модуль 5. AI-интеграция, деплой и финальный проект",9,Embeddings и vector DB,7,Прикладная задача,practice,python_pytest,70,2,28
5,"Модуль 5. AI-интеграция, деплой и финальный проект",9,Embeddings и vector DB,8,Крайний случай,practice,python_stdout,70,2,24
5,"Модуль 5. AI-интеграция, деплой и финальный проект",9,Embeddings и vector DB,9,Закрепление,test,quiz_single,25,2,10
5,"Модуль 5. AI-интеграция, деплой и финальный проект",9,Embeddings и vector DB,10,Работа в IDE,project,ide_plugin,110,3,55
5,"Модуль 5. AI-интеграция, деплой и финальный проект",9,Embeddings и vector DB,11,Итоги,summary,,15,1,10
5,"Модуль 5. AI-интеграция, деплой и финальный проект",10,Retrieval evaluation hallucination,1,Смысл,theory,,20,1,18
5,"Модуль 5. AI-интеграция, деплой и финальный проект",10,Retrieval evaluation hallucination,2,Минимальный пример,theory,,20,1,18
5,"Модуль 5. AI-интеграция, деплой и финальный проект",10,Retrieval evaluation hallucination,3,Понимание,test,quiz_single,20,1,10
5,"Модуль 5. AI-интеграция, деплой и финальный проект",10,Retrieval evaluation hallucination,4,Простая задача,practice,python_stdout,70,2,24
5,"Модуль 5. AI-интеграция, деплой и финальный проект",10,Retrieval evaluation hallucination,5,Ошибка,practice,python_pytest,70,2,28
5,"Модуль 5. AI-интеграция, деплой и финальный проект",10,Retrieval evaluation hallucination,6,Основная задача,practice,python_pytest,70,2,28
5,"Модуль 5. AI-интеграция, деплой и финальный проект",10,Retrieval evaluation hallucination,7,Прикладная задача,practice,python_pytest,70,2,28
5,"Модуль 5. AI-интеграция, деплой и финальный проект",10,Retrieval evaluation hallucination,8,Крайний случай,practice,python_stdout,70,2,24
5,"Модуль 5. AI-интеграция, деплой и финальный проект",10,Retrieval evaluation hallucination,9,Закрепление,test,quiz_single,25,2,10
5,"Модуль 5. AI-интеграция, деплой и финальный проект",10,Retrieval evaluation hallucination,10,Работа в IDE,project,ide_plugin,110,3,55
5,"Модуль 5. AI-интеграция, деплой и финальный проект",10,Retrieval evaluation hallucination,11,Итоги,summary,,15,1,10
5,"Модуль 5. AI-интеграция, деплой и финальный проект",11,LangChain и LangGraph,1,Смысл,theory,,20,1,18
5,"Модуль 5. AI-интеграция, деплой и финальный проект",11,LangChain и LangGraph,2,Минимальный пример,theory,,20,1,18
5,"Модуль 5. AI-интеграция, деплой и финальный проект",11,LangChain и LangGraph,3,Понимание,test,quiz_single,20,1,10
5,"Модуль 5. AI-интеграция, деплой и финальный проект",11,LangChain и LangGraph,4,Простая задача,practice,python_stdout,70,2,24
5,"Модуль 5. AI-интеграция, деплой и финальный проект",11,LangChain и LangGraph,5,Ошибка,practice,python_pytest,70,2,28
5,"Модуль 5. AI-интеграция, деплой и финальный проект",11,LangChain и LangGraph,6,Основная задача,practice,python_pytest,70,2,28
5,"Модуль 5. AI-интеграция, деплой и финальный проект",11,LangChain и LangGraph,7,Прикладная задача,practice,python_pytest,70,2,28
5,"Модуль 5. AI-интеграция, деплой и финальный проект",11,LangChain и LangGraph,8,Крайний случай,practice,python_stdout,70,2,24
5,"Модуль 5. AI-интеграция, деплой и финальный проект",11,LangChain и LangGraph,9,Закрепление,test,quiz_single,25,2,10
5,"Модуль 5. AI-интеграция, деплой и финальный проект",11,LangChain и LangGraph,10,Работа в IDE,project,ide_plugin,110,3,55
5,"Модуль 5. AI-интеграция, деплой и финальный проект",11,LangChain и LangGraph,11,Итоги,summary,,15,1,10
5,"Модуль 5. AI-интеграция, деплой и финальный проект",12,Безопасный вайбкодинг,1,Смысл,theory,,20,1,18
5,"Модуль 5. AI-интеграция, деплой и финальный проект",12,Безопасный вайбкодинг,2,Минимальный пример,theory,,20,1,18
5,"Модуль 5. AI-интеграция, деплой и финальный проект",12,Безопасный вайбкодинг,3,Понимание,test,quiz_single,20,1,10
5,"Модуль 5. AI-интеграция, деплой и финальный проект",12,Безопасный вайбкодинг,4,Простая задача,practice,python_stdout,70,2,24
5,"Модуль 5. AI-интеграция, деплой и финальный проект",12,Безопасный вайбкодинг,5,Ошибка,practice,python_pytest,70,2,28
5,"Модуль 5. AI-интеграция, деплой и финальный проект",12,Безопасный вайбкодинг,6,Основная задача,practice,python_pytest,70,2,28
5,"Модуль 5. AI-интеграция, деплой и финальный проект",12,Безопасный вайбкодинг,7,Прикладная задача,practice,python_pytest,70,2,28
5,"Модуль 5. AI-интеграция, деплой и финальный проект",12,Безопасный вайбкодинг,8,Крайний случай,practice,python_stdout,70,2,24
5,"Модуль 5. AI-интеграция, деплой и финальный проект",12,Безопасный вайбкодинг,9,Закрепление,test,quiz_single,25,2,10
5,"Модуль 5. AI-интеграция, деплой и финальный проект",12,Безопасный вайбкодинг,10,Работа в IDE,project,ide_plugin,110,3,55
5,"Модуль 5. AI-интеграция, деплой и финальный проект",12,Безопасный вайбкодинг,11,Итоги,summary,,15,1,10
5,"Модуль 5. AI-интеграция, деплой и финальный проект",13,"VPS, безопасность, домен, SSL",1,Смысл,theory,,25,2,18
5,"Модуль 5. AI-интеграция, деплой и финальный проект",13,"VPS, безопасность, домен, SSL",2,Минимальный пример,theory,,25,2,18
5,"Модуль 5. AI-интеграция, деплой и финальный проект",13,"VPS, безопасность, домен, SSL",3,Понимание,test,quiz_single,25,2,10
5,"Модуль 5. AI-интеграция, деплой и финальный проект",13,"VPS, безопасность, домен, SSL",4,Команда,practice,ide_plugin,90,3,32
5,"Модуль 5. AI-интеграция, деплой и финальный проект",13,"VPS, безопасность, домен, SSL",5,IDE-задача,project,ide_plugin,120,3,50
5,"Модуль 5. AI-интеграция, деплой и финальный проект",13,"VPS, безопасность, домен, SSL",6,Команда,practice,ide_plugin,90,3,32
5,"Модуль 5. AI-интеграция, деплой и финальный проект",13,"VPS, безопасность, домен, SSL",7,IDE-задача,project,ide_plugin,120,3,50
5,"Модуль 5. AI-интеграция, деплой и финальный проект",13,"VPS, безопасность, домен, SSL",8,Команда,practice,ide_plugin,90,3,32
5,"Модуль 5. AI-интеграция, деплой и финальный проект",13,"VPS, безопасность, домен, SSL",9,IDE-задача,project,ide_plugin,120,3,50
5,"Модуль 5. AI-интеграция, деплой и финальный проект",13,"VPS, безопасность, домен, SSL",10,Команда,practice,ide_plugin,90,3,32
5,"Модуль 5. AI-интеграция, деплой и финальный проект",13,"VPS, безопасность, домен, SSL",11,IDE-задача,project,ide_plugin,120,3,50
5,"Модуль 5. AI-интеграция, деплой и финальный проект",13,"VPS, безопасность, домен, SSL",12,IDE-задача,project,ide_plugin,120,3,50
5,"Модуль 5. AI-интеграция, деплой и финальный проект",13,"VPS, безопасность, домен, SSL",13,Закрепление,test,quiz_single,25,2,10
5,"Модуль 5. AI-интеграция, деплой и финальный проект",13,"VPS, безопасность, домен, SSL",14,Итоги,summary,,15,1,10
5,"Модуль 5. AI-интеграция, деплой и финальный проект",14,Автодеплой и rollback,1,Смысл,theory,,25,2,18
5,"Модуль 5. AI-интеграция, деплой и финальный проект",14,Автодеплой и rollback,2,Минимальный пример,theory,,25,2,18
5,"Модуль 5. AI-интеграция, деплой и финальный проект",14,Автодеплой и rollback,3,Понимание,test,quiz_single,25,2,10
5,"Модуль 5. AI-интеграция, деплой и финальный проект",14,Автодеплой и rollback,4,Команда,practice,ide_plugin,90,3,32
5,"Модуль 5. AI-интеграция, деплой и финальный проект",14,Автодеплой и rollback,5,IDE-задача,project,ide_plugin,120,3,50
5,"Модуль 5. AI-интеграция, деплой и финальный проект",14,Автодеплой и rollback,6,Команда,practice,ide_plugin,90,3,32
5,"Модуль 5. AI-интеграция, деплой и финальный проект",14,Автодеплой и rollback,7,IDE-задача,project,ide_plugin,120,3,50
5,"Модуль 5. AI-интеграция, деплой и финальный проект",14,Автодеплой и rollback,8,Команда,practice,ide_plugin,90,3,32
5,"Модуль 5. AI-интеграция, деплой и финальный проект",14,Автодеплой и rollback,9,IDE-задача,project,ide_plugin,120,3,50
5,"Модуль 5. AI-интеграция, деплой и финальный проект",14,Автодеплой и rollback,10,Команда,practice,ide_plugin,90,3,32
5,"Модуль 5. AI-интеграция, деплой и финальный проект",14,Автодеплой и rollback,11,IDE-задача,project,ide_plugin,120,3,50
5,"Модуль 5. AI-интеграция, деплой и финальный проект",14,Автодеплой и rollback,12,IDE-задача,project,ide_plugin,120,3,50
5,"Модуль 5. AI-интеграция, деплой и финальный проект",14,Автодеплой и rollback,13,Закрепление,test,quiz_single,25,2,10
5,"Модуль 5. AI-интеграция, деплой и финальный проект",14,Автодеплой и rollback,14,Итоги,summary,,15,1,10
5,"Модуль 5. AI-интеграция, деплой и финальный проект",15,Финальный проект: ТЗ,1,Смысл,theory,,25,2,18
5,"Модуль 5. AI-интеграция, деплой и финальный проект",15,Финальный проект: ТЗ,2,Минимальный пример,theory,,25,2,18
5,"Модуль 5. AI-интеграция, деплой и финальный проект",15,Финальный проект: ТЗ,3,Понимание,test,quiz_single,25,2,10
5,"Модуль 5. AI-интеграция, деплой и финальный проект",15,Финальный проект: ТЗ,4,Команда,practice,ide_plugin,90,3,32
5,"Модуль 5. AI-интеграция, деплой и финальный проект",15,Финальный проект: ТЗ,5,IDE-задача,project,ide_plugin,120,3,50
5,"Модуль 5. AI-интеграция, деплой и финальный проект",15,Финальный проект: ТЗ,6,Команда,practice,ide_plugin,90,3,32
5,"Модуль 5. AI-интеграция, деплой и финальный проект",15,Финальный проект: ТЗ,7,IDE-задача,project,ide_plugin,120,3,50
5,"Модуль 5. AI-интеграция, деплой и финальный проект",15,Финальный проект: ТЗ,8,Команда,practice,ide_plugin,90,3,32
5,"Модуль 5. AI-интеграция, деплой и финальный проект",15,Финальный проект: ТЗ,9,IDE-задача,project,ide_plugin,120,3,50
5,"Модуль 5. AI-интеграция, деплой и финальный проект",15,Финальный проект: ТЗ,10,Команда,practice,ide_plugin,90,3,32
5,"Модуль 5. AI-интеграция, деплой и финальный проект",15,Финальный проект: ТЗ,11,IDE-задача,project,ide_plugin,120,3,50
5,"Модуль 5. AI-интеграция, деплой и финальный проект",15,Финальный проект: ТЗ,12,IDE-задача,project,ide_plugin,120,3,50
5,"Модуль 5. AI-интеграция, деплой и финальный проект",15,Финальный проект: ТЗ,13,Закрепление,test,quiz_single,25,2,10
5,"Модуль 5. AI-интеграция, деплой и финальный проект",15,Финальный проект: ТЗ,14,Итоги,summary,,15,1,10
5,"Модуль 5. AI-интеграция, деплой и финальный проект",16,Финальный проект: User stories,1,Смысл,theory,,25,2,18
5,"Модуль 5. AI-интеграция, деплой и финальный проект",16,Финальный проект: User stories,2,Минимальный пример,theory,,25,2,18
5,"Модуль 5. AI-интеграция, деплой и финальный проект",16,Финальный проект: User stories,3,Понимание,test,quiz_single,25,2,10
5,"Модуль 5. AI-интеграция, деплой и финальный проект",16,Финальный проект: User stories,4,Команда,practice,ide_plugin,90,3,32
5,"Модуль 5. AI-интеграция, деплой и финальный проект",16,Финальный проект: User stories,5,IDE-задача,project,ide_plugin,120,3,50
5,"Модуль 5. AI-интеграция, деплой и финальный проект",16,Финальный проект: User stories,6,Команда,practice,ide_plugin,90,3,32
5,"Модуль 5. AI-интеграция, деплой и финальный проект",16,Финальный проект: User stories,7,IDE-задача,project,ide_plugin,120,3,50
5,"Модуль 5. AI-интеграция, деплой и финальный проект",16,Финальный проект: User stories,8,Команда,practice,ide_plugin,90,3,32
5,"Модуль 5. AI-интеграция, деплой и финальный проект",16,Финальный проект: User stories,9,IDE-задача,project,ide_plugin,120,3,50
5,"Модуль 5. AI-интеграция, деплой и финальный проект",16,Финальный проект: User stories,10,Команда,practice,ide_plugin,90,3,32
5,"Модуль 5. AI-интеграция, деплой и финальный проект",16,Финальный проект: User stories,11,IDE-задача,project,ide_plugin,120,3,50
5,"Модуль 5. AI-интеграция, деплой и финальный проект",16,Финальный проект: User stories,12,IDE-задача,project,ide_plugin,120,3,50
5,"Модуль 5. AI-интеграция, деплой и финальный проект",16,Финальный проект: User stories,13,Закрепление,test,quiz_single,25,2,10
5,"Модуль 5. AI-интеграция, деплой и финальный проект",16,Финальный проект: User stories,14,Итоги,summary,,15,1,10
5,"Модуль 5. AI-интеграция, деплой и финальный проект",17,Финальный проект: схема БД,1,Смысл,theory,,25,2,18
5,"Модуль 5. AI-интеграция, деплой и финальный проект",17,Финальный проект: схема БД,2,Минимальный пример,theory,,25,2,18
5,"Модуль 5. AI-интеграция, деплой и финальный проект",17,Финальный проект: схема БД,3,Понимание,test,quiz_single,25,2,10
5,"Модуль 5. AI-интеграция, деплой и финальный проект",17,Финальный проект: схема БД,4,Команда,practice,ide_plugin,90,3,32
5,"Модуль 5. AI-интеграция, деплой и финальный проект",17,Финальный проект: схема БД,5,IDE-задача,project,ide_plugin,120,3,50
5,"Модуль 5. AI-интеграция, деплой и финальный проект",17,Финальный проект: схема БД,6,Команда,practice,ide_plugin,90,3,32
5,"Модуль 5. AI-интеграция, деплой и финальный проект",17,Финальный проект: схема БД,7,IDE-задача,project,ide_plugin,120,3,50
5,"Модуль 5. AI-интеграция, деплой и финальный проект",17,Финальный проект: схема БД,8,Команда,practice,ide_plugin,90,3,32
5,"Модуль 5. AI-интеграция, деплой и финальный проект",17,Финальный проект: схема БД,9,IDE-задача,project,ide_plugin,120,3,50
5,"Модуль 5. AI-интеграция, деплой и финальный проект",17,Финальный проект: схема БД,10,Команда,practice,ide_plugin,90,3,32
5,"Модуль 5. AI-интеграция, деплой и финальный проект",17,Финальный проект: схема БД,11,IDE-задача,project,ide_plugin,120,3,50
5,"Модуль 5. AI-интеграция, деплой и финальный проект",17,Финальный проект: схема БД,12,IDE-задача,project,ide_plugin,120,3,50
5,"Модуль 5. AI-интеграция, деплой и финальный проект",17,Финальный проект: схема БД,13,Закрепление,test,quiz_single,25,2,10
5,"Модуль 5. AI-интеграция, деплой и финальный проект",17,Финальный проект: схема БД,14,Итоги,summary,,15,1,10
5,"Модуль 5. AI-интеграция, деплой и финальный проект",18,Финальный проект: API contract,1,Смысл,theory,,25,2,18
5,"Модуль 5. AI-интеграция, деплой и финальный проект",18,Финальный проект: API contract,2,Минимальный пример,theory,,25,2,18
5,"Модуль 5. AI-интеграция, деплой и финальный проект",18,Финальный проект: API contract,3,Понимание,test,quiz_single,25,2,10
5,"Модуль 5. AI-интеграция, деплой и финальный проект",18,Финальный проект: API contract,4,Команда,practice,ide_plugin,90,3,32
5,"Модуль 5. AI-интеграция, деплой и финальный проект",18,Финальный проект: API contract,5,IDE-задача,project,ide_plugin,120,3,50
5,"Модуль 5. AI-интеграция, деплой и финальный проект",18,Финальный проект: API contract,6,Команда,practice,ide_plugin,90,3,32
5,"Модуль 5. AI-интеграция, деплой и финальный проект",18,Финальный проект: API contract,7,IDE-задача,project,ide_plugin,120,3,50
5,"Модуль 5. AI-интеграция, деплой и финальный проект",18,Финальный проект: API contract,8,Команда,practice,ide_plugin,90,3,32
5,"Модуль 5. AI-интеграция, деплой и финальный проект",18,Финальный проект: API contract,9,IDE-задача,project,ide_plugin,120,3,50
5,"Модуль 5. AI-интеграция, деплой и финальный проект",18,Финальный проект: API contract,10,Команда,practice,ide_plugin,90,3,32
5,"Модуль 5. AI-интеграция, деплой и финальный проект",18,Финальный проект: API contract,11,IDE-задача,project,ide_plugin,120,3,50
5,"Модуль 5. AI-интеграция, деплой и финальный проект",18,Финальный проект: API contract,12,IDE-задача,project,ide_plugin,120,3,50
5,"Модуль 5. AI-интеграция, деплой и финальный проект",18,Финальный проект: API contract,13,Закрепление,test,quiz_single,25,2,10
5,"Модуль 5. AI-интеграция, деплой и финальный проект",18,Финальный проект: API contract,14,Итоги,summary,,15,1,10
5,"Модуль 5. AI-интеграция, деплой и финальный проект",19,Финальный проект: Git workflow,1,Смысл,theory,,25,2,18
5,"Модуль 5. AI-интеграция, деплой и финальный проект",19,Финальный проект: Git workflow,2,Минимальный пример,theory,,25,2,18
5,"Модуль 5. AI-интеграция, деплой и финальный проект",19,Финальный проект: Git workflow,3,Понимание,test,quiz_single,25,2,10
5,"Модуль 5. AI-интеграция, деплой и финальный проект",19,Финальный проект: Git workflow,4,Команда,practice,ide_plugin,90,3,32
5,"Модуль 5. AI-интеграция, деплой и финальный проект",19,Финальный проект: Git workflow,5,IDE-задача,project,ide_plugin,120,3,50
5,"Модуль 5. AI-интеграция, деплой и финальный проект",19,Финальный проект: Git workflow,6,Команда,practice,ide_plugin,90,3,32
5,"Модуль 5. AI-интеграция, деплой и финальный проект",19,Финальный проект: Git workflow,7,IDE-задача,project,ide_plugin,120,3,50
5,"Модуль 5. AI-интеграция, деплой и финальный проект",19,Финальный проект: Git workflow,8,Команда,practice,ide_plugin,90,3,32
5,"Модуль 5. AI-интеграция, деплой и финальный проект",19,Финальный проект: Git workflow,9,IDE-задача,project,ide_plugin,120,3,50
5,"Модуль 5. AI-интеграция, деплой и финальный проект",19,Финальный проект: Git workflow,10,Команда,practice,ide_plugin,90,3,32
5,"Модуль 5. AI-интеграция, деплой и финальный проект",19,Финальный проект: Git workflow,11,IDE-задача,project,ide_plugin,120,3,50
5,"Модуль 5. AI-интеграция, деплой и финальный проект",19,Финальный проект: Git workflow,12,IDE-задача,project,ide_plugin,120,3,50
5,"Модуль 5. AI-интеграция, деплой и финальный проект",19,Финальный проект: Git workflow,13,Конфликт,project,ide_plugin,130,4,55
5,"Модуль 5. AI-интеграция, деплой и финальный проект",19,Финальный проект: Git workflow,14,Итоги,summary,,15,1,10
5,"Модуль 5. AI-интеграция, деплой и финальный проект",20,Финальный проект: FastAPI-структура,1,Смысл,theory,,25,2,18
5,"Модуль 5. AI-интеграция, деплой и финальный проект",20,Финальный проект: FastAPI-структура,2,Минимальный пример,theory,,25,2,18
5,"Модуль 5. AI-интеграция, деплой и финальный проект",20,Финальный проект: FastAPI-структура,3,Понимание,test,quiz_single,25,2,10
5,"Модуль 5. AI-интеграция, деплой и финальный проект",20,Финальный проект: FastAPI-структура,4,Команда,practice,ide_plugin,90,3,32
5,"Модуль 5. AI-интеграция, деплой и финальный проект",20,Финальный проект: FastAPI-структура,5,IDE-задача,project,ide_plugin,120,3,50
5,"Модуль 5. AI-интеграция, деплой и финальный проект",20,Финальный проект: FastAPI-структура,6,Команда,practice,ide_plugin,90,3,32
5,"Модуль 5. AI-интеграция, деплой и финальный проект",20,Финальный проект: FastAPI-структура,7,IDE-задача,project,ide_plugin,120,3,50
5,"Модуль 5. AI-интеграция, деплой и финальный проект",20,Финальный проект: FastAPI-структура,8,Команда,practice,ide_plugin,90,3,32
5,"Модуль 5. AI-интеграция, деплой и финальный проект",20,Финальный проект: FastAPI-структура,9,IDE-задача,project,ide_plugin,120,3,50
5,"Модуль 5. AI-интеграция, деплой и финальный проект",20,Финальный проект: FastAPI-структура,10,Команда,practice,ide_plugin,90,3,32
5,"Модуль 5. AI-интеграция, деплой и финальный проект",20,Финальный проект: FastAPI-структура,11,IDE-задача,project,ide_plugin,120,3,50
5,"Модуль 5. AI-интеграция, деплой и финальный проект",20,Финальный проект: FastAPI-структура,12,IDE-задача,project,ide_plugin,120,3,50
5,"Модуль 5. AI-интеграция, деплой и финальный проект",20,Финальный проект: FastAPI-структура,13,Закрепление,test,quiz_single,25,2,10
5,"Модуль 5. AI-интеграция, деплой и финальный проект",20,Финальный проект: FastAPI-структура,14,Итоги,summary,,15,1,10
5,"Модуль 5. AI-интеграция, деплой и финальный проект",21,Финальный проект: SQLAlchemy models,1,Смысл,theory,,25,2,18
5,"Модуль 5. AI-интеграция, деплой и финальный проект",21,Финальный проект: SQLAlchemy models,2,Минимальный пример,theory,,25,2,18
5,"Модуль 5. AI-интеграция, деплой и финальный проект",21,Финальный проект: SQLAlchemy models,3,Понимание,test,quiz_single,25,2,10
5,"Модуль 5. AI-интеграция, деплой и финальный проект",21,Финальный проект: SQLAlchemy models,4,Команда,practice,ide_plugin,90,3,32
5,"Модуль 5. AI-интеграция, деплой и финальный проект",21,Финальный проект: SQLAlchemy models,5,IDE-задача,project,ide_plugin,120,3,50
5,"Модуль 5. AI-интеграция, деплой и финальный проект",21,Финальный проект: SQLAlchemy models,6,Команда,practice,ide_plugin,90,3,32
5,"Модуль 5. AI-интеграция, деплой и финальный проект",21,Финальный проект: SQLAlchemy models,7,IDE-задача,project,ide_plugin,120,3,50
5,"Модуль 5. AI-интеграция, деплой и финальный проект",21,Финальный проект: SQLAlchemy models,8,Команда,practice,ide_plugin,90,3,32
5,"Модуль 5. AI-интеграция, деплой и финальный проект",21,Финальный проект: SQLAlchemy models,9,IDE-задача,project,ide_plugin,120,3,50
5,"Модуль 5. AI-интеграция, деплой и финальный проект",21,Финальный проект: SQLAlchemy models,10,Команда,practice,ide_plugin,90,3,32
5,"Модуль 5. AI-интеграция, деплой и финальный проект",21,Финальный проект: SQLAlchemy models,11,IDE-задача,project,ide_plugin,120,3,50
5,"Модуль 5. AI-интеграция, деплой и финальный проект",21,Финальный проект: SQLAlchemy models,12,IDE-задача,project,ide_plugin,120,3,50
5,"Модуль 5. AI-интеграция, деплой и финальный проект",21,Финальный проект: SQLAlchemy models,13,Закрепление,test,quiz_single,25,2,10
5,"Модуль 5. AI-интеграция, деплой и финальный проект",21,Финальный проект: SQLAlchemy models,14,Итоги,summary,,15,1,10
5,"Модуль 5. AI-интеграция, деплой и финальный проект",22,Финальный проект: Alembic migrations,1,Смысл,theory,,25,2,18
5,"Модуль 5. AI-интеграция, деплой и финальный проект",22,Финальный проект: Alembic migrations,2,Минимальный пример,theory,,25,2,18
5,"Модуль 5. AI-интеграция, деплой и финальный проект",22,Финальный проект: Alembic migrations,3,Понимание,test,quiz_single,25,2,10
5,"Модуль 5. AI-интеграция, деплой и финальный проект",22,Финальный проект: Alembic migrations,4,Команда,practice,ide_plugin,90,3,32
5,"Модуль 5. AI-интеграция, деплой и финальный проект",22,Финальный проект: Alembic migrations,5,IDE-задача,project,ide_plugin,120,3,50
5,"Модуль 5. AI-интеграция, деплой и финальный проект",22,Финальный проект: Alembic migrations,6,Команда,practice,ide_plugin,90,3,32
5,"Модуль 5. AI-интеграция, деплой и финальный проект",22,Финальный проект: Alembic migrations,7,IDE-задача,project,ide_plugin,120,3,50
5,"Модуль 5. AI-интеграция, деплой и финальный проект",22,Финальный проект: Alembic migrations,8,Команда,practice,ide_plugin,90,3,32
5,"Модуль 5. AI-интеграция, деплой и финальный проект",22,Финальный проект: Alembic migrations,9,IDE-задача,project,ide_plugin,120,3,50
5,"Модуль 5. AI-интеграция, деплой и финальный проект",22,Финальный проект: Alembic migrations,10,Команда,practice,ide_plugin,90,3,32
5,"Модуль 5. AI-интеграция, деплой и финальный проект",22,Финальный проект: Alembic migrations,11,IDE-задача,project,ide_plugin,120,3,50
5,"Модуль 5. AI-интеграция, деплой и финальный проект",22,Финальный проект: Alembic migrations,12,IDE-задача,project,ide_plugin,120,3,50
5,"Модуль 5. AI-интеграция, деплой и финальный проект",22,Финальный проект: Alembic migrations,13,Закрепление,test,quiz_single,25,2,10
5,"Модуль 5. AI-интеграция, деплой и финальный проект",22,Финальный проект: Alembic migrations,14,Итоги,summary,,15,1,10
5,"Модуль 5. AI-интеграция, деплой и финальный проект",23,Финальный проект: Auth,1,Смысл,theory,,25,2,18
5,"Модуль 5. AI-интеграция, деплой и финальный проект",23,Финальный проект: Auth,2,Минимальный пример,theory,,25,2,18
5,"Модуль 5. AI-интеграция, деплой и финальный проект",23,Финальный проект: Auth,3,Понимание,test,quiz_single,25,2,10
5,"Модуль 5. AI-интеграция, деплой и финальный проект",23,Финальный проект: Auth,4,Команда,practice,ide_plugin,90,3,32
5,"Модуль 5. AI-интеграция, деплой и финальный проект",23,Финальный проект: Auth,5,IDE-задача,project,ide_plugin,120,3,50
5,"Модуль 5. AI-интеграция, деплой и финальный проект",23,Финальный проект: Auth,6,Команда,practice,ide_plugin,90,3,32
5,"Модуль 5. AI-интеграция, деплой и финальный проект",23,Финальный проект: Auth,7,IDE-задача,project,ide_plugin,120,3,50
5,"Модуль 5. AI-интеграция, деплой и финальный проект",23,Финальный проект: Auth,8,Команда,practice,ide_plugin,90,3,32
5,"Модуль 5. AI-интеграция, деплой и финальный проект",23,Финальный проект: Auth,9,IDE-задача,project,ide_plugin,120,3,50
5,"Модуль 5. AI-интеграция, деплой и финальный проект",23,Финальный проект: Auth,10,Команда,practice,ide_plugin,90,3,32
5,"Модуль 5. AI-интеграция, деплой и финальный проект",23,Финальный проект: Auth,11,IDE-задача,project,ide_plugin,120,3,50
5,"Модуль 5. AI-интеграция, деплой и финальный проект",23,Финальный проект: Auth,12,IDE-задача,project,ide_plugin,120,3,50
5,"Модуль 5. AI-интеграция, деплой и финальный проект",23,Финальный проект: Auth,13,Закрепление,test,quiz_single,25,2,10
5,"Модуль 5. AI-интеграция, деплой и финальный проект",23,Финальный проект: Auth,14,Итоги,summary,,15,1,10
5,"Модуль 5. AI-интеграция, деплой и финальный проект",24,Финальный проект: CRUD,1,Смысл,theory,,25,2,18
5,"Модуль 5. AI-интеграция, деплой и финальный проект",24,Финальный проект: CRUD,2,Минимальный пример,theory,,25,2,18
5,"Модуль 5. AI-интеграция, деплой и финальный проект",24,Финальный проект: CRUD,3,Понимание,test,quiz_single,25,2,10
5,"Модуль 5. AI-интеграция, деплой и финальный проект",24,Финальный проект: CRUD,4,Команда,practice,ide_plugin,90,3,32
5,"Модуль 5. AI-интеграция, деплой и финальный проект",24,Финальный проект: CRUD,5,IDE-задача,project,ide_plugin,120,3,50
5,"Модуль 5. AI-интеграция, деплой и финальный проект",24,Финальный проект: CRUD,6,Команда,practice,ide_plugin,90,3,32
5,"Модуль 5. AI-интеграция, деплой и финальный проект",24,Финальный проект: CRUD,7,IDE-задача,project,ide_plugin,120,3,50
5,"Модуль 5. AI-интеграция, деплой и финальный проект",24,Финальный проект: CRUD,8,Команда,practice,ide_plugin,90,3,32
5,"Модуль 5. AI-интеграция, деплой и финальный проект",24,Финальный проект: CRUD,9,IDE-задача,project,ide_plugin,120,3,50
5,"Модуль 5. AI-интеграция, деплой и финальный проект",24,Финальный проект: CRUD,10,Команда,practice,ide_plugin,90,3,32
5,"Модуль 5. AI-интеграция, деплой и финальный проект",24,Финальный проект: CRUD,11,IDE-задача,project,ide_plugin,120,3,50
5,"Модуль 5. AI-интеграция, деплой и финальный проект",24,Финальный проект: CRUD,12,IDE-задача,project,ide_plugin,120,3,50
5,"Модуль 5. AI-интеграция, деплой и финальный проект",24,Финальный проект: CRUD,13,Закрепление,test,quiz_single,25,2,10
5,"Модуль 5. AI-интеграция, деплой и финальный проект",24,Финальный проект: CRUD,14,Итоги,summary,,15,1,10
5,"Модуль 5. AI-интеграция, деплой и финальный проект",25,Финальный проект: Tests,1,Смысл,theory,,25,2,18
5,"Модуль 5. AI-интеграция, деплой и финальный проект",25,Финальный проект: Tests,2,Минимальный пример,theory,,25,2,18
5,"Модуль 5. AI-интеграция, деплой и финальный проект",25,Финальный проект: Tests,3,Понимание,test,quiz_single,25,2,10
5,"Модуль 5. AI-интеграция, деплой и финальный проект",25,Финальный проект: Tests,4,Команда,practice,ide_plugin,90,3,32
5,"Модуль 5. AI-интеграция, деплой и финальный проект",25,Финальный проект: Tests,5,IDE-задача,project,ide_plugin,120,3,50
5,"Модуль 5. AI-интеграция, деплой и финальный проект",25,Финальный проект: Tests,6,Команда,practice,ide_plugin,90,3,32
5,"Модуль 5. AI-интеграция, деплой и финальный проект",25,Финальный проект: Tests,7,IDE-задача,project,ide_plugin,120,3,50
5,"Модуль 5. AI-интеграция, деплой и финальный проект",25,Финальный проект: Tests,8,Команда,practice,ide_plugin,90,3,32
5,"Модуль 5. AI-интеграция, деплой и финальный проект",25,Финальный проект: Tests,9,IDE-задача,project,ide_plugin,120,3,50
5,"Модуль 5. AI-интеграция, деплой и финальный проект",25,Финальный проект: Tests,10,Команда,practice,ide_plugin,90,3,32
5,"Модуль 5. AI-интеграция, деплой и финальный проект",25,Финальный проект: Tests,11,IDE-задача,project,ide_plugin,120,3,50
5,"Модуль 5. AI-интеграция, деплой и финальный проект",25,Финальный проект: Tests,12,IDE-задача,project,ide_plugin,120,3,50
5,"Модуль 5. AI-интеграция, деплой и финальный проект",25,Финальный проект: Tests,13,Закрепление,test,quiz_single,25,2,10
5,"Модуль 5. AI-интеграция, деплой и финальный проект",25,Финальный проект: Tests,14,Итоги,summary,,15,1,10
5,"Модуль 5. AI-интеграция, деплой и финальный проект",26,Финальный проект: Docker,1,Смысл,theory,,25,2,18
5,"Модуль 5. AI-интеграция, деплой и финальный проект",26,Финальный проект: Docker,2,Минимальный пример,theory,,25,2,18
5,"Модуль 5. AI-интеграция, деплой и финальный проект",26,Финальный проект: Docker,3,Понимание,test,quiz_single,25,2,10
5,"Модуль 5. AI-интеграция, деплой и финальный проект",26,Финальный проект: Docker,4,Команда,practice,ide_plugin,90,3,32
5,"Модуль 5. AI-интеграция, деплой и финальный проект",26,Финальный проект: Docker,5,IDE-задача,project,ide_plugin,120,3,50
5,"Модуль 5. AI-интеграция, деплой и финальный проект",26,Финальный проект: Docker,6,Команда,practice,ide_plugin,90,3,32
5,"Модуль 5. AI-интеграция, деплой и финальный проект",26,Финальный проект: Docker,7,IDE-задача,project,ide_plugin,120,3,50
5,"Модуль 5. AI-интеграция, деплой и финальный проект",26,Финальный проект: Docker,8,Команда,practice,ide_plugin,90,3,32
5,"Модуль 5. AI-интеграция, деплой и финальный проект",26,Финальный проект: Docker,9,IDE-задача,project,ide_plugin,120,3,50
5,"Модуль 5. AI-интеграция, деплой и финальный проект",26,Финальный проект: Docker,10,Команда,practice,ide_plugin,90,3,32
5,"Модуль 5. AI-интеграция, деплой и финальный проект",26,Финальный проект: Docker,11,IDE-задача,project,ide_plugin,120,3,50
5,"Модуль 5. AI-интеграция, деплой и финальный проект",26,Финальный проект: Docker,12,IDE-задача,project,ide_plugin,120,3,50
5,"Модуль 5. AI-интеграция, деплой и финальный проект",26,Финальный проект: Docker,13,Закрепление,test,quiz_single,25,2,10
5,"Модуль 5. AI-интеграция, деплой и финальный проект",26,Финальный проект: Docker,14,Итоги,summary,,15,1,10
5,"Модуль 5. AI-интеграция, деплой и финальный проект",27,Финальный проект: CI/CD,1,Смысл,theory,,25,2,18
5,"Модуль 5. AI-интеграция, деплой и финальный проект",27,Финальный проект: CI/CD,2,Минимальный пример,theory,,25,2,18
5,"Модуль 5. AI-интеграция, деплой и финальный проект",27,Финальный проект: CI/CD,3,Понимание,test,quiz_single,25,2,10
5,"Модуль 5. AI-интеграция, деплой и финальный проект",27,Финальный проект: CI/CD,4,Команда,practice,ide_plugin,90,3,32
5,"Модуль 5. AI-интеграция, деплой и финальный проект",27,Финальный проект: CI/CD,5,IDE-задача,project,ide_plugin,120,3,50
5,"Модуль 5. AI-интеграция, деплой и финальный проект",27,Финальный проект: CI/CD,6,Команда,practice,ide_plugin,90,3,32
5,"Модуль 5. AI-интеграция, деплой и финальный проект",27,Финальный проект: CI/CD,7,IDE-задача,project,ide_plugin,120,3,50
5,"Модуль 5. AI-интеграция, деплой и финальный проект",27,Финальный проект: CI/CD,8,Команда,practice,ide_plugin,90,3,32
5,"Модуль 5. AI-интеграция, деплой и финальный проект",27,Финальный проект: CI/CD,9,IDE-задача,project,ide_plugin,120,3,50
5,"Модуль 5. AI-интеграция, деплой и финальный проект",27,Финальный проект: CI/CD,10,Команда,practice,ide_plugin,90,3,32
5,"Модуль 5. AI-интеграция, деплой и финальный проект",27,Финальный проект: CI/CD,11,IDE-задача,project,ide_plugin,120,3,50
5,"Модуль 5. AI-интеграция, деплой и финальный проект",27,Финальный проект: CI/CD,12,IDE-задача,project,ide_plugin,120,3,50
5,"Модуль 5. AI-интеграция, деплой и финальный проект",27,Финальный проект: CI/CD,13,Закрепление,test,quiz_single,25,2,10
5,"Модуль 5. AI-интеграция, деплой и финальный проект",27,Финальный проект: CI/CD,14,Итоги,summary,,15,1,10
5,"Модуль 5. AI-интеграция, деплой и финальный проект",28,Финальный проект: AI integration,1,Смысл,theory,,25,2,18
5,"Модуль 5. AI-интеграция, деплой и финальный проект",28,Финальный проект: AI integration,2,Минимальный пример,theory,,25,2,18
5,"Модуль 5. AI-интеграция, деплой и финальный проект",28,Финальный проект: AI integration,3,Понимание,test,quiz_single,25,2,10
5,"Модуль 5. AI-интеграция, деплой и финальный проект",28,Финальный проект: AI integration,4,Команда,practice,ide_plugin,90,3,32
5,"Модуль 5. AI-интеграция, деплой и финальный проект",28,Финальный проект: AI integration,5,IDE-задача,project,ide_plugin,120,3,50
5,"Модуль 5. AI-интеграция, деплой и финальный проект",28,Финальный проект: AI integration,6,Команда,practice,ide_plugin,90,3,32
5,"Модуль 5. AI-интеграция, деплой и финальный проект",28,Финальный проект: AI integration,7,IDE-задача,project,ide_plugin,120,3,50
5,"Модуль 5. AI-интеграция, деплой и финальный проект",28,Финальный проект: AI integration,8,Команда,practice,ide_plugin,90,3,32
5,"Модуль 5. AI-интеграция, деплой и финальный проект",28,Финальный проект: AI integration,9,IDE-задача,project,ide_plugin,120,3,50
5,"Модуль 5. AI-интеграция, деплой и финальный проект",28,Финальный проект: AI integration,10,Команда,practice,ide_plugin,90,3,32
5,"Модуль 5. AI-интеграция, деплой и финальный проект",28,Финальный проект: AI integration,11,IDE-задача,project,ide_plugin,120,3,50
5,"Модуль 5. AI-интеграция, деплой и финальный проект",28,Финальный проект: AI integration,12,IDE-задача,project,ide_plugin,120,3,50
5,"Модуль 5. AI-интеграция, деплой и финальный проект",28,Финальный проект: AI integration,13,Закрепление,test,quiz_single,25,2,10
5,"Модуль 5. AI-интеграция, деплой и финальный проект",28,Финальный проект: AI integration,14,Итоги,summary,,15,1,10
5,"Модуль 5. AI-интеграция, деплой и финальный проект",29,Финальный проект: Logging,1,Смысл,theory,,25,2,18
5,"Модуль 5. AI-интеграция, деплой и финальный проект",29,Финальный проект: Logging,2,Минимальный пример,theory,,25,2,18
5,"Модуль 5. AI-интеграция, деплой и финальный проект",29,Финальный проект: Logging,3,Понимание,test,quiz_single,25,2,10
5,"Модуль 5. AI-интеграция, деплой и финальный проект",29,Финальный проект: Logging,4,Команда,practice,ide_plugin,90,3,32
5,"Модуль 5. AI-интеграция, деплой и финальный проект",29,Финальный проект: Logging,5,IDE-задача,project,ide_plugin,120,3,50
5,"Модуль 5. AI-интеграция, деплой и финальный проект",29,Финальный проект: Logging,6,Команда,practice,ide_plugin,90,3,32
5,"Модуль 5. AI-интеграция, деплой и финальный проект",29,Финальный проект: Logging,7,IDE-задача,project,ide_plugin,120,3,50
5,"Модуль 5. AI-интеграция, деплой и финальный проект",29,Финальный проект: Logging,8,Команда,practice,ide_plugin,90,3,32
5,"Модуль 5. AI-интеграция, деплой и финальный проект",29,Финальный проект: Logging,9,IDE-задача,project,ide_plugin,120,3,50
5,"Модуль 5. AI-интеграция, деплой и финальный проект",29,Финальный проект: Logging,10,Команда,practice,ide_plugin,90,3,32
5,"Модуль 5. AI-интеграция, деплой и финальный проект",29,Финальный проект: Logging,11,IDE-задача,project,ide_plugin,120,3,50
5,"Модуль 5. AI-интеграция, деплой и финальный проект",29,Финальный проект: Logging,12,IDE-задача,project,ide_plugin,120,3,50
5,"Модуль 5. AI-интеграция, деплой и финальный проект",29,Финальный проект: Logging,13,Закрепление,test,quiz_single,25,2,10
5,"Модуль 5. AI-интеграция, деплой и финальный проект",29,Финальный проект: Logging,14,Итоги,summary,,15,1,10
5,"Модуль 5. AI-интеграция, деплой и финальный проект",30,Финальный проект: README,1,Смысл,theory,,25,2,18
5,"Модуль 5. AI-интеграция, деплой и финальный проект",30,Финальный проект: README,2,Минимальный пример,theory,,25,2,18
5,"Модуль 5. AI-интеграция, деплой и финальный проект",30,Финальный проект: README,3,Понимание,test,quiz_single,25,2,10
5,"Модуль 5. AI-интеграция, деплой и финальный проект",30,Финальный проект: README,4,Команда,practice,ide_plugin,90,3,32
5,"Модуль 5. AI-интеграция, деплой и финальный проект",30,Финальный проект: README,5,IDE-задача,project,ide_plugin,120,3,50
5,"Модуль 5. AI-интеграция, деплой и финальный проект",30,Финальный проект: README,6,Команда,practice,ide_plugin,90,3,32
5,"Модуль 5. AI-интеграция, деплой и финальный проект",30,Финальный проект: README,7,IDE-задача,project,ide_plugin,120,3,50
5,"Модуль 5. AI-интеграция, деплой и финальный проект",30,Финальный проект: README,8,Команда,practice,ide_plugin,90,3,32
5,"Модуль 5. AI-интеграция, деплой и финальный проект",30,Финальный проект: README,9,IDE-задача,project,ide_plugin,120,3,50
5,"Модуль 5. AI-интеграция, деплой и финальный проект",30,Финальный проект: README,10,Команда,practice,ide_plugin,90,3,32
5,"Модуль 5. AI-интеграция, деплой и финальный проект",30,Финальный проект: README,11,IDE-задача,project,ide_plugin,120,3,50
5,"Модуль 5. AI-интеграция, деплой и финальный проект",30,Финальный проект: README,12,IDE-задача,project,ide_plugin,120,3,50
5,"Модуль 5. AI-интеграция, деплой и финальный проект",30,Финальный проект: README,13,Закрепление,test,quiz_single,25,2,10
5,"Модуль 5. AI-интеграция, деплой и финальный проект",30,Финальный проект: README,14,Итоги,summary,,15,1,10
5,"Модуль 5. AI-интеграция, деплой и финальный проект",31,Финальный проект: Deploy,1,Смысл,theory,,25,2,18
5,"Модуль 5. AI-интеграция, деплой и финальный проект",31,Финальный проект: Deploy,2,Минимальный пример,theory,,25,2,18
5,"Модуль 5. AI-интеграция, деплой и финальный проект",31,Финальный проект: Deploy,3,Понимание,test,quiz_single,25,2,10
5,"Модуль 5. AI-интеграция, деплой и финальный проект",31,Финальный проект: Deploy,4,Команда,practice,ide_plugin,90,3,32
5,"Модуль 5. AI-интеграция, деплой и финальный проект",31,Финальный проект: Deploy,5,IDE-задача,project,ide_plugin,120,3,50
5,"Модуль 5. AI-интеграция, деплой и финальный проект",31,Финальный проект: Deploy,6,Команда,practice,ide_plugin,90,3,32
5,"Модуль 5. AI-интеграция, деплой и финальный проект",31,Финальный проект: Deploy,7,IDE-задача,project,ide_plugin,120,3,50
5,"Модуль 5. AI-интеграция, деплой и финальный проект",31,Финальный проект: Deploy,8,Команда,practice,ide_plugin,90,3,32
5,"Модуль 5. AI-интеграция, деплой и финальный проект",31,Финальный проект: Deploy,9,IDE-задача,project,ide_plugin,120,3,50
5,"Модуль 5. AI-интеграция, деплой и финальный проект",31,Финальный проект: Deploy,10,Команда,practice,ide_plugin,90,3,32
5,"Модуль 5. AI-интеграция, деплой и финальный проект",31,Финальный проект: Deploy,11,IDE-задача,project,ide_plugin,120,3,50
5,"Модуль 5. AI-интеграция, деплой и финальный проект",31,Финальный проект: Deploy,12,IDE-задача,project,ide_plugin,120,3,50
5,"Модуль 5. AI-интеграция, деплой и финальный проект",31,Финальный проект: Deploy,13,Закрепление,test,quiz_single,25,2,10
5,"Модуль 5. AI-интеграция, деплой и финальный проект",31,Финальный проект: Deploy,14,Итоги,summary,,15,1,10
5,"Модуль 5. AI-интеграция, деплой и финальный проект",32,Финальный проект: Final defense,1,Смысл,theory,,25,2,18
5,"Модуль 5. AI-интеграция, деплой и финальный проект",32,Финальный проект: Final defense,2,Минимальный пример,theory,,25,2,18
5,"Модуль 5. AI-интеграция, деплой и финальный проект",32,Финальный проект: Final defense,3,Понимание,test,quiz_single,25,2,10
5,"Модуль 5. AI-интеграция, деплой и финальный проект",32,Финальный проект: Final defense,4,Команда,practice,ide_plugin,90,3,32
5,"Модуль 5. AI-интеграция, деплой и финальный проект",32,Финальный проект: Final defense,5,IDE-задача,project,ide_plugin,120,3,50
5,"Модуль 5. AI-интеграция, деплой и финальный проект",32,Финальный проект: Final defense,6,Команда,practice,ide_plugin,90,3,32
5,"Модуль 5. AI-интеграция, деплой и финальный проект",32,Финальный проект: Final defense,7,IDE-задача,project,ide_plugin,120,3,50
5,"Модуль 5. AI-интеграция, деплой и финальный проект",32,Финальный проект: Final defense,8,Команда,practice,ide_plugin,90,3,32
5,"Модуль 5. AI-интеграция, деплой и финальный проект",32,Финальный проект: Final defense,9,IDE-задача,project,ide_plugin,120,3,50
5,"Модуль 5. AI-интеграция, деплой и финальный проект",32,Финальный проект: Final defense,10,Команда,practice,ide_plugin,90,3,32
5,"Модуль 5. AI-интеграция, деплой и финальный проект",32,Финальный проект: Final defense,11,IDE-задача,project,ide_plugin,120,3,50
5,"Модуль 5. AI-интеграция, деплой и финальный проект",32,Финальный проект: Final defense,12,IDE-задача,project,ide_plugin,120,3,50
5,"Модуль 5. AI-интеграция, деплой и финальный проект",32,Финальный проект: Final defense,13,Закрепление,test,quiz_single,25,2,10
5,"Модуль 5. AI-интеграция, деплой и финальный проект",32,Финальный проект: Final defense,14,Итоги,summary,,15,1,10
