module_order,module_title,lesson_order,lesson_title,step_order,step_title,step_type,checker_type,xp,difficulty,estimated_minutes
1,"Модуль 1. Python Core, терминал, Git",1,Первый код,1,Смысл,theory,,10,1,7
1,"Модуль 1. Python Core, терминал, Git",1,Первый код,2,Что делает print,test,quiz_single,25,1,5
1,"Модуль 1. Python Core, терминал, Git",1,Первый код,3,Запусти пример,practice,python_stdout,35,1,6
1,"Модуль 1. Python Core, терминал, Git",1,Первый код,4,Первый вывод,practice,python_stdout,49,1,8
1,"Модуль 1. Python Core, терминал, Git",1,Первый код,5,Две строки,practice,python_stdout,50,1,8
1,"Модуль 1. Python Core, терминал, Git",1,Первый код,6,Порядок строк,practice,python_stdout,51,1,8
1,"Модуль 1. Python Core, терминал, Git",1,Первый код,7,Кавычки,theory,,10,1,6
1,"Модуль 1. Python Core, терминал, Git",1,Первый код,8,Математика,practice,python_stdout,53,1,8
1,"Модуль 1. Python Core, терминал, Git",1,Первый код,9,Имя,practice,python_stdout,54,1,8
1,"Модуль 1. Python Core, терминал, Git",1,Первый код,10,Сначала создать,practice,python_stdout,55,1,8
1,"Модуль 1. Python Core, терминал, Git",1,Первый код,11,Переменная,theory,,10,1,6
1,"Модуль 1. Python Core, терминал, Git",1,Первый код,12,Анкета,practice,python_stdout,57,1,8
1,"Модуль 1. Python Core, терминал, Git",1,Первый код,13,Лишний текст,practice,python_stdout,58,1,8
1,"Модуль 1. Python Core, терминал, Git",1,Первый код,14,Мини-чеклист,practice,python_stdout,59,1,8
1,"Модуль 1. Python Core, терминал, Git",1,Первый код,15,Точный вывод,theory,,10,1,6
1,"Модуль 1. Python Core, терминал, Git",1,Первый код,16,Контроль урока,test,quiz_single,50,1,10
1,"Модуль 1. Python Core, терминал, Git",1,Первый код,17,Переменная,practice,python_stdout,90,3,28
1,"Модуль 1. Python Core, терминал, Git",1,Первый код,18,Без лишнего текста,practice,python_stdout,90,3,28
1,"Модуль 1. Python Core, терминал, Git",1,Первый код,19,Порядок команд,practice,python_stdout,90,3,28
1,"Модуль 1. Python Core, терминал, Git",1,Первый код,20,Мини-проект,project,ide_plugin,130,4,45
1,"Модуль 1. Python Core, терминал, Git",1,Первый код,21,Итоги,summary,,20,1,8
1,"Модуль 1. Python Core, терминал, Git",2,Ввод и числа,1,Смысл,theory,,20,2,16
1,"Модуль 1. Python Core, терминал, Git",2,Ввод и числа,2,Минимальный пример,theory,,20,2,14
1,"Модуль 1. Python Core, терминал, Git",2,Ввод и числа,3,Понимание,test,quiz_single,25,2,8
1,"Модуль 1. Python Core, терминал, Git",2,Ввод и числа,4,Округление,practice,python_stdout,70,2,24
1,"Модуль 1. Python Core, терминал, Git",2,Ввод и числа,5,Следующий год,practice,python_stdout,70,3,24
1,"Модуль 1. Python Core, терминал, Git",2,Ввод и числа,6,Сумма,practice,python_stdout,70,2,24
1,"Модуль 1. Python Core, терминал, Git",2,Ввод и числа,7,Цена,practice,python_stdout,70,3,24
1,"Модуль 1. Python Core, терминал, Git",2,Ввод и числа,8,Деление,practice,python_stdout,70,2,24
1,"Модуль 1. Python Core, терминал, Git",2,Ввод и числа,9,Закрепление,test,quiz_single,25,2,8
1,"Модуль 1. Python Core, терминал, Git",2,Ввод и числа,10,Работа в IDE,project,ide_plugin,120,3,45
1,"Модуль 1. Python Core, терминал, Git",2,Ввод и числа,11,Итоги,summary,,20,1,8
1,"Модуль 1. Python Core, терминал, Git",3,Строки,1,Смысл,theory,,20,2,16
1,"Модуль 1. Python Core, терминал, Git",3,Строки,2,Минимальный пример,theory,,20,2,14
1,"Модуль 1. Python Core, терминал, Git",3,Строки,3,Понимание,test,quiz_single,25,2,8
1,"Модуль 1. Python Core, терминал, Git",3,Строки,4,Склейка,practice,python_stdout,70,2,24
1,"Модуль 1. Python Core, терминал, Git",3,Строки,5,Края строки,practice,python_stdout,70,3,24
1,"Модуль 1. Python Core, терминал, Git",3,Строки,6,Регистр,practice,python_stdout,70,2,24
1,"Модуль 1. Python Core, терминал, Git",3,Строки,7,Срез,practice,python_stdout,70,3,24
1,"Модуль 1. Python Core, терминал, Git",3,Строки,8,Замена,practice,python_stdout,70,2,24
1,"Модуль 1. Python Core, терминал, Git",3,Строки,9,Закрепление,test,quiz_single,25,2,8
1,"Модуль 1. Python Core, терминал, Git",3,Строки,10,Работа в IDE,project,ide_plugin,120,3,45
1,"Модуль 1. Python Core, терминал, Git",3,Строки,11,Итоги,summary,,20,1,8
1,"Модуль 1. Python Core, терминал, Git",4,bool и None,1,Смысл,theory,,20,2,16
1,"Модуль 1. Python Core, терминал, Git",4,bool и None,2,Минимальный пример,theory,,20,2,14
1,"Модуль 1. Python Core, терминал, Git",4,bool и None,3,Понимание,test,quiz_single,25,2,8
1,"Модуль 1. Python Core, терминал, Git",4,bool и None,4,Логическое и,practice,python_stdout,70,2,24
1,"Модуль 1. Python Core, терминал, Git",4,bool и None,5,Пустая строка,practice,python_stdout,70,3,24
1,"Модуль 1. Python Core, терминал, Git",4,bool и None,6,None,practice,python_stdout,70,2,24
1,"Модуль 1. Python Core, терминал, Git",4,bool и None,7,Явное сравнение,practice,python_stdout,70,3,24
1,"Модуль 1. Python Core, терминал, Git",4,bool и None,8,Не равно,practice,python_stdout,70,2,24
1,"Модуль 1. Python Core, терминал, Git",4,bool и None,9,Закрепление,test,quiz_single,25,2,8
1,"Модуль 1. Python Core, терминал, Git",4,bool и None,10,Работа в IDE,project,ide_plugin,120,3,45
1,"Модуль 1. Python Core, терминал, Git",4,bool и None,11,Итоги,summary,,20,1,8
1,"Модуль 1. Python Core, терминал, Git",5,Условия,1,Смысл,theory,,20,2,16
1,"Модуль 1. Python Core, терминал, Git",5,Условия,2,Минимальный пример,theory,,20,2,14
1,"Модуль 1. Python Core, терминал, Git",5,Условия,3,Понимание,test,quiz_single,25,2,8
1,"Модуль 1. Python Core, терминал, Git",5,Условия,4,Вложенная проверка,practice,python_stdout,70,2,24
1,"Модуль 1. Python Core, терминал, Git",5,Условия,5,Возраст,practice,python_stdout,70,3,24
1,"Модуль 1. Python Core, терминал, Git",5,Условия,6,Статус,practice,python_stdout,70,2,24
1,"Модуль 1. Python Core, терминал, Git",5,Условия,7,Guard,practice,python_stdout,70,3,24
1,"Модуль 1. Python Core, терминал, Git",5,Условия,8,Диапазон,practice,python_stdout,70,2,24
1,"Модуль 1. Python Core, терминал, Git",5,Условия,9,Закрепление,test,quiz_single,25,2,8
1,"Модуль 1. Python Core, терминал, Git",5,Условия,10,Работа в IDE,project,ide_plugin,120,3,45
1,"Модуль 1. Python Core, терминал, Git",5,Условия,11,Итоги,summary,,20,1,8
1,"Модуль 1. Python Core, терминал, Git",6,Типы и память,1,Смысл,theory,,20,2,16
1,"Модуль 1. Python Core, терминал, Git",6,Типы и память,2,Минимальный пример,theory,,20,2,14
1,"Модуль 1. Python Core, терминал, Git",6,Типы и память,3,Понимание,test,quiz_single,25,2,8
1,"Модуль 1. Python Core, терминал, Git",6,Типы и память,4,Str,practice,python_stdout,70,2,24
1,"Модуль 1. Python Core, терминал, Git",6,Типы и память,5,Тип,practice,python_stdout,70,3,24
1,"Модуль 1. Python Core, терминал, Git",6,Типы и память,6,Строка плюс число,practice,python_stdout,70,2,24
1,"Модуль 1. Python Core, терминал, Git",6,Типы и память,7,Копия значения,practice,python_stdout,70,3,24
1,"Модуль 1. Python Core, терминал, Git",6,Типы и память,8,Float,practice,python_stdout,70,2,24
1,"Модуль 1. Python Core, терминал, Git",6,Типы и память,9,Закрепление,test,quiz_single,25,2,8
1,"Модуль 1. Python Core, терминал, Git",6,Типы и память,10,Работа в IDE,project,ide_plugin,120,3,45
1,"Модуль 1. Python Core, терминал, Git",6,Типы и память,11,Итоги,summary,,20,1,8
1,"Модуль 1. Python Core, терминал, Git",7,Циклы,1,Смысл,theory,,20,2,16
1,"Модуль 1. Python Core, терминал, Git",7,Циклы,2,Минимальный пример,theory,,20,2,14
1,"Модуль 1. Python Core, терминал, Git",7,Циклы,3,Понимание,test,quiz_single,25,2,8
1,"Модуль 1. Python Core, терминал, Git",7,Циклы,4,Continue,practice,python_stdout,70,2,24
1,"Модуль 1. Python Core, терминал, Git",7,Циклы,5,Range,practice,python_stdout,70,3,24
1,"Модуль 1. Python Core, терминал, Git",7,Циклы,6,Сумма цикла,practice,python_stdout,70,2,24
1,"Модуль 1. Python Core, терминал, Git",7,Циклы,7,While,practice,python_stdout,70,3,24
1,"Модуль 1. Python Core, терминал, Git",7,Циклы,8,Break,practice,python_stdout,70,2,24
1,"Модуль 1. Python Core, терминал, Git",7,Циклы,9,Закрепление,test,quiz_single,25,2,8
1,"Модуль 1. Python Core, терминал, Git",7,Циклы,10,Работа в IDE,project,ide_plugin,120,3,45
1,"Модуль 1. Python Core, терминал, Git",7,Циклы,11,Итоги,summary,,20,1,8
1,"Модуль 1. Python Core, терминал, Git",8,Списки,1,Смысл,theory,,20,2,16
1,"Модуль 1. Python Core, терминал, Git",8,Списки,2,Минимальный пример,theory,,20,2,14
1,"Модуль 1. Python Core, терминал, Git",8,Списки,3,Понимание,test,quiz_single,25,2,8
1,"Модуль 1. Python Core, терминал, Git",8,Списки,4,Мутация,practice,python_stdout,70,2,24
1,"Модуль 1. Python Core, терминал, Git",8,Списки,5,Индекс,practice,python_stdout,70,3,24
1,"Модуль 1. Python Core, терминал, Git",8,Списки,6,Append,practice,python_stdout,70,2,24
1,"Модуль 1. Python Core, терминал, Git",8,Списки,7,Копия,practice,python_stdout,70,3,24
1,"Модуль 1. Python Core, терминал, Git",8,Списки,8,Фильтр,practice,python_stdout,70,2,24
1,"Модуль 1. Python Core, терминал, Git",8,Списки,9,Закрепление,test,quiz_single,25,2,8
1,"Модуль 1. Python Core, терминал, Git",8,Списки,10,Работа в IDE,project,ide_plugin,120,3,45
1,"Модуль 1. Python Core, терминал, Git",8,Списки,11,Итоги,summary,,20,1,8
1,"Модуль 1. Python Core, терминал, Git",9,Функции,1,Смысл,theory,,20,2,16
1,"Модуль 1. Python Core, терминал, Git",9,Функции,2,Минимальный пример,theory,,20,2,14
1,"Модуль 1. Python Core, терминал, Git",9,Функции,3,Понимание,test,quiz_single,25,2,8
1,"Модуль 1. Python Core, терминал, Git",9,Функции,4,Build Label,practice,python_pytest,70,2,24
1,"Модуль 1. Python Core, терминал, Git",9,Функции,5,Keyword Summary,practice,python_pytest,70,3,24
1,"Модуль 1. Python Core, терминал, Git",9,Функции,6,Keyword Summary,practice,python_pytest,70,2,24
1,"Модуль 1. Python Core, терминал, Git",9,Функции,7,Shipping Total,practice,python_pytest,70,3,24
1,"Модуль 1. Python Core, терминал, Git",9,Функции,8,Shipping Total,practice,python_pytest,70,2,24
1,"Модуль 1. Python Core, терминал, Git",9,Функции,9,Закрепление,test,quiz_single,25,2,8
1,"Модуль 1. Python Core, терминал, Git",9,Функции,10,Работа в IDE,project,ide_plugin,120,3,45
1,"Модуль 1. Python Core, терминал, Git",9,Функции,11,Итоги,summary,,20,1,8
1,"Модуль 1. Python Core, терминал, Git",10,Кортежи,1,Смысл,theory,,20,2,16
1,"Модуль 1. Python Core, терминал, Git",10,Кортежи,2,Минимальный пример,theory,,20,2,14
1,"Модуль 1. Python Core, терминал, Git",10,Кортежи,3,Понимание,test,quiz_single,25,2,8
1,"Модуль 1. Python Core, терминал, Git",10,Кортежи,4,Unpack Status,practice,python_pytest,70,2,24
1,"Модуль 1. Python Core, терминал, Git",10,Кортежи,5,Swap Pair,practice,python_pytest,70,3,24
1,"Модуль 1. Python Core, терминал, Git",10,Кортежи,6,Unpack Status,practice,python_pytest,70,2,24
1,"Модуль 1. Python Core, терминал, Git",10,Кортежи,7,Swap Pair,practice,python_pytest,70,3,24
1,"Модуль 1. Python Core, терминал, Git",10,Кортежи,8,Swap Pair,practice,python_pytest,70,2,24
1,"Модуль 1. Python Core, терминал, Git",10,Кортежи,9,Закрепление,test,quiz_single,25,2,8
1,"Модуль 1. Python Core, терминал, Git",10,Кортежи,10,Работа в IDE,project,ide_plugin,120,3,45
1,"Модуль 1. Python Core, терминал, Git",10,Кортежи,11,Итоги,summary,,20,1,8
1,"Модуль 1. Python Core, терминал, Git",11,Множества,1,Смысл,theory,,20,2,16
1,"Модуль 1. Python Core, терминал, Git",11,Множества,2,Минимальный пример,theory,,20,2,14
1,"Модуль 1. Python Core, терминал, Git",11,Множества,3,Понимание,test,quiz_single,25,2,8
1,"Модуль 1. Python Core, терминал, Git",11,Множества,4,Missing Permissions,practice,python_pytest,70,2,24
1,"Модуль 1. Python Core, терминал, Git",11,Множества,5,Missing Permissions,practice,python_pytest,70,3,24
1,"Модуль 1. Python Core, терминал, Git",11,Множества,6,Is Subset,practice,python_pytest,70,2,24
1,"Модуль 1. Python Core, терминал, Git",11,Множества,7,Missing Permissions,practice,python_pytest,70,3,24
1,"Модуль 1. Python Core, терминал, Git",11,Множества,8,Missing Permissions,practice,python_pytest,70,2,24
1,"Модуль 1. Python Core, терминал, Git",11,Множества,9,Закрепление,test,quiz_single,25,2,8
1,"Модуль 1. Python Core, терминал, Git",11,Множества,10,Работа в IDE,project,ide_plugin,120,3,45
1,"Модуль 1. Python Core, терминал, Git",11,Множества,11,Итоги,summary,,20,1,8
1,"Модуль 1. Python Core, терминал, Git",12,Словари,1,Смысл,theory,,20,2,16
1,"Модуль 1. Python Core, терминал, Git",12,Словари,2,Минимальный пример,theory,,20,2,14
1,"Модуль 1. Python Core, терминал, Git",12,Словари,3,Понимание,test,quiz_single,25,2,8
1,"Модуль 1. Python Core, терминал, Git",12,Словари,4,Group By Owner,practice,python_pytest,70,2,24
1,"Модуль 1. Python Core, терминал, Git",12,Словари,5,Nested Email,practice,python_pytest,70,3,24
1,"Модуль 1. Python Core, терминал, Git",12,Словари,6,Nested Email,practice,python_pytest,70,2,24
1,"Модуль 1. Python Core, терминал, Git",12,Словари,7,Count Statuses,practice,python_pytest,70,3,24
1,"Модуль 1. Python Core, терминал, Git",12,Словари,8,Count Statuses,practice,python_pytest,70,2,24
1,"Модуль 1. Python Core, терминал, Git",12,Словари,9,Закрепление,test,quiz_single,25,2,8
1,"Модуль 1. Python Core, терминал, Git",12,Словари,10,Работа в IDE,project,ide_plugin,120,3,45
1,"Модуль 1. Python Core, терминал, Git",12,Словари,11,Итоги,summary,,20,1,8
1,"Модуль 1. Python Core, терминал, Git",13,map/filter/lambda,1,Смысл,theory,,20,2,16
1,"Модуль 1. Python Core, терминал, Git",13,map/filter/lambda,2,Минимальный пример,theory,,20,2,14
1,"Модуль 1. Python Core, терминал, Git",13,map/filter/lambda,3,Понимание,test,quiz_single,25,2,8
1,"Модуль 1. Python Core, терминал, Git",13,map/filter/lambda,4,Map Prices,practice,python_pytest,70,2,24
1,"Модуль 1. Python Core, терминал, Git",13,map/filter/lambda,5,Compose Filter Map,practice,python_pytest,70,3,24
1,"Модуль 1. Python Core, терминал, Git",13,map/filter/lambda,6,Lambda Default,practice,python_pytest,70,2,24
1,"Модуль 1. Python Core, терминал, Git",13,map/filter/lambda,7,Compose Filter Map,practice,python_pytest,70,3,24
1,"Модуль 1. Python Core, терминал, Git",13,map/filter/lambda,8,Map Prices,practice,python_pytest,70,2,24
1,"Модуль 1. Python Core, терминал, Git",13,map/filter/lambda,9,Закрепление,test,quiz_single,25,2,8
1,"Модуль 1. Python Core, терминал, Git",13,map/filter/lambda,10,Работа в IDE,project,ide_plugin,120,3,45
1,"Модуль 1. Python Core, терминал, Git",13,map/filter/lambda,11,Итоги,summary,,20,1,8
1,"Модуль 1. Python Core, терминал, Git",14,datetime,1,Смысл,theory,,20,2,16
1,"Модуль 1. Python Core, терминал, Git",14,datetime,2,Минимальный пример,theory,,20,2,14
1,"Модуль 1. Python Core, терминал, Git",14,datetime,3,Понимание,test,quiz_single,25,2,8
1,"Модуль 1. Python Core, терминал, Git",14,datetime,4,Add Minutes,practice,python_pytest,70,2,24
1,"Модуль 1. Python Core, терминал, Git",14,datetime,5,Month Key,practice,python_pytest,70,3,24
1,"Модуль 1. Python Core, терминал, Git",14,datetime,6,Parse Iso Date,practice,python_pytest,70,2,24
1,"Модуль 1. Python Core, терминал, Git",14,datetime,7,Parse Iso Date,practice,python_pytest,70,3,24
1,"Модуль 1. Python Core, терминал, Git",14,datetime,8,Add Minutes,practice,python_pytest,70,2,24
1,"Модуль 1. Python Core, терминал, Git",14,datetime,9,Закрепление,test,quiz_single,25,2,8
1,"Модуль 1. Python Core, терминал, Git",14,datetime,10,Работа в IDE,project,ide_plugin,120,3,45
1,"Модуль 1. Python Core, терминал, Git",14,datetime,11,Итоги,summary,,20,1,8
1,"Модуль 1. Python Core, терминал, Git",15,Итераторы,1,Смысл,theory,,20,2,16
1,"Модуль 1. Python Core, терминал, Git",15,Итераторы,2,Минимальный пример,theory,,20,2,14
1,"Модуль 1. Python Core, терминал, Git",15,Итераторы,3,Понимание,test,quiz_single,25,2,8
1,"Модуль 1. Python Core, терминал, Git",15,Итераторы,4,Take Until,practice,python_pytest,70,2,24
1,"Модуль 1. Python Core, терминал, Git",15,Итераторы,5,Iter Pages,practice,python_pytest,70,3,24
1,"Модуль 1. Python Core, терминал, Git",15,Итераторы,6,Next Or None,practice,python_pytest,70,2,24
1,"Модуль 1. Python Core, терминал, Git",15,Итераторы,7,Manual Iterator,practice,python_pytest,70,3,24
1,"Модуль 1. Python Core, терминал, Git",15,Итераторы,8,Iterator Exhausted,practice,python_pytest,70,2,24
1,"Модуль 1. Python Core, терминал, Git",15,Итераторы,9,Закрепление,test,quiz_single,25,2,8
1,"Модуль 1. Python Core, терминал, Git",15,Итераторы,10,Работа в IDE,project,ide_plugin,120,3,45
1,"Модуль 1. Python Core, терминал, Git",15,Итераторы,11,Итоги,summary,,20,1,8
1,"Модуль 1. Python Core, терминал, Git",16,Генераторы,1,Смысл,theory,,20,2,16
1,"Модуль 1. Python Core, терминал, Git",16,Генераторы,2,Минимальный пример,theory,,20,2,14
1,"Модуль 1. Python Core, терминал, Git",16,Генераторы,3,Понимание,test,quiz_single,25,2,8
1,"Модуль 1. Python Core, терминал, Git",16,Генераторы,4,Yield Non Empty,practice,python_pytest,70,2,24
1,"Модуль 1. Python Core, терминал, Git",16,Генераторы,5,Generator Expression,practice,python_pytest,70,3,24
1,"Модуль 1. Python Core, терминал, Git",16,Генераторы,6,Yield Batches,practice,python_pytest,70,2,24
1,"Модуль 1. Python Core, терминал, Git",16,Генераторы,7,Yield Non Empty,practice,python_pytest,70,3,24
1,"Модуль 1. Python Core, терминал, Git",16,Генераторы,8,Generator Expression,practice,python_pytest,70,2,24
1,"Модуль 1. Python Core, терминал, Git",16,Генераторы,9,Закрепление,test,quiz_single,25,2,8
1,"Модуль 1. Python Core, терминал, Git",16,Генераторы,10,Работа в IDE,project,ide_plugin,120,3,45
1,"Модуль 1. Python Core, терминал, Git",16,Генераторы,11,Итоги,summary,,20,1,8
1,"Модуль 1. Python Core, терминал, Git",17,Декораторы,1,Смысл,theory,,20,2,16
1,"Модуль 1. Python Core, терминал, Git",17,Декораторы,2,Минимальный пример,theory,,20,2,14
1,"Модуль 1. Python Core, терминал, Git",17,Декораторы,3,Понимание,test,quiz_single,25,2,8
1,"Модуль 1. Python Core, терминал, Git",17,Декораторы,4,Log Calls,practice,python_pytest,70,2,24
1,"Модуль 1. Python Core, терминал, Git",17,Декораторы,5,Retry Once Decorator,practice,python_pytest,70,3,24
1,"Модуль 1. Python Core, терминал, Git",17,Декораторы,6,With Prefix,practice,python_pytest,70,2,24
1,"Модуль 1. Python Core, терминал, Git",17,Декораторы,7,Retry Once Decorator,practice,python_pytest,70,3,24
1,"Модуль 1. Python Core, терминал, Git",17,Декораторы,8,Retry Once Decorator,practice,python_pytest,70,2,24
1,"Модуль 1. Python Core, терминал, Git",17,Декораторы,9,Закрепление,test,quiz_single,25,2,8
1,"Модуль 1. Python Core, терминал, Git",17,Декораторы,10,Работа в IDE,project,ide_plugin,120,3,45
1,"Модуль 1. Python Core, терминал, Git",17,Декораторы,11,Итоги,summary,,20,1,8
1,"Модуль 1. Python Core, терминал, Git",18,Контекстные менеджеры,1,Смысл,theory,,20,2,16
1,"Модуль 1. Python Core, терминал, Git",18,Контекстные менеджеры,2,Минимальный пример,theory,,20,2,14
1,"Модуль 1. Python Core, терминал, Git",18,Контекстные менеджеры,3,Понимание,test,quiz_single,25,2,8
1,"Модуль 1. Python Core, терминал, Git",18,Контекстные менеджеры,4,Suppress Key Error,practice,python_pytest,70,2,24
1,"Модуль 1. Python Core, терминал, Git",18,Контекстные менеджеры,5,Read First Line,practice,python_pytest,70,3,24
1,"Модуль 1. Python Core, терминал, Git",18,Контекстные менеджеры,6,Transaction Log,practice,python_pytest,70,2,24
1,"Модуль 1. Python Core, терминал, Git",18,Контекстные менеджеры,7,Suppress Key Error,practice,python_pytest,70,3,24
1,"Модуль 1. Python Core, терминал, Git",18,Контекстные менеджеры,8,Managed Flag,practice,python_pytest,70,2,24
1,"Модуль 1. Python Core, терминал, Git",18,Контекстные менеджеры,9,Закрепление,test,quiz_single,25,2,8
1,"Модуль 1. Python Core, терминал, Git",18,Контекстные менеджеры,10,Работа в IDE,project,ide_plugin,120,3,45
1,"Модуль 1. Python Core, терминал, Git",18,Контекстные менеджеры,11,Итоги,summary,,20,1,8
1,"Модуль 1. Python Core, терминал, Git",19,Исключения,1,Смысл,theory,,20,2,16
1,"Модуль 1. Python Core, терминал, Git",19,Исключения,2,Минимальный пример,theory,,20,2,14
1,"Модуль 1. Python Core, терминал, Git",19,Исключения,3,Понимание,test,quiz_single,25,2,8
1,"Модуль 1. Python Core, терминал, Git",19,Исключения,4,Finally Flag,practice,python_pytest,70,2,24
1,"Модуль 1. Python Core, терминал, Git",19,Исключения,5,Finally Flag,practice,python_pytest,70,3,24
1,"Модуль 1. Python Core, терминал, Git",19,Исключения,6,Parse Positive Int,practice,python_pytest,70,2,24
1,"Модуль 1. Python Core, терминал, Git",19,Исключения,7,Domain Error,practice,python_pytest,70,3,24
1,"Модуль 1. Python Core, терминал, Git",19,Исключения,8,Domain Error,practice,python_pytest,70,2,24
1,"Модуль 1. Python Core, терминал, Git",19,Исключения,9,Закрепление,test,quiz_single,25,2,8
1,"Модуль 1. Python Core, терминал, Git",19,Исключения,10,Работа в IDE,project,ide_plugin,120,3,45
1,"Модуль 1. Python Core, терминал, Git",19,Исключения,11,Итоги,summary,,20,1,8
1,"Модуль 1. Python Core, терминал, Git",20,AI для учёбы,1,Смысл,theory,,30,2,20
1,"Модуль 1. Python Core, терминал, Git",20,AI для учёбы,2,Минимальный пример,theory,,30,2,20
1,"Модуль 1. Python Core, терминал, Git",20,AI для учёбы,3,Понимание,test,quiz_single,30,2,10
1,"Модуль 1. Python Core, терминал, Git",20,AI для учёбы,4,вопрос без готового решения,practice,python_pytest,95,3,32
1,"Модуль 1. Python Core, терминал, Git",20,AI для учёбы,5,timeout retry workflow,practice,python_pytest,95,3,32
1,"Модуль 1. Python Core, терминал, Git",20,AI для учёбы,6,timeout retry workflow,practice,python_pytest,95,3,32
1,"Модуль 1. Python Core, терминал, Git",20,AI для учёбы,7,JSON schema validation,practice,python_pytest,95,3,32
1,"Модуль 1. Python Core, терминал, Git",20,AI для учёбы,8,rate limit and cost guard,practice,python_pytest,95,3,32
1,"Модуль 1. Python Core, терминал, Git",20,AI для учёбы,9,retrieval with source citation,practice,python_pytest,95,3,32
1,"Модуль 1. Python Core, терминал, Git",20,AI для учёбы,10,retrieval with source citation,practice,python_pytest,95,3,32
1,"Модуль 1. Python Core, терминал, Git",20,AI для учёбы,11,safe vibe code review,practice,python_pytest,95,3,32
1,"Модуль 1. Python Core, терминал, Git",20,AI для учёбы,12,Закрепление,test,quiz_single,30,2,10
1,"Модуль 1. Python Core, терминал, Git",20,AI для учёбы,13,AI-модуль,project,ide_plugin,145,4,60
1,"Модуль 1. Python Core, терминал, Git",20,AI для учёбы,14,"state, node и transition",practice,python_pytest,105,4,34
1,"Модуль 1. Python Core, терминал, Git",20,AI для учёбы,15,diff review и secret scan,practice,python_pytest,105,4,34
1,"Модуль 1. Python Core, терминал, Git",20,AI для учёбы,16,уточняющий prompt и проверка ответа,practice,python_pytest,105,4,34
1,"Модуль 1. Python Core, терминал, Git",20,AI для учёбы,17,Итоги,summary,,20,1,8
1,"Модуль 1. Python Core, терминал, Git",21,Как работает компьютер,1,Смысл,theory,,25,2,16
1,"Модуль 1. Python Core, терминал, Git",21,Как работает компьютер,2,Минимальный пример,theory,,25,2,14
1,"Модуль 1. Python Core, терминал, Git",21,Как работает компьютер,3,Понимание,test,quiz_single,25,2,8
1,"Модуль 1. Python Core, терминал, Git",21,Как работает компьютер,4,Практика 4,practice,ide_plugin,90,3,30
1,"Модуль 1. Python Core, терминал, Git",21,Как работает компьютер,5,Проект 5,project,ide_plugin,125,3,50
1,"Модуль 1. Python Core, терминал, Git",21,Как работает компьютер,6,Практика 6,practice,ide_plugin,90,3,30
1,"Модуль 1. Python Core, терминал, Git",21,Как работает компьютер,7,Проект 7,project,ide_plugin,125,3,50
1,"Модуль 1. Python Core, терминал, Git",21,Как работает компьютер,8,Практика 8,practice,ide_plugin,90,3,30
1,"Модуль 1. Python Core, терминал, Git",21,Как работает компьютер,9,Проект 9,project,ide_plugin,125,3,50
1,"Модуль 1. Python Core, терминал, Git",21,Как работает компьютер,10,Практика 10,practice,ide_plugin,90,3,30
1,"Модуль 1. Python Core, терминал, Git",21,Как работает компьютер,11,Проект 11,project,ide_plugin,125,3,50
1,"Модуль 1. Python Core, терминал, Git",21,Как работает компьютер,12,Проект 12,project,ide_plugin,125,3,50
1,"Модуль 1. Python Core, терминал, Git",21,Как работает компьютер,13,Закрепление,test,quiz_single,25,2,8
1,"Модуль 1. Python Core, терминал, Git",21,Как работает компьютер,14,Debug gate,practice,ide_plugin,105,4,36
1,"Модуль 1. Python Core, терминал, Git",21,Как работает компьютер,15,Edge gate,practice,ide_plugin,105,4,36
1,"Модуль 1. Python Core, терминал, Git",21,Как работает компьютер,16,Integration gate,project,ide_plugin,135,4,50
1,"Модуль 1. Python Core, терминал, Git",21,Как работает компьютер,17,Контроль,test,quiz_single,30,2,10
1,"Модуль 1. Python Core, терминал, Git",21,Как работает компьютер,18,Итоги,summary,,20,1,8
1,"Модуль 1. Python Core, терминал, Git",22,Терминал: базовые команды,1,Смысл,theory,,25,2,16
1,"Модуль 1. Python Core, терминал, Git",22,Терминал: базовые команды,2,Минимальный пример,theory,,25,2,14
1,"Модуль 1. Python Core, терминал, Git",22,Терминал: базовые команды,3,Понимание,test,quiz_single,25,2,8
1,"Модуль 1. Python Core, терминал, Git",22,Терминал: базовые команды,4,Практика 4,practice,ide_plugin,90,3,30
1,"Модуль 1. Python Core, терминал, Git",22,Терминал: базовые команды,5,Проект 5,project,ide_plugin,125,3,50
1,"Модуль 1. Python Core, терминал, Git",22,Терминал: базовые команды,6,Практика 6,practice,ide_plugin,90,3,30
1,"Модуль 1. Python Core, терминал, Git",22,Терминал: базовые команды,7,Проект 7,project,ide_plugin,125,3,50
1,"Модуль 1. Python Core, терминал, Git",22,Терминал: базовые команды,8,Практика 8,practice,ide_plugin,90,3,30
1,"Модуль 1. Python Core, терминал, Git",22,Терминал: базовые команды,9,Проект 9,project,ide_plugin,125,3,50
1,"Модуль 1. Python Core, терминал, Git",22,Терминал: базовые команды,10,Практика 10,practice,ide_plugin,90,3,30
1,"Модуль 1. Python Core, терминал, Git",22,Терминал: базовые команды,11,Проект 11,project,ide_plugin,125,3,50
1,"Модуль 1. Python Core, терминал, Git",22,Терминал: базовые команды,12,Проект 12,project,ide_plugin,125,3,50
1,"Модуль 1. Python Core, терминал, Git",22,Терминал: базовые команды,13,Закрепление,test,quiz_single,25,2,8
1,"Модуль 1. Python Core, терминал, Git",22,Терминал: базовые команды,14,Debug gate,practice,ide_plugin,105,4,36
1,"Модуль 1. Python Core, терминал, Git",22,Терминал: базовые команды,15,Edge gate,practice,ide_plugin,105,4,36
1,"Модуль 1. Python Core, терминал, Git",22,Терминал: базовые команды,16,Integration gate,project,ide_plugin,135,4,50
1,"Модуль 1. Python Core, терминал, Git",22,Терминал: базовые команды,17,Контроль,test,quiz_single,30,2,10
1,"Модуль 1. Python Core, терминал, Git",22,Терминал: базовые команды,18,Итоги,summary,,20,1,8
1,"Модуль 1. Python Core, терминал, Git",23,Терминал: процессы и bash,1,Смысл,theory,,25,2,16
1,"Модуль 1. Python Core, терминал, Git",23,Терминал: процессы и bash,2,Минимальный пример,theory,,25,2,14
1,"Модуль 1. Python Core, терминал, Git",23,Терминал: процессы и bash,3,Понимание,test,quiz_single,25,2,8
1,"Модуль 1. Python Core, терминал, Git",23,Терминал: процессы и bash,4,Практика 4,practice,ide_plugin,90,3,30
1,"Модуль 1. Python Core, терминал, Git",23,Терминал: процессы и bash,5,Проект 5,project,ide_plugin,125,3,50
1,"Модуль 1. Python Core, терминал, Git",23,Терминал: процессы и bash,6,Практика 6,practice,ide_plugin,90,3,30
1,"Модуль 1. Python Core, терминал, Git",23,Терминал: процессы и bash,7,Проект 7,project,ide_plugin,125,3,50
1,"Модуль 1. Python Core, терминал, Git",23,Терминал: процессы и bash,8,Практика 8,practice,ide_plugin,90,3,30
1,"Модуль 1. Python Core, терминал, Git",23,Терминал: процессы и bash,9,Проект 9,project,ide_plugin,125,3,50
1,"Модуль 1. Python Core, терминал, Git",23,Терминал: процессы и bash,10,Практика 10,practice,ide_plugin,90,3,30
1,"Модуль 1. Python Core, терминал, Git",23,Терминал: процессы и bash,11,Проект 11,project,ide_plugin,125,3,50
1,"Модуль 1. Python Core, терминал, Git",23,Терминал: процессы и bash,12,Проект 12,project,ide_plugin,125,3,50
1,"Модуль 1. Python Core, терминал, Git",23,Терминал: процессы и bash,13,Закрепление,test,quiz_single,25,2,8
1,"Модуль 1. Python Core, терминал, Git",23,Терминал: процессы и bash,14,Debug gate,practice,ide_plugin,105,4,36
1,"Модуль 1. Python Core, терминал, Git",23,Терминал: процессы и bash,15,Edge gate,practice,ide_plugin,105,4,36
1,"Модуль 1. Python Core, терминал, Git",23,Терминал: процессы и bash,16,Integration gate,project,ide_plugin,135,4,50
1,"Модуль 1. Python Core, терминал, Git",23,Терминал: процессы и bash,17,Контроль,test,quiz_single,30,2,10
1,"Модуль 1. Python Core, терминал, Git",23,Терминал: процессы и bash,18,Итоги,summary,,20,1,8
1,"Модуль 1. Python Core, терминал, Git",24,Git: первые коммиты,1,Смысл,theory,,25,2,16
1,"Модуль 1. Python Core, терминал, Git",24,Git: первые коммиты,2,Минимальный пример,theory,,25,2,14
1,"Модуль 1. Python Core, терминал, Git",24,Git: первые коммиты,3,Понимание,test,quiz_single,25,2,8
1,"Модуль 1. Python Core, терминал, Git",24,Git: первые коммиты,4,Практика 4,practice,ide_plugin,90,3,30
1,"Модуль 1. Python Core, терминал, Git",24,Git: первые коммиты,5,Проект 5,project,ide_plugin,125,3,50
1,"Модуль 1. Python Core, терминал, Git",24,Git: первые коммиты,6,Практика 6,practice,ide_plugin,90,3,30
1,"Модуль 1. Python Core, терминал, Git",24,Git: первые коммиты,7,Проект 7,project,ide_plugin,125,3,50
1,"Модуль 1. Python Core, терминал, Git",24,Git: первые коммиты,8,Практика 8,practice,ide_plugin,90,3,30
1,"Модуль 1. Python Core, терминал, Git",24,Git: первые коммиты,9,Проект 9,project,ide_plugin,125,3,50
1,"Модуль 1. Python Core, терминал, Git",24,Git: первые коммиты,10,Практика 10,practice,ide_plugin,90,3,30
1,"Модуль 1. Python Core, терминал, Git",24,Git: первые коммиты,11,Проект 11,project,ide_plugin,125,3,50
1,"Модуль 1. Python Core, терминал, Git",24,Git: первые коммиты,12,Проект 12,project,ide_plugin,125,3,50
1,"Модуль 1. Python Core, терминал, Git",24,Git: первые коммиты,13,Конфликт,project,ide_plugin,140,4,55
1,"Модуль 1. Python Core, терминал, Git",24,Git: первые коммиты,14,Debug gate,practice,ide_plugin,105,4,36
1,"Модуль 1. Python Core, терминал, Git",24,Git: первые коммиты,15,Edge gate,practice,ide_plugin,105,4,36
1,"Модуль 1. Python Core, терминал, Git",24,Git: первые коммиты,16,Integration gate,project,ide_plugin,135,4,50
1,"Модуль 1. Python Core, терминал, Git",24,Git: первые коммиты,17,Контроль,test,quiz_single,30,2,10
1,"Модуль 1. Python Core, терминал, Git",24,Git: первые коммиты,18,Итоги,summary,,20,1,8
1,"Модуль 1. Python Core, терминал, Git",25,Git: индекс и история,1,Смысл,theory,,25,2,16
1,"Модуль 1. Python Core, терминал, Git",25,Git: индекс и история,2,Минимальный пример,theory,,25,2,14
1,"Модуль 1. Python Core, терминал, Git",25,Git: индекс и история,3,Понимание,test,quiz_single,25,2,8
1,"Модуль 1. Python Core, терминал, Git",25,Git: индекс и история,4,Практика 4,practice,ide_plugin,90,3,30
1,"Модуль 1. Python Core, терминал, Git",25,Git: индекс и история,5,Проект 5,project,ide_plugin,125,3,50
1,"Модуль 1. Python Core, терминал, Git",25,Git: индекс и история,6,Практика 6,practice,ide_plugin,90,3,30
1,"Модуль 1. Python Core, терминал, Git",25,Git: индекс и история,7,Проект 7,project,ide_plugin,125,3,50
1,"Модуль 1. Python Core, терминал, Git",25,Git: индекс и история,8,Практика 8,practice,ide_plugin,90,3,30
1,"Модуль 1. Python Core, терминал, Git",25,Git: индекс и история,9,Проект 9,project,ide_plugin,125,3,50
1,"Модуль 1. Python Core, терминал, Git",25,Git: индекс и история,10,Практика 10,practice,ide_plugin,90,3,30
1,"Модуль 1. Python Core, терминал, Git",25,Git: индекс и история,11,Проект 11,project,ide_plugin,125,3,50
1,"Модуль 1. Python Core, терминал, Git",25,Git: индекс и история,12,Проект 12,project,ide_plugin,125,3,50
1,"Модуль 1. Python Core, терминал, Git",25,Git: индекс и история,13,Конфликт,project,ide_plugin,140,4,55
1,"Модуль 1. Python Core, терминал, Git",25,Git: индекс и история,14,Debug gate,practice,ide_plugin,105,4,36
1,"Модуль 1. Python Core, терминал, Git",25,Git: индекс и история,15,Edge gate,practice,ide_plugin,105,4,36
1,"Модуль 1. Python Core, терминал, Git",25,Git: индекс и история,16,Integration gate,project,ide_plugin,135,4,50
1,"Модуль 1. Python Core, терминал, Git",25,Git: индекс и история,17,Контроль,test,quiz_single,30,2,10
1,"Модуль 1. Python Core, терминал, Git",25,Git: индекс и история,18,Итоги,summary,,20,1,8
1,"Модуль 1. Python Core, терминал, Git",26,Git: ветки,1,Смысл,theory,,25,2,16
1,"Модуль 1. Python Core, терминал, Git",26,Git: ветки,2,Минимальный пример,theory,,25,2,14
1,"Модуль 1. Python Core, терминал, Git",26,Git: ветки,3,Понимание,test,quiz_single,25,2,8
1,"Модуль 1. Python Core, терминал, Git",26,Git: ветки,4,Практика 4,practice,ide_plugin,90,3,30
1,"Модуль 1. Python Core, терминал, Git",26,Git: ветки,5,Проект 5,project,ide_plugin,125,3,50
1,"Модуль 1. Python Core, терминал, Git",26,Git: ветки,6,Практика 6,practice,ide_plugin,90,3,30
1,"Модуль 1. Python Core, терминал, Git",26,Git: ветки,7,Проект 7,project,ide_plugin,125,3,50
1,"Модуль 1. Python Core, терминал, Git",26,Git: ветки,8,Практика 8,practice,ide_plugin,90,3,30
1,"Модуль 1. Python Core, терминал, Git",26,Git: ветки,9,Проект 9,project,ide_plugin,125,3,50
1,"Модуль 1. Python Core, терминал, Git",26,Git: ветки,10,Практика 10,practice,ide_plugin,90,3,30
1,"Модуль 1. Python Core, терминал, Git",26,Git: ветки,11,Проект 11,project,ide_plugin,125,3,50
1,"Модуль 1. Python Core, терминал, Git",26,Git: ветки,12,Проект 12,project,ide_plugin,125,3,50
1,"Модуль 1. Python Core, терминал, Git",26,Git: ветки,13,Конфликт,project,ide_plugin,140,4,55
1,"Модуль 1. Python Core, терминал, Git",26,Git: ветки,14,Debug gate,practice,ide_plugin,105,4,36
1,"Модуль 1. Python Core, терминал, Git",26,Git: ветки,15,Edge gate,practice,ide_plugin,105,4,36
1,"Модуль 1. Python Core, терминал, Git",26,Git: ветки,16,Integration gate,project,ide_plugin,135,4,50
1,"Модуль 1. Python Core, терминал, Git",26,Git: ветки,17,Контроль,test,quiz_single,30,2,10
1,"Модуль 1. Python Core, терминал, Git",26,Git: ветки,18,Итоги,summary,,20,1,8
1,"Модуль 1. Python Core, терминал, Git",27,Git: отмена изменений,1,Смысл,theory,,25,2,16
1,"Модуль 1. Python Core, терминал, Git",27,Git: отмена изменений,2,Минимальный пример,theory,,25,2,14
1,"Модуль 1. Python Core, терминал, Git",27,Git: отмена изменений,3,Понимание,test,quiz_single,25,2,8
1,"Модуль 1. Python Core, терминал, Git",27,Git: отмена изменений,4,Практика 4,practice,ide_plugin,90,3,30
1,"Модуль 1. Python Core, терминал, Git",27,Git: отмена изменений,5,Проект 5,project,ide_plugin,125,3,50
1,"Модуль 1. Python Core, терминал, Git",27,Git: отмена изменений,6,Практика 6,practice,ide_plugin,90,3,30
1,"Модуль 1. Python Core, терминал, Git",27,Git: отмена изменений,7,Проект 7,project,ide_plugin,125,3,50
1,"Модуль 1. Python Core, терминал, Git",27,Git: отмена изменений,8,Практика 8,practice,ide_plugin,90,3,30
1,"Модуль 1. Python Core, терминал, Git",27,Git: отмена изменений,9,Проект 9,project,ide_plugin,125,3,50
1,"Модуль 1. Python Core, терминал, Git",27,Git: отмена изменений,10,Практика 10,practice,ide_plugin,90,3,30
1,"Модуль 1. Python Core, терминал, Git",27,Git: отмена изменений,11,Проект 11,project,ide_plugin,125,3,50
1,"Модуль 1. Python Core, терминал, Git",27,Git: отмена изменений,12,Проект 12,project,ide_plugin,125,3,50
1,"Модуль 1. Python Core, терминал, Git",27,Git: отмена изменений,13,Конфликт,project,ide_plugin,140,4,55
1,"Модуль 1. Python Core, терминал, Git",27,Git: отмена изменений,14,Debug gate,practice,ide_plugin,105,4,36
1,"Модуль 1. Python Core, терминал, Git",27,Git: отмена изменений,15,Edge gate,practice,ide_plugin,105,4,36
1,"Модуль 1. Python Core, терминал, Git",27,Git: отмена изменений,16,Integration gate,project,ide_plugin,135,4,50
1,"Модуль 1. Python Core, терминал, Git",27,Git: отмена изменений,17,Контроль,test,quiz_single,30,2,10
1,"Модуль 1. Python Core, терминал, Git",27,Git: отмена изменений,18,Итоги,summary,,20,1,8
1,"Модуль 1. Python Core, терминал, Git",28,Git: merge и rebase,1,Смысл,theory,,25,2,16
1,"Модуль 1. Python Core, терминал, Git",28,Git: merge и rebase,2,Минимальный пример,theory,,25,2,14
1,"Модуль 1. Python Core, терминал, Git",28,Git: merge и rebase,3,Понимание,test,quiz_single,25,2,8
1,"Модуль 1. Python Core, терминал, Git",28,Git: merge и rebase,4,Практика 4,practice,ide_plugin,90,3,30
1,"Модуль 1. Python Core, терминал, Git",28,Git: merge и rebase,5,Проект 5,project,ide_plugin,125,3,50
1,"Модуль 1. Python Core, терминал, Git",28,Git: merge и rebase,6,Практика 6,practice,ide_plugin,90,3,30
1,"Модуль 1. Python Core, терминал, Git",28,Git: merge и rebase,7,Проект 7,project,ide_plugin,125,3,50
1,"Модуль 1. Python Core, терминал, Git",28,Git: merge и rebase,8,Практика 8,practice,ide_plugin,90,3,30
1,"Модуль 1. Python Core, терминал, Git",28,Git: merge и rebase,9,Проект 9,project,ide_plugin,125,3,50
1,"Модуль 1. Python Core, терминал, Git",28,Git: merge и rebase,10,Практика 10,practice,ide_plugin,90,3,30
1,"Модуль 1. Python Core, терминал, Git",28,Git: merge и rebase,11,Проект 11,project,ide_plugin,125,3,50
1,"Модуль 1. Python Core, терминал, Git",28,Git: merge и rebase,12,Проект 12,project,ide_plugin,125,3,50
1,"Модуль 1. Python Core, терминал, Git",28,Git: merge и rebase,13,Конфликт,project,ide_plugin,140,4,55
1,"Модуль 1. Python Core, терминал, Git",28,Git: merge и rebase,14,Debug gate,practice,ide_plugin,105,4,36
1,"Модуль 1. Python Core, терминал, Git",28,Git: merge и rebase,15,Edge gate,practice,ide_plugin,105,4,36
1,"Модуль 1. Python Core, терминал, Git",28,Git: merge и rebase,16,Integration gate,project,ide_plugin,135,4,50
1,"Модуль 1. Python Core, терминал, Git",28,Git: merge и rebase,17,Контроль,test,quiz_single,30,2,10
1,"Модуль 1. Python Core, терминал, Git",28,Git: merge и rebase,18,Итоги,summary,,20,1,8
1,"Модуль 1. Python Core, терминал, Git",29,GitHub и remote,1,Смысл,theory,,25,2,16
1,"Модуль 1. Python Core, терминал, Git",29,GitHub и remote,2,Минимальный пример,theory,,25,2,14
1,"Модуль 1. Python Core, терминал, Git",29,GitHub и remote,3,Понимание,test,quiz_single,25,2,8
1,"Модуль 1. Python Core, терминал, Git",29,GitHub и remote,4,Практика 4,practice,ide_plugin,90,3,30
1,"Модуль 1. Python Core, терминал, Git",29,GitHub и remote,5,Проект 5,project,ide_plugin,125,3,50
1,"Модуль 1. Python Core, терминал, Git",29,GitHub и remote,6,Практика 6,practice,ide_plugin,90,3,30
1,"Модуль 1. Python Core, терминал, Git",29,GitHub и remote,7,Проект 7,project,ide_plugin,125,3,50
1,"Модуль 1. Python Core, терминал, Git",29,GitHub и remote,8,Практика 8,practice,ide_plugin,90,3,30
1,"Модуль 1. Python Core, терминал, Git",29,GitHub и remote,9,Проект 9,project,ide_plugin,125,3,50
1,"Модуль 1. Python Core, терминал, Git",29,GitHub и remote,10,Практика 10,practice,ide_plugin,90,3,30
1,"Модуль 1. Python Core, терминал, Git",29,GitHub и remote,11,Проект 11,project,ide_plugin,125,3,50
1,"Модуль 1. Python Core, терминал, Git",29,GitHub и remote,12,Проект 12,project,ide_plugin,125,3,50
1,"Модуль 1. Python Core, терминал, Git",29,GitHub и remote,13,Конфликт,project,ide_plugin,140,4,55
1,"Модуль 1. Python Core, терминал, Git",29,GitHub и remote,14,Debug gate,practice,ide_plugin,105,4,36
1,"Модуль 1. Python Core, терминал, Git",29,GitHub и remote,15,Edge gate,practice,ide_plugin,105,4,36
1,"Модуль 1. Python Core, терминал, Git",29,GitHub и remote,16,Integration gate,project,ide_plugin,135,4,50
1,"Модуль 1. Python Core, терминал, Git",29,GitHub и remote,17,Контроль,test,quiz_single,30,2,10
1,"Модуль 1. Python Core, терминал, Git",29,GitHub и remote,18,Итоги,summary,,20,1,8
1,"Модуль 1. Python Core, терминал, Git",30,CLI-проект: менеджер задач,1,Смысл,theory,,25,2,16
1,"Модуль 1. Python Core, терминал, Git",30,CLI-проект: менеджер задач,2,Минимальный пример,theory,,25,2,14
1,"Модуль 1. Python Core, терминал, Git",30,CLI-проект: менеджер задач,3,Понимание,test,quiz_single,25,2,8
1,"Модуль 1. Python Core, терминал, Git",30,CLI-проект: менеджер задач,4,Практика 4,practice,ide_plugin,90,3,30
1,"Модуль 1. Python Core, терминал, Git",30,CLI-проект: менеджер задач,5,Проект 5,project,ide_plugin,125,3,50
1,"Модуль 1. Python Core, терминал, Git",30,CLI-проект: менеджер задач,6,Практика 6,practice,ide_plugin,90,3,30
1,"Модуль 1. Python Core, терминал, Git",30,CLI-проект: менеджер задач,7,Проект 7,project,ide_plugin,125,3,50
1,"Модуль 1. Python Core, терминал, Git",30,CLI-проект: менеджер задач,8,Практика 8,practice,ide_plugin,90,3,30
1,"Модуль 1. Python Core, терминал, Git",30,CLI-проект: менеджер задач,9,Проект 9,project,ide_plugin,125,3,50
1,"Модуль 1. Python Core, терминал, Git",30,CLI-проект: менеджер задач,10,Практика 10,practice,ide_plugin,90,3,30
1,"Модуль 1. Python Core, терминал, Git",30,CLI-проект: менеджер задач,11,Проект 11,project,ide_plugin,125,3,50
1,"Модуль 1. Python Core, терминал, Git",30,CLI-проект: менеджер задач,12,Проект 12,project,ide_plugin,125,3,50
1,"Модуль 1. Python Core, терминал, Git",30,CLI-проект: менеджер задач,13,Конфликт,project,ide_plugin,140,4,55
1,"Модуль 1. Python Core, терминал, Git",30,CLI-проект: менеджер задач,14,Debug gate,practice,ide_plugin,105,4,36
1,"Модуль 1. Python Core, терминал, Git",30,CLI-проект: менеджер задач,15,Edge gate,practice,ide_plugin,105,4,36
1,"Модуль 1. Python Core, терминал, Git",30,CLI-проект: менеджер задач,16,Integration gate,project,ide_plugin,135,4,50
1,"Модуль 1. Python Core, терминал, Git",30,CLI-проект: менеджер задач,17,Контроль,test,quiz_single,30,2,10
1,"Модуль 1. Python Core, терминал, Git",30,CLI-проект: менеджер задач,18,Итоги,summary,,20,1,8
1,"Модуль 1. Python Core, терминал, Git",31,Экзамен 1,1,Смысл,theory,,20,2,16
1,"Модуль 1. Python Core, терминал, Git",31,Экзамен 1,2,Минимальный пример,theory,,20,2,14
1,"Модуль 1. Python Core, терминал, Git",31,Экзамен 1,3,Понимание,test,quiz_single,25,2,8
1,"Модуль 1. Python Core, терминал, Git",31,Экзамен 1,4,Cli Config Parser,practice,python_pytest,70,2,24
1,"Модуль 1. Python Core, терминал, Git",31,Экзамен 1,5,Retry Budget Allocator,practice,python_pytest,70,3,24
1,"Модуль 1. Python Core, терминал, Git",31,Экзамен 1,6,Task State Transition,practice,python_pytest,70,2,24
1,"Модуль 1. Python Core, терминал, Git",31,Экзамен 1,7,Task State Transition,practice,python_pytest,70,3,24
1,"Модуль 1. Python Core, терминал, Git",31,Экзамен 1,8,Cache Invalidation Keys,practice,python_pytest,70,2,24
1,"Модуль 1. Python Core, терминал, Git",31,Экзамен 1,9,Закрепление,test,quiz_single,25,2,8
1,"Модуль 1. Python Core, терминал, Git",31,Экзамен 1,10,Работа в IDE,project,ide_plugin,120,3,45
1,"Модуль 1. Python Core, терминал, Git",31,Экзамен 1,11,Итоги,summary,,20,1,8
2,Модуль 2. Python Hard,1,ООП: классы,1,Смысл,theory,,20,2,16
2,Модуль 2. Python Hard,1,ООП: классы,2,Минимальный пример,theory,,20,2,14
2,Модуль 2. Python Hard,1,ООП: классы,3,Понимание,test,quiz_single,25,2,8
2,Модуль 2. Python Hard,1,ООП: классы,4,Task Object,practice,python_pytest,70,2,24
2,Модуль 2. Python Hard,1,ООП: классы,5,Class Attribute,practice,python_pytest,70,3,24
2,Модуль 2. Python Hard,1,ООП: классы,6,Static Slug,practice,python_pytest,70,2,24
2,Модуль 2. Python Hard,1,ООП: классы,7,Task Object,practice,python_pytest,70,3,24
2,Модуль 2. Python Hard,1,ООП: классы,8,Factory Method,practice,python_pytest,70,2,24
2,Модуль 2. Python Hard,1,ООП: классы,9,Закрепление,test,quiz_single,25,2,8
2,Модуль 2. Python Hard,1,ООП: классы,10,Работа в IDE,project,ide_plugin,120,3,45
2,Модуль 2. Python Hard,1,ООП: классы,11,Итоги,summary,,20,1,8
2,Модуль 2. Python Hard,2,ООП: атрибуты,1,Смысл,theory,,20,2,16
2,Модуль 2. Python Hard,2,ООП: атрибуты,2,Минимальный пример,theory,,20,2,14
2,Модуль 2. Python Hard,2,ООП: атрибуты,3,Понимание,test,quiz_single,25,2,8
2,Модуль 2. Python Hard,2,ООП: атрибуты,4,State Method,practice,python_pytest,70,2,24
2,Модуль 2. Python Hard,2,ООП: атрибуты,5,Static Slug,practice,python_pytest,70,3,24
2,Модуль 2. Python Hard,2,ООП: атрибуты,6,Static Slug,practice,python_pytest,70,2,24
2,Модуль 2. Python Hard,2,ООП: атрибуты,7,State Method,practice,python_pytest,70,3,24
2,Модуль 2. Python Hard,2,ООП: атрибуты,8,Factory Method,practice,python_pytest,70,2,24
2,Модуль 2. Python Hard,2,ООП: атрибуты,9,Закрепление,test,quiz_single,25,2,8
2,Модуль 2. Python Hard,2,ООП: атрибуты,10,Работа в IDE,project,ide_plugin,120,3,45
2,Модуль 2. Python Hard,2,ООП: атрибуты,11,Итоги,summary,,20,1,8
2,Модуль 2. Python Hard,3,ООП: методы,1,Смысл,theory,,20,2,16
2,Модуль 2. Python Hard,3,ООП: методы,2,Минимальный пример,theory,,20,2,14
2,Модуль 2. Python Hard,3,ООП: методы,3,Понимание,test,quiz_single,25,2,8
2,Модуль 2. Python Hard,3,ООП: методы,4,Static Slug,practice,python_pytest,70,2,24
2,Модуль 2. Python Hard,3,ООП: методы,5,State Method,practice,python_pytest,70,3,24
2,Модуль 2. Python Hard,3,ООП: методы,6,Class Attribute,practice,python_pytest,70,2,24
2,Модуль 2. Python Hard,3,ООП: методы,7,Class Attribute,practice,python_pytest,70,3,24
2,Модуль 2. Python Hard,3,ООП: методы,8,Factory Method,practice,python_pytest,70,2,24
2,Модуль 2. Python Hard,3,ООП: методы,9,Закрепление,test,quiz_single,25,2,8
2,Модуль 2. Python Hard,3,ООП: методы,10,Работа в IDE,project,ide_plugin,120,3,45
2,Модуль 2. Python Hard,3,ООП: методы,11,Итоги,summary,,20,1,8
2,Модуль 2. Python Hard,4,Инкапсуляция,1,Смысл,theory,,20,2,16
2,Модуль 2. Python Hard,4,Инкапсуляция,2,Минимальный пример,theory,,20,2,14
2,Модуль 2. Python Hard,4,Инкапсуляция,3,Понимание,test,quiz_single,25,2,8
2,Модуль 2. Python Hard,4,Инкапсуляция,4,Email Property,practice,python_pytest,70,2,24
2,Модуль 2. Python Hard,4,Инкапсуляция,5,Status Transition,practice,python_pytest,70,3,24
2,Модуль 2. Python Hard,4,Инкапсуляция,6,Priority Setter,practice,python_pytest,70,2,24
2,Модуль 2. Python Hard,4,Инкапсуляция,7,Token Mask,practice,python_pytest,70,3,24
2,Модуль 2. Python Hard,4,Инкапсуляция,8,Priority Setter,practice,python_pytest,70,2,24
2,Модуль 2. Python Hard,4,Инкапсуляция,9,Закрепление,test,quiz_single,25,2,8
2,Модуль 2. Python Hard,4,Инкапсуляция,10,Работа в IDE,project,ide_plugin,120,3,45
2,Модуль 2. Python Hard,4,Инкапсуляция,11,Итоги,summary,,20,1,8
2,Модуль 2. Python Hard,5,Композиция,1,Смысл,theory,,20,2,16
2,Модуль 2. Python Hard,5,Композиция,2,Минимальный пример,theory,,20,2,14
2,Модуль 2. Python Hard,5,Композиция,3,Понимание,test,quiz_single,25,2,8
2,Модуль 2. Python Hard,5,Композиция,4,Service Repository,practice,python_pytest,70,2,24
2,Модуль 2. Python Hard,5,Композиция,5,Validator Pipeline,practice,python_pytest,70,3,24
2,Модуль 2. Python Hard,5,Композиция,6,Invoice Lines,practice,python_pytest,70,2,24
2,Модуль 2. Python Hard,5,Композиция,7,Validator Pipeline,practice,python_pytest,70,3,24
2,Модуль 2. Python Hard,5,Композиция,8,Service Repository,practice,python_pytest,70,2,24
2,Модуль 2. Python Hard,5,Композиция,9,Закрепление,test,quiz_single,25,2,8
2,Модуль 2. Python Hard,5,Композиция,10,Работа в IDE,project,ide_plugin,120,3,45
2,Модуль 2. Python Hard,5,Композиция,11,Итоги,summary,,20,1,8
2,Модуль 2. Python Hard,6,Магические методы,1,Смысл,theory,,20,2,16
2,Модуль 2. Python Hard,6,Магические методы,2,Минимальный пример,theory,,20,2,14
2,Модуль 2. Python Hard,6,Магические методы,3,Понимание,test,quiz_single,25,2,8
2,Модуль 2. Python Hard,6,Магические методы,4,Tag Contains,practice,python_pytest,70,2,24
2,Модуль 2. Python Hard,6,Магические методы,5,Priority Lt,practice,python_pytest,70,3,24
2,Модуль 2. Python Hard,6,Магические методы,6,Queue Len,practice,python_pytest,70,2,24
2,Модуль 2. Python Hard,6,Магические методы,7,Tag Contains,practice,python_pytest,70,3,24
2,Модуль 2. Python Hard,6,Магические методы,8,Priority Lt,practice,python_pytest,70,2,24
2,Модуль 2. Python Hard,6,Магические методы,9,Закрепление,test,quiz_single,25,2,8
2,Модуль 2. Python Hard,6,Магические методы,10,Работа в IDE,project,ide_plugin,120,3,45
2,Модуль 2. Python Hard,6,Магические методы,11,Итоги,summary,,20,1,8
2,Модуль 2. Python Hard,7,Протоколы Python,1,Смысл,theory,,20,2,16
2,Модуль 2. Python Hard,7,Протоколы Python,2,Минимальный пример,theory,,20,2,14
2,Модуль 2. Python Hard,7,Протоколы Python,3,Понимание,test,quiz_single,25,2,8
2,Модуль 2. Python Hard,7,Протоколы Python,4,Sendable Duck,practice,python_pytest,70,2,24
2,Модуль 2. Python Hard,7,Протоколы Python,5,Repository Protocol,practice,python_pytest,70,3,24
2,Модуль 2. Python Hard,7,Протоколы Python,6,Sendable Duck,practice,python_pytest,70,2,24
2,Модуль 2. Python Hard,7,Протоколы Python,7,Sendable Duck,practice,python_pytest,70,3,24
2,Модуль 2. Python Hard,7,Протоколы Python,8,Repository Protocol,practice,python_pytest,70,2,24
2,Модуль 2. Python Hard,7,Протоколы Python,9,Закрепление,test,quiz_single,25,2,8
2,Модуль 2. Python Hard,7,Протоколы Python,10,Работа в IDE,project,ide_plugin,120,3,45
2,Модуль 2. Python Hard,7,Протоколы Python,11,Итоги,summary,,20,1,8
2,Модуль 2. Python Hard,8,Наследование,1,Смысл,theory,,20,2,16
2,Модуль 2. Python Hard,8,Наследование,2,Минимальный пример,theory,,20,2,14
2,Модуль 2. Python Hard,8,Наследование,3,Понимание,test,quiz_single,25,2,8
2,Модуль 2. Python Hard,8,Наследование,4,Override Price,practice,python_pytest,70,2,24
2,Модуль 2. Python Hard,8,Наследование,5,Email Notification,practice,python_pytest,70,3,24
2,Модуль 2. Python Hard,8,Наследование,6,Base Parser,practice,python_pytest,70,2,24
2,Модуль 2. Python Hard,8,Наследование,7,Override Price,practice,python_pytest,70,3,24
2,Модуль 2. Python Hard,8,Наследование,8,Base Parser,practice,python_pytest,70,2,24
2,Модуль 2. Python Hard,8,Наследование,9,Закрепление,test,quiz_single,25,2,8
2,Модуль 2. Python Hard,8,Наследование,10,Работа в IDE,project,ide_plugin,120,3,45
2,Модуль 2. Python Hard,8,Наследование,11,Итоги,summary,,20,1,8
2,Модуль 2. Python Hard,9,Полиморфизм,1,Смысл,theory,,20,2,16
2,Модуль 2. Python Hard,9,Полиморфизм,2,Минимальный пример,theory,,20,2,14
2,Модуль 2. Python Hard,9,Полиморфизм,3,Понимание,test,quiz_single,25,2,8
2,Модуль 2. Python Hard,9,Полиморфизм,4,Render Many,practice,python_pytest,70,2,24
2,Модуль 2. Python Hard,9,Полиморфизм,5,Calculate Fees,practice,python_pytest,70,3,24
2,Модуль 2. Python Hard,9,Полиморфизм,6,Calculate Fees,practice,python_pytest,70,2,24
2,Модуль 2. Python Hard,9,Полиморфизм,7,Serialize Resources,practice,python_pytest,70,3,24
2,Модуль 2. Python Hard,9,Полиморфизм,8,Serialize Resources,practice,python_pytest,70,2,24
2,Модуль 2. Python Hard,9,Полиморфизм,9,Закрепление,test,quiz_single,25,2,8
2,Модуль 2. Python Hard,9,Полиморфизм,10,Работа в IDE,project,ide_plugin,120,3,45
2,Модуль 2. Python Hard,9,Полиморфизм,11,Итоги,summary,,20,1,8
2,Модуль 2. Python Hard,10,Абстракции,1,Смысл,theory,,20,2,16
2,Модуль 2. Python Hard,10,Абстракции,2,Минимальный пример,theory,,20,2,14
2,Модуль 2. Python Hard,10,Абстракции,3,Понимание,test,quiz_single,25,2,8
2,Модуль 2. Python Hard,10,Абстракции,4,Parser Template Abc,practice,python_pytest,70,2,24
2,Модуль 2. Python Hard,10,Абстракции,5,Policy Abc,practice,python_pytest,70,3,24
2,Модуль 2. Python Hard,10,Абстракции,6,Exporter Abc,practice,python_pytest,70,2,24
2,Модуль 2. Python Hard,10,Абстракции,7,Exporter Abc,practice,python_pytest,70,3,24
2,Модуль 2. Python Hard,10,Абстракции,8,Repository Abc,practice,python_pytest,70,2,24
2,Модуль 2. Python Hard,10,Абстракции,9,Закрепление,test,quiz_single,25,2,8
2,Модуль 2. Python Hard,10,Абстракции,10,Работа в IDE,project,ide_plugin,120,3,45
2,Модуль 2. Python Hard,10,Абстракции,11,Итоги,summary,,20,1,8
2,Модуль 2. Python Hard,11,dataclasses,1,Смысл,theory,,20,2,16
2,Модуль 2. Python Hard,11,dataclasses,2,Минимальный пример,theory,,20,2,14
2,Модуль 2. Python Hard,11,dataclasses,3,Понимание,test,quiz_single,25,2,8
2,Модуль 2. Python Hard,11,dataclasses,4,Invoice Total,practice,python_pytest,70,2,24
2,Модуль 2. Python Hard,11,dataclasses,5,Invoice Total,practice,python_pytest,70,3,24
2,Модуль 2. Python Hard,11,dataclasses,6,Ordered Priority,practice,python_pytest,70,2,24
2,Модуль 2. Python Hard,11,dataclasses,7,Invoice Total,practice,python_pytest,70,3,24
2,Модуль 2. Python Hard,11,dataclasses,8,Post Init Slug,practice,python_pytest,70,2,24
2,Модуль 2. Python Hard,11,dataclasses,9,Закрепление,test,quiz_single,25,2,8
2,Модуль 2. Python Hard,11,dataclasses,10,Работа в IDE,project,ide_plugin,120,3,45
2,Модуль 2. Python Hard,11,dataclasses,11,Итоги,summary,,20,1,8
2,Модуль 2. Python Hard,12,typing: база,1,Смысл,theory,,20,2,16
2,Модуль 2. Python Hard,12,typing: база,2,Минимальный пример,theory,,20,2,14
2,Модуль 2. Python Hard,12,typing: база,3,Понимание,test,quiz_single,25,2,8
2,Модуль 2. Python Hard,12,typing: база,4,Generic Box,practice,python_pytest,70,2,24
2,Модуль 2. Python Hard,12,typing: база,5,Optional Title,practice,python_pytest,70,3,24
2,Модуль 2. Python Hard,12,typing: база,6,Callable Mapper,practice,python_pytest,70,2,24
2,Модуль 2. Python Hard,12,typing: база,7,Union Parse,practice,python_pytest,70,3,24
2,Модуль 2. Python Hard,12,typing: база,8,Typed Payload,practice,python_pytest,70,2,24
2,Модуль 2. Python Hard,12,typing: база,9,Закрепление,test,quiz_single,25,2,8
2,Модуль 2. Python Hard,12,typing: база,10,Работа в IDE,project,ide_plugin,120,3,45
2,Модуль 2. Python Hard,12,typing: база,11,Итоги,summary,,20,1,8
2,Модуль 2. Python Hard,13,typing: Optional и Union,1,Смысл,theory,,20,2,16
2,Модуль 2. Python Hard,13,typing: Optional и Union,2,Минимальный пример,theory,,20,2,14
2,Модуль 2. Python Hard,13,typing: Optional и Union,3,Понимание,test,quiz_single,25,2,8
2,Модуль 2. Python Hard,13,typing: Optional и Union,4,Typed Payload,practice,python_pytest,70,2,24
2,Модуль 2. Python Hard,13,typing: Optional и Union,5,Callable Mapper,practice,python_pytest,70,3,24
2,Модуль 2. Python Hard,13,typing: Optional и Union,6,Generic Box,practice,python_pytest,70,2,24
2,Модуль 2. Python Hard,13,typing: Optional и Union,7,Optional Title,practice,python_pytest,70,3,24
2,Модуль 2. Python Hard,13,typing: Optional и Union,8,Optional Title,practice,python_pytest,70,2,24
2,Модуль 2. Python Hard,13,typing: Optional и Union,9,Закрепление,test,quiz_single,25,2,8
2,Модуль 2. Python Hard,13,typing: Optional и Union,10,Работа в IDE,project,ide_plugin,120,3,45
2,Модуль 2. Python Hard,13,typing: Optional и Union,11,Итоги,summary,,20,1,8
2,Модуль 2. Python Hard,14,typing: generics,1,Смысл,theory,,20,2,16
2,Модуль 2. Python Hard,14,typing: generics,2,Минимальный пример,theory,,20,2,14
2,Модуль 2. Python Hard,14,typing: generics,3,Понимание,test,quiz_single,25,2,8
2,Модуль 2. Python Hard,14,typing: generics,4,Optional Title,practice,python_pytest,70,2,24
2,Модуль 2. Python Hard,14,typing: generics,5,Typed Payload,practice,python_pytest,70,3,24
2,Модуль 2. Python Hard,14,typing: generics,6,Union Parse,practice,python_pytest,70,2,24
2,Модуль 2. Python Hard,14,typing: generics,7,Typed Payload,practice,python_pytest,70,3,24
2,Модуль 2. Python Hard,14,typing: generics,8,Generic Box,practice,python_pytest,70,2,24
2,Модуль 2. Python Hard,14,typing: generics,9,Закрепление,test,quiz_single,25,2,8
2,Модуль 2. Python Hard,14,typing: generics,10,Работа в IDE,project,ide_plugin,120,3,45
2,Модуль 2. Python Hard,14,typing: generics,11,Итоги,summary,,20,1,8
2,Модуль 2. Python Hard,15,mypy и контракты,1,Смысл,theory,,20,2,16
2,Модуль 2. Python Hard,15,mypy и контракты,2,Минимальный пример,theory,,20,2,14
2,Модуль 2. Python Hard,15,mypy и контракты,3,Понимание,test,quiz_single,25,2,8
2,Модуль 2. Python Hard,15,mypy и контракты,4,Callable Mapper,practice,python_pytest,70,2,24
2,Модуль 2. Python Hard,15,mypy и контракты,5,Generic Box,practice,python_pytest,70,3,24
2,Модуль 2. Python Hard,15,mypy и контракты,6,Union Parse,practice,python_pytest,70,2,24
2,Модуль 2. Python Hard,15,mypy и контракты,7,Union Parse,practice,python_pytest,70,3,24
2,Модуль 2. Python Hard,15,mypy и контракты,8,Generic Box,practice,python_pytest,70,2,24
2,Модуль 2. Python Hard,15,mypy и контракты,9,Закрепление,test,quiz_single,25,2,8
2,Модуль 2. Python Hard,15,mypy и контракты,10,Работа в IDE,project,ide_plugin,120,3,45
2,Модуль 2. Python Hard,15,mypy и контракты,11,Generic Box,practice,python_pytest,90,3,28
2,Модуль 2. Python Hard,15,mypy и контракты,12,Optional Title,practice,python_pytest,90,3,28
2,Модуль 2. Python Hard,15,mypy и контракты,13,Generic Box,practice,python_pytest,90,3,28
2,Модуль 2. Python Hard,15,mypy и контракты,14,Контроль,test,quiz_single,30,2,10
2,Модуль 2. Python Hard,15,mypy и контракты,15,Union Parse,practice,python_pytest,90,3,28
2,Модуль 2. Python Hard,15,mypy и контракты,16,Итоги,summary,,20,1,8
2,Модуль 2. Python Hard,16,Файлы и pathlib,1,Смысл,theory,,20,2,16
2,Модуль 2. Python Hard,16,Файлы и pathlib,2,Минимальный пример,theory,,20,2,14
2,Модуль 2. Python Hard,16,Файлы и pathlib,3,Понимание,test,quiz_single,25,2,8
2,Модуль 2. Python Hard,16,Файлы и pathlib,4,Invoice Calculator,practice,python_pytest,70,2,24
2,Модуль 2. Python Hard,16,Файлы и pathlib,5,Sql Query Builder,practice,python_pytest,70,3,24
2,Модуль 2. Python Hard,16,Файлы и pathlib,6,Permissions Policy,practice,python_pytest,70,2,24
2,Модуль 2. Python Hard,16,Файлы и pathlib,7,Repository Method Filter,practice,python_pytest,70,3,24
2,Модуль 2. Python Hard,16,Файлы и pathlib,8,Invoice Calculator,practice,python_pytest,70,2,24
2,Модуль 2. Python Hard,16,Файлы и pathlib,9,Закрепление,test,quiz_single,25,2,8
2,Модуль 2. Python Hard,16,Файлы и pathlib,10,Работа в IDE,project,ide_plugin,120,3,45
2,Модуль 2. Python Hard,16,Файлы и pathlib,11,Итоги,summary,,20,1,8
2,Модуль 2. Python Hard,17,JSON и CSV,1,Смысл,theory,,20,2,16
2,Модуль 2. Python Hard,17,JSON и CSV,2,Минимальный пример,theory,,20,2,14
2,Модуль 2. Python Hard,17,JSON и CSV,3,Понимание,test,quiz_single,25,2,8
2,Модуль 2. Python Hard,17,JSON и CSV,4,Cache Invalidation Keys,practice,python_pytest,70,2,24
2,Модуль 2. Python Hard,17,JSON и CSV,5,Dto Mapper Public,practice,python_pytest,70,3,24
2,Модуль 2. Python Hard,17,JSON и CSV,6,Unit Of Work Summary,practice,python_pytest,70,2,24
2,Модуль 2. Python Hard,17,JSON и CSV,7,Retry Budget Allocator,practice,python_pytest,70,3,24
2,Модуль 2. Python Hard,17,JSON и CSV,8,Repository Method Filter,practice,python_pytest,70,2,24
2,Модуль 2. Python Hard,17,JSON и CSV,9,Закрепление,test,quiz_single,25,2,8
2,Модуль 2. Python Hard,17,JSON и CSV,10,Работа в IDE,project,ide_plugin,120,3,45
2,Модуль 2. Python Hard,17,JSON и CSV,11,Итоги,summary,,20,1,8
2,Модуль 2. Python Hard,18,Логирование,1,Смысл,theory,,20,2,16
2,Модуль 2. Python Hard,18,Логирование,2,Минимальный пример,theory,,20,2,14
2,Модуль 2. Python Hard,18,Логирование,3,Понимание,test,quiz_single,25,2,8
2,Модуль 2. Python Hard,18,Логирование,4,Permissions Policy,practice,python_pytest,70,2,24
2,Модуль 2. Python Hard,18,Логирование,5,Cache Invalidation Keys,practice,python_pytest,70,3,24
2,Модуль 2. Python Hard,18,Логирование,6,Invoice Calculator,practice,python_pytest,70,2,24
2,Модуль 2. Python Hard,18,Логирование,7,Repository Method Filter,practice,python_pytest,70,3,24
2,Модуль 2. Python Hard,18,Логирование,8,Rate Limit Bucket,practice,python_pytest,70,2,24
2,Модуль 2. Python Hard,18,Логирование,9,Закрепление,test,quiz_single,25,2,8
2,Модуль 2. Python Hard,18,Логирование,10,Работа в IDE,project,ide_plugin,120,3,45
2,Модуль 2. Python Hard,18,Логирование,11,Итоги,summary,,20,1,8
2,Модуль 2. Python Hard,19,Пакеты и импорты,1,Смысл,theory,,20,2,16
2,Модуль 2. Python Hard,19,Пакеты и импорты,2,Минимальный пример,theory,,20,2,14
2,Модуль 2. Python Hard,19,Пакеты и импорты,3,Понимание,test,quiz_single,25,2,8
2,Модуль 2. Python Hard,19,Пакеты и импорты,4,Cli Config Parser,practice,python_pytest,70,2,24
2,Модуль 2. Python Hard,19,Пакеты и импорты,5,Permissions Policy,practice,python_pytest,70,3,24
2,Модуль 2. Python Hard,19,Пакеты и импорты,6,Http Response Mapper,practice,python_pytest,70,2,24
2,Модуль 2. Python Hard,19,Пакеты и импорты,7,Cache Invalidation Keys,practice,python_pytest,70,3,24
2,Модуль 2. Python Hard,19,Пакеты и импорты,8,Permissions Policy,practice,python_pytest,70,2,24
2,Модуль 2. Python Hard,19,Пакеты и импорты,9,Закрепление,test,quiz_single,25,2,8
2,Модуль 2. Python Hard,19,Пакеты и импорты,10,Работа в IDE,project,ide_plugin,120,3,45
2,Модуль 2. Python Hard,19,Пакеты и импорты,11,Итоги,summary,,20,1,8
2,Модуль 2. Python Hard,20,Poetry,1,Смысл,theory,,20,2,16
2,Модуль 2. Python Hard,20,Poetry,2,Минимальный пример,theory,,20,2,14
2,Модуль 2. Python Hard,20,Poetry,3,Понимание,test,quiz_single,25,2,8
2,Модуль 2. Python Hard,20,Poetry,4,Task State Transition,practice,python_pytest,70,2,24
2,Модуль 2. Python Hard,20,Poetry,5,Sql Query Builder,practice,python_pytest,70,3,24
2,Модуль 2. Python Hard,20,Poetry,6,Pagination Cursor Page,practice,python_pytest,70,2,24
2,Модуль 2. Python Hard,20,Poetry,7,Dto Mapper Public,practice,python_pytest,70,3,24
2,Модуль 2. Python Hard,20,Poetry,8,Retry Budget Allocator,practice,python_pytest,70,2,24
2,Модуль 2. Python Hard,20,Poetry,9,Закрепление,test,quiz_single,25,2,8
2,Модуль 2. Python Hard,20,Poetry,10,Работа в IDE,project,ide_plugin,120,3,45
2,Модуль 2. Python Hard,20,Poetry,11,Итоги,summary,,20,1,8
2,Модуль 2. Python Hard,21,pytest: функции,1,Смысл,theory,,20,2,16
2,Модуль 2. Python Hard,21,pytest: функции,2,Минимальный пример,theory,,20,2,14
2,Модуль 2. Python Hard,21,pytest: функции,3,Понимание,test,quiz_single,25,2,8
2,Модуль 2. Python Hard,21,pytest: функции,4,Fixture Ready Config,practice,python_pytest,70,2,24
2,Модуль 2. Python Hard,21,pytest: функции,5,Mockable Client,practice,python_pytest,70,3,24
2,Модуль 2. Python Hard,21,pytest: функции,6,Mockable Client,practice,python_pytest,70,2,24
2,Модуль 2. Python Hard,21,pytest: функции,7,Raise On Empty,practice,python_pytest,70,3,24
2,Модуль 2. Python Hard,21,pytest: функции,8,Fixture Ready Config,practice,python_pytest,70,2,24
2,Модуль 2. Python Hard,21,pytest: функции,9,Закрепление,test,quiz_single,25,2,8
2,Модуль 2. Python Hard,21,pytest: функции,10,Работа в IDE,project,ide_plugin,120,3,45
2,Модуль 2. Python Hard,21,pytest: функции,11,Coverage Branch,practice,python_pytest,90,3,28
2,Модуль 2. Python Hard,21,pytest: функции,12,Coverage Branch,practice,python_pytest,90,3,28
2,Модуль 2. Python Hard,21,pytest: функции,13,Raise On Empty,practice,python_pytest,90,3,28
2,Модуль 2. Python Hard,21,pytest: функции,14,Контроль,test,quiz_single,30,2,10
2,Модуль 2. Python Hard,21,pytest: функции,15,Param Case,practice,python_pytest,90,3,28
2,Модуль 2. Python Hard,21,pytest: функции,16,Итоги,summary,,20,1,8
2,Модуль 2. Python Hard,22,pytest: fixtures,1,Смысл,theory,,20,2,16
2,Модуль 2. Python Hard,22,pytest: fixtures,2,Минимальный пример,theory,,20,2,14
2,Модуль 2. Python Hard,22,pytest: fixtures,3,Понимание,test,quiz_single,25,2,8
2,Модуль 2. Python Hard,22,pytest: fixtures,4,Mockable Client,practice,python_pytest,70,2,24
2,Модуль 2. Python Hard,22,pytest: fixtures,5,Mockable Client,practice,python_pytest,70,3,24
2,Модуль 2. Python Hard,22,pytest: fixtures,6,Raise On Empty,practice,python_pytest,70,2,24
2,Модуль 2. Python Hard,22,pytest: fixtures,7,Mockable Client,practice,python_pytest,70,3,24
2,Модуль 2. Python Hard,22,pytest: fixtures,8,Param Case,practice,python_pytest,70,2,24
2,Модуль 2. Python Hard,22,pytest: fixtures,9,Закрепление,test,quiz_single,25,2,8
2,Модуль 2. Python Hard,22,pytest: fixtures,10,Работа в IDE,project,ide_plugin,120,3,45
2,Модуль 2. Python Hard,22,pytest: fixtures,11,Mockable Client,practice,python_pytest,90,3,28
2,Модуль 2. Python Hard,22,pytest: fixtures,12,Fixture Ready Config,practice,python_pytest,90,3,28
2,Модуль 2. Python Hard,22,pytest: fixtures,13,Raise On Empty,practice,python_pytest,90,3,28
2,Модуль 2. Python Hard,22,pytest: fixtures,14,Контроль,test,quiz_single,30,2,10
2,Модуль 2. Python Hard,22,pytest: fixtures,15,Fixture Ready Config,practice,python_pytest,90,3,28
2,Модуль 2. Python Hard,22,pytest: fixtures,16,Итоги,summary,,20,1,8
2,Модуль 2. Python Hard,23,pytest: parametrization,1,Смысл,theory,,20,2,16
2,Модуль 2. Python Hard,23,pytest: parametrization,2,Минимальный пример,theory,,20,2,14
2,Модуль 2. Python Hard,23,pytest: parametrization,3,Понимание,test,quiz_single,25,2,8
2,Модуль 2. Python Hard,23,pytest: parametrization,4,Raise On Empty,practice,python_pytest,70,2,24
2,Модуль 2. Python Hard,23,pytest: parametrization,5,Raise On Empty,practice,python_pytest,70,3,24
2,Модуль 2. Python Hard,23,pytest: parametrization,6,Mockable Client,practice,python_pytest,70,2,24
2,Модуль 2. Python Hard,23,pytest: parametrization,7,Coverage Branch,practice,python_pytest,70,3,24
2,Модуль 2. Python Hard,23,pytest: parametrization,8,Mockable Client,practice,python_pytest,70,2,24
2,Модуль 2. Python Hard,23,pytest: parametrization,9,Закрепление,test,quiz_single,25,2,8
2,Модуль 2. Python Hard,23,pytest: parametrization,10,Работа в IDE,project,ide_plugin,120,3,45
2,Модуль 2. Python Hard,23,pytest: parametrization,11,Raise On Empty,practice,python_pytest,90,3,28
2,Модуль 2. Python Hard,23,pytest: parametrization,12,Mockable Client,practice,python_pytest,90,3,28
2,Модуль 2. Python Hard,23,pytest: parametrization,13,Raise On Empty,practice,python_pytest,90,3,28
2,Модуль 2. Python Hard,23,pytest: parametrization,14,Контроль,test,quiz_single,30,2,10
2,Модуль 2. Python Hard,23,pytest: parametrization,15,Fixture Ready Config,practice,python_pytest,90,3,28
2,Модуль 2. Python Hard,23,pytest: parametrization,16,Итоги,summary,,20,1,8
2,Модуль 2. Python Hard,24,pytest: mocking,1,Смысл,theory,,20,2,16
2,Модуль 2. Python Hard,24,pytest: mocking,2,Минимальный пример,theory,,20,2,14
2,Модуль 2. Python Hard,24,pytest: mocking,3,Понимание,test,quiz_single,25,2,8
2,Модуль 2. Python Hard,24,pytest: mocking,4,Param Case,practice,python_pytest,70,2,24
2,Модуль 2. Python Hard,24,pytest: mocking,5,Fixture Ready Config,practice,python_pytest,70,3,24
2,Модуль 2. Python Hard,24,pytest: mocking,6,Coverage Branch,practice,python_pytest,70,2,24
2,Модуль 2. Python Hard,24,pytest: mocking,7,Raise On Empty,practice,python_pytest,70,3,24
2,Модуль 2. Python Hard,24,pytest: mocking,8,Fixture Ready Config,practice,python_pytest,70,2,24
2,Модуль 2. Python Hard,24,pytest: mocking,9,Закрепление,test,quiz_single,25,2,8
2,Модуль 2. Python Hard,24,pytest: mocking,10,Работа в IDE,project,ide_plugin,120,3,45
2,Модуль 2. Python Hard,24,pytest: mocking,11,Coverage Branch,practice,python_pytest,90,3,28
2,Модуль 2. Python Hard,24,pytest: mocking,12,Raise On Empty,practice,python_pytest,90,3,28
2,Модуль 2. Python Hard,24,pytest: mocking,13,Coverage Branch,practice,python_pytest,90,3,28
2,Модуль 2. Python Hard,24,pytest: mocking,14,Контроль,test,quiz_single,30,2,10
2,Модуль 2. Python Hard,24,pytest: mocking,15,Coverage Branch,practice,python_pytest,90,3,28
2,Модуль 2. Python Hard,24,pytest: mocking,16,Итоги,summary,,20,1,8
2,Модуль 2. Python Hard,25,pytest: coverage,1,Смысл,theory,,20,2,16
2,Модуль 2. Python Hard,25,pytest: coverage,2,Минимальный пример,theory,,20,2,14
2,Модуль 2. Python Hard,25,pytest: coverage,3,Понимание,test,quiz_single,25,2,8
2,Модуль 2. Python Hard,25,pytest: coverage,4,Fixture Ready Config,practice,python_pytest,70,2,24
2,Модуль 2. Python Hard,25,pytest: coverage,5,Coverage Branch,practice,python_pytest,70,3,24
2,Модуль 2. Python Hard,25,pytest: coverage,6,Raise On Empty,practice,python_pytest,70,2,24
2,Модуль 2. Python Hard,25,pytest: coverage,7,Param Case,practice,python_pytest,70,3,24
2,Модуль 2. Python Hard,25,pytest: coverage,8,Raise On Empty,practice,python_pytest,70,2,24
2,Модуль 2. Python Hard,25,pytest: coverage,9,Закрепление,test,quiz_single,25,2,8
2,Модуль 2. Python Hard,25,pytest: coverage,10,Работа в IDE,project,ide_plugin,120,3,45
2,Модуль 2. Python Hard,25,pytest: coverage,11,Fixture Ready Config,practice,python_pytest,90,3,28
2,Модуль 2. Python Hard,25,pytest: coverage,12,Fixture Ready Config,practice,python_pytest,90,3,28
2,Модуль 2. Python Hard,25,pytest: coverage,13,Fixture Ready Config,practice,python_pytest,90,3,28
2,Модуль 2. Python Hard,25,pytest: coverage,14,Контроль,test,quiz_single,30,2,10
2,Модуль 2. Python Hard,25,pytest: coverage,15,Mockable Client,practice,python_pytest,90,3,28
2,Модуль 2. Python Hard,25,pytest: coverage,16,Итоги,summary,,20,1,8
2,Модуль 2. Python Hard,26,Алгоритмы: сложность,1,Смысл,theory,,20,2,16
2,Модуль 2. Python Hard,26,Алгоритмы: сложность,2,Минимальный пример,theory,,20,2,14
2,Модуль 2. Python Hard,26,Алгоритмы: сложность,3,Понимание,test,quiz_single,25,2,8
2,Модуль 2. Python Hard,26,Алгоритмы: сложность,4,Top K,practice,python_pytest,70,2,24
2,Модуль 2. Python Hard,26,Алгоритмы: сложность,5,Binary Search,practice,python_pytest,70,3,24
2,Модуль 2. Python Hard,26,Алгоритмы: сложность,6,Valid Brackets,practice,python_pytest,70,2,24
2,Модуль 2. Python Hard,26,Алгоритмы: сложность,7,Prefix Sums,practice,python_pytest,70,3,24
2,Модуль 2. Python Hard,26,Алгоритмы: сложность,8,Bfs Distance,practice,python_pytest,70,2,24
2,Модуль 2. Python Hard,26,Алгоритмы: сложность,9,Закрепление,test,quiz_single,25,2,8
2,Модуль 2. Python Hard,26,Алгоритмы: сложность,10,Работа в IDE,project,ide_plugin,120,3,45
2,Модуль 2. Python Hard,26,Алгоритмы: сложность,11,Итоги,summary,,20,1,8
2,Модуль 2. Python Hard,27,Массивы и списки,1,Смысл,theory,,20,2,16
2,Модуль 2. Python Hard,27,Массивы и списки,2,Минимальный пример,theory,,20,2,14
2,Модуль 2. Python Hard,27,Массивы и списки,3,Понимание,test,quiz_single,25,2,8
2,Модуль 2. Python Hard,27,Массивы и списки,4,Cache Invalidation Keys,practice,python_pytest,70,2,24
2,Модуль 2. Python Hard,27,Массивы и списки,5,Dto Mapper Public,practice,python_pytest,70,3,24
2,Модуль 2. Python Hard,27,Массивы и списки,6,Cli Config Parser,practice,python_pytest,70,2,24
2,Модуль 2. Python Hard,27,Массивы и списки,7,Token Scope Validator,practice,python_pytest,70,3,24
2,Модуль 2. Python Hard,27,Массивы и списки,8,Dto Mapper Public,practice,python_pytest,70,2,24
2,Модуль 2. Python Hard,27,Массивы и списки,9,Закрепление,test,quiz_single,25,2,8
2,Модуль 2. Python Hard,27,Массивы и списки,10,Работа в IDE,project,ide_plugin,120,3,45
2,Модуль 2. Python Hard,27,Массивы и списки,11,Итоги,summary,,20,1,8
2,Модуль 2. Python Hard,28,Hash map и set,1,Смысл,theory,,20,2,16
2,Модуль 2. Python Hard,28,Hash map и set,2,Минимальный пример,theory,,20,2,14
2,Модуль 2. Python Hard,28,Hash map и set,3,Понимание,test,quiz_single,25,2,8
2,Модуль 2. Python Hard,28,Hash map и set,4,Task State Transition,practice,python_pytest,70,2,24
2,Модуль 2. Python Hard,28,Hash map и set,5,Dto Mapper Public,practice,python_pytest,70,3,24
2,Модуль 2. Python Hard,28,Hash map и set,6,Delivery Window Planner,practice,python_pytest,70,2,24
2,Модуль 2. Python Hard,28,Hash map и set,7,Permissions Policy,practice,python_pytest,70,3,24
2,Модуль 2. Python Hard,28,Hash map и set,8,Cache Invalidation Keys,practice,python_pytest,70,2,24
2,Модуль 2. Python Hard,28,Hash map и set,9,Закрепление,test,quiz_single,25,2,8
2,Модуль 2. Python Hard,28,Hash map и set,10,Работа в IDE,project,ide_plugin,120,3,45
2,Модуль 2. Python Hard,28,Hash map и set,11,Итоги,summary,,20,1,8
2,Модуль 2. Python Hard,29,"Stack, queue, deque",1,Смысл,theory,,20,2,16
2,Модуль 2. Python Hard,29,"Stack, queue, deque",2,Минимальный пример,theory,,20,2,14
2,Модуль 2. Python Hard,29,"Stack, queue, deque",3,Понимание,test,quiz_single,25,2,8
2,Модуль 2. Python Hard,29,"Stack, queue, deque",4,Rate Limit Bucket,practice,python_pytest,70,2,24
2,Модуль 2. Python Hard,29,"Stack, queue, deque",5,Sql Query Builder,practice,python_pytest,70,3,24
2,Модуль 2. Python Hard,29,"Stack, queue, deque",6,Token Scope Validator,practice,python_pytest,70,2,24
2,Модуль 2. Python Hard,29,"Stack, queue, deque",7,Sql Query Builder,practice,python_pytest,70,3,24
2,Модуль 2. Python Hard,29,"Stack, queue, deque",8,Task State Transition,practice,python_pytest,70,2,24
2,Модуль 2. Python Hard,29,"Stack, queue, deque",9,Закрепление,test,quiz_single,25,2,8
2,Модуль 2. Python Hard,29,"Stack, queue, deque",10,Работа в IDE,project,ide_plugin,120,3,45
2,Модуль 2. Python Hard,29,"Stack, queue, deque",11,Итоги,summary,,20,1,8
2,Модуль 2. Python Hard,30,Сортировки,1,Смысл,theory,,20,2,16
2,Модуль 2. Python Hard,30,Сортировки,2,Минимальный пример,theory,,20,2,14
2,Модуль 2. Python Hard,30,Сортировки,3,Понимание,test,quiz_single,25,2,8
2,Модуль 2. Python Hard,30,Сортировки,4,Delivery Window Planner,practice,python_pytest,70,2,24
2,Модуль 2. Python Hard,30,Сортировки,5,Unit Of Work Summary,practice,python_pytest,70,3,24
2,Модуль 2. Python Hard,30,Сортировки,6,Task State Transition,practice,python_pytest,70,2,24
2,Модуль 2. Python Hard,30,Сортировки,7,Permissions Policy,practice,python_pytest,70,3,24
2,Модуль 2. Python Hard,30,Сортировки,8,Delivery Window Planner,practice,python_pytest,70,2,24
2,Модуль 2. Python Hard,30,Сортировки,9,Закрепление,test,quiz_single,25,2,8
2,Модуль 2. Python Hard,30,Сортировки,10,Работа в IDE,project,ide_plugin,120,3,45
2,Модуль 2. Python Hard,30,Сортировки,11,Итоги,summary,,20,1,8
2,Модуль 2. Python Hard,31,Binary search,1,Смысл,theory,,20,2,16
2,Модуль 2. Python Hard,31,Binary search,2,Минимальный пример,theory,,20,2,14
2,Модуль 2. Python Hard,31,Binary search,3,Понимание,test,quiz_single,25,2,8
2,Модуль 2. Python Hard,31,Binary search,4,Dto Mapper Public,practice,python_pytest,70,2,24
2,Модуль 2. Python Hard,31,Binary search,5,Invoice Calculator,practice,python_pytest,70,3,24
2,Модуль 2. Python Hard,31,Binary search,6,Cache Invalidation Keys,practice,python_pytest,70,2,24
2,Модуль 2. Python Hard,31,Binary search,7,Http Response Mapper,practice,python_pytest,70,3,24
2,Модуль 2. Python Hard,31,Binary search,8,Invoice Calculator,practice,python_pytest,70,2,24
2,Модуль 2. Python Hard,31,Binary search,9,Закрепление,test,quiz_single,25,2,8
2,Модуль 2. Python Hard,31,Binary search,10,Работа в IDE,project,ide_plugin,120,3,45
2,Модуль 2. Python Hard,31,Binary search,11,Итоги,summary,,20,1,8
2,Модуль 2. Python Hard,32,threading,1,Смысл,theory,,20,2,16
2,Модуль 2. Python Hard,32,threading,2,Минимальный пример,theory,,20,2,14
2,Модуль 2. Python Hard,32,threading,3,Понимание,test,quiz_single,25,2,8
2,Модуль 2. Python Hard,32,threading,4,Cpu Partition,practice,python_pytest,70,2,24
2,Модуль 2. Python Hard,32,threading,5,Worker Result,practice,python_pytest,70,3,24
2,Модуль 2. Python Hard,32,threading,6,Queue Drain,practice,python_pytest,70,2,24
2,Модуль 2. Python Hard,32,threading,7,Cpu Partition,practice,python_pytest,70,3,24
2,Модуль 2. Python Hard,32,threading,8,Worker Result,practice,python_pytest,70,2,24
2,Модуль 2. Python Hard,32,threading,9,Закрепление,test,quiz_single,25,2,8
2,Модуль 2. Python Hard,32,threading,10,Работа в IDE,project,ide_plugin,120,3,45
2,Модуль 2. Python Hard,32,threading,11,Cpu Partition,practice,python_pytest,90,3,28
2,Модуль 2. Python Hard,32,threading,12,Queue Drain,practice,python_pytest,90,3,28
2,Модуль 2. Python Hard,32,threading,13,Chunk Jobs,practice,python_pytest,90,3,28
2,Модуль 2. Python Hard,32,threading,14,Контроль,test,quiz_single,30,2,10
2,Модуль 2. Python Hard,32,threading,15,Worker Result,practice,python_pytest,90,3,28
2,Модуль 2. Python Hard,32,threading,16,Итоги,summary,,20,1,8
2,Модуль 2. Python Hard,33,multiprocessing,1,Смысл,theory,,20,2,16
2,Модуль 2. Python Hard,33,multiprocessing,2,Минимальный пример,theory,,20,2,14
2,Модуль 2. Python Hard,33,multiprocessing,3,Понимание,test,quiz_single,25,2,8
2,Модуль 2. Python Hard,33,multiprocessing,4,Locked Counter,practice,python_pytest,70,2,24
2,Модуль 2. Python Hard,33,multiprocessing,5,Cpu Partition,practice,python_pytest,70,3,24
2,Модуль 2. Python Hard,33,multiprocessing,6,Cpu Partition,practice,python_pytest,70,2,24
2,Модуль 2. Python Hard,33,multiprocessing,7,Queue Drain,practice,python_pytest,70,3,24
2,Модуль 2. Python Hard,33,multiprocessing,8,Chunk Jobs,practice,python_pytest,70,2,24
2,Модуль 2. Python Hard,33,multiprocessing,9,Закрепление,test,quiz_single,25,2,8
2,Модуль 2. Python Hard,33,multiprocessing,10,Работа в IDE,project,ide_plugin,120,3,45
2,Модуль 2. Python Hard,33,multiprocessing,11,Locked Counter,practice,python_pytest,90,3,28
2,Модуль 2. Python Hard,33,multiprocessing,12,Cpu Partition,practice,python_pytest,90,3,28
2,Модуль 2. Python Hard,33,multiprocessing,13,Chunk Jobs,practice,python_pytest,90,3,28
2,Модуль 2. Python Hard,33,multiprocessing,14,Контроль,test,quiz_single,30,2,10
2,Модуль 2. Python Hard,33,multiprocessing,15,Locked Counter,practice,python_pytest,90,3,28
2,Модуль 2. Python Hard,33,multiprocessing,16,Итоги,summary,,20,1,8
2,Модуль 2. Python Hard,34,asyncio: база,1,Смысл,theory,,20,2,16
2,Модуль 2. Python Hard,34,asyncio: база,2,Минимальный пример,theory,,20,2,14
2,Модуль 2. Python Hard,34,asyncio: база,3,Понимание,test,quiz_single,25,2,8
2,Модуль 2. Python Hard,34,asyncio: база,4,Async Limit,practice,python_pytest,70,2,24
2,Модуль 2. Python Hard,34,asyncio: база,5,Async Queue,practice,python_pytest,70,3,24
2,Модуль 2. Python Hard,34,asyncio: база,6,Async Timeout,practice,python_pytest,70,2,24
2,Модуль 2. Python Hard,34,asyncio: база,7,Async Gather,practice,python_pytest,70,3,24
2,Модуль 2. Python Hard,34,asyncio: база,8,Async Retry,practice,python_pytest,70,2,24
2,Модуль 2. Python Hard,34,asyncio: база,9,Закрепление,test,quiz_single,25,2,8
2,Модуль 2. Python Hard,34,asyncio: база,10,Работа в IDE,project,ide_plugin,120,3,45
2,Модуль 2. Python Hard,34,asyncio: база,11,Async Timeout,practice,python_pytest,90,3,28
2,Модуль 2. Python Hard,34,asyncio: база,12,Async Retry,practice,python_pytest,90,3,28
2,Модуль 2. Python Hard,34,asyncio: база,13,Async Queue,practice,python_pytest,90,3,28
2,Модуль 2. Python Hard,34,asyncio: база,14,Контроль,test,quiz_single,30,2,10
2,Модуль 2. Python Hard,34,asyncio: база,15,Async Retry,practice,python_pytest,90,3,28
2,Модуль 2. Python Hard,34,asyncio: база,16,Итоги,summary,,20,1,8
2,Модуль 2. Python Hard,35,asyncio: задачи и очереди,1,Смысл,theory,,20,2,16
2,Модуль 2. Python Hard,35,asyncio: задачи и очереди,2,Минимальный пример,theory,,20,2,14
2,Модуль 2. Python Hard,35,asyncio: задачи и очереди,3,Понимание,test,quiz_single,25,2,8
2,Модуль 2. Python Hard,35,asyncio: задачи и очереди,4,Async Timeout,practice,python_pytest,70,2,24
2,Модуль 2. Python Hard,35,asyncio: задачи и очереди,5,Async Gather,practice,python_pytest,70,3,24
2,Модуль 2. Python Hard,35,asyncio: задачи и очереди,6,Async Limit,practice,python_pytest,70,2,24
2,Модуль 2. Python Hard,35,asyncio: задачи и очереди,7,Async Gather,practice,python_pytest,70,3,24
2,Модуль 2. Python Hard,35,asyncio: задачи и очереди,8,Async Retry,practice,python_pytest,70,2,24
2,Модуль 2. Python Hard,35,asyncio: задачи и очереди,9,Закрепление,test,quiz_single,25,2,8
2,Модуль 2. Python Hard,35,asyncio: задачи и очереди,10,Работа в IDE,project,ide_plugin,120,3,45
2,Модуль 2. Python Hard,35,asyncio: задачи и очереди,11,Async Timeout,practice,python_pytest,90,3,28
2,Модуль 2. Python Hard,35,asyncio: задачи и очереди,12,Async Limit,practice,python_pytest,90,3,28
2,Модуль 2. Python Hard,35,asyncio: задачи и очереди,13,Async Limit,practice,python_pytest,90,3,28
2,Модуль 2. Python Hard,35,asyncio: задачи и очереди,14,Контроль,test,quiz_single,30,2,10
2,Модуль 2. Python Hard,35,asyncio: задачи и очереди,15,Async Queue,practice,python_pytest,90,3,28
2,Модуль 2. Python Hard,35,asyncio: задачи и очереди,16,Итоги,summary,,20,1,8
2,Модуль 2. Python Hard,36,asyncio: HTTP,1,Смысл,theory,,20,2,16
2,Модуль 2. Python Hard,36,asyncio: HTTP,2,Минимальный пример,theory,,20,2,14
2,Модуль 2. Python Hard,36,asyncio: HTTP,3,Понимание,test,quiz_single,25,2,8
2,Модуль 2. Python Hard,36,asyncio: HTTP,4,Async Limit,practice,python_pytest,70,2,24
2,Модуль 2. Python Hard,36,asyncio: HTTP,5,Async Gather,practice,python_pytest,70,3,24
2,Модуль 2. Python Hard,36,asyncio: HTTP,6,Async Timeout,practice,python_pytest,70,2,24
2,Модуль 2. Python Hard,36,asyncio: HTTP,7,Async Limit,practice,python_pytest,70,3,24
2,Модуль 2. Python Hard,36,asyncio: HTTP,8,Async Gather,practice,python_pytest,70,2,24
2,Модуль 2. Python Hard,36,asyncio: HTTP,9,Закрепление,test,quiz_single,25,2,8
2,Модуль 2. Python Hard,36,asyncio: HTTP,10,Работа в IDE,project,ide_plugin,120,3,45
2,Модуль 2. Python Hard,36,asyncio: HTTP,11,Async Retry,practice,python_pytest,90,3,28
2,Модуль 2. Python Hard,36,asyncio: HTTP,12,Async Retry,practice,python_pytest,90,3,28
2,Модуль 2. Python Hard,36,asyncio: HTTP,13,Async Limit,practice,python_pytest,90,3,28
2,Модуль 2. Python Hard,36,asyncio: HTTP,14,Контроль,test,quiz_single,30,2,10
2,Модуль 2. Python Hard,36,asyncio: HTTP,15,Async Queue,practice,python_pytest,90,3,28
2,Модуль 2. Python Hard,36,asyncio: HTTP,16,Итоги,summary,,20,1,8
3,"Модуль 3. SQL, базы данных и сети",1,SQL: SELECT,1,Смысл,theory,,25,2,16
3,"Модуль 3. SQL, базы данных и сети",1,SQL: SELECT,2,Минимальный пример,theory,,25,2,14
3,"Модуль 3. SQL, базы данных и сети",1,SQL: SELECT,3,Понимание,test,quiz_single,25,2,8
3,"Модуль 3. SQL, базы данных и сети",1,SQL: SELECT,4,Alias echo,practice,sql_query,90,3,28
3,"Модуль 3. SQL, базы данных и сети",1,SQL: SELECT,5,Computed field foxtrot,practice,sql_query,90,3,28
3,"Модуль 3. SQL, базы данных и сети",1,SQL: SELECT,6,SELECT columns golf,practice,sql_query,90,3,28
3,"Модуль 3. SQL, базы данных и сети",1,SQL: SELECT,7,Alias hotel,practice,sql_query,90,3,28
3,"Модуль 3. SQL, базы данных и сети",1,SQL: SELECT,8,Computed field india,practice,sql_query,90,3,28
3,"Модуль 3. SQL, базы данных и сети",1,SQL: SELECT,9,SELECT columns juliet,practice,sql_query,90,3,28
3,"Модуль 3. SQL, базы данных и сети",1,SQL: SELECT,10,Alias kilo,practice,sql_query,90,3,28
3,"Модуль 3. SQL, базы данных и сети",1,SQL: SELECT,11,Computed field lima,practice,sql_query,90,3,28
3,"Модуль 3. SQL, базы данных и сети",1,SQL: SELECT,12,SELECT columns mike,practice,sql_query,90,3,28
3,"Модуль 3. SQL, базы данных и сети",1,SQL: SELECT,13,Закрепление,test,quiz_single,25,2,8
3,"Модуль 3. SQL, базы данных и сети",1,SQL: SELECT,14,SQL-файл,project,ide_plugin,120,3,45
3,"Модуль 3. SQL, базы данных и сети",1,SQL: SELECT,15,SELECT columns papa,practice,sql_query,105,4,34
3,"Модуль 3. SQL, базы данных и сети",1,SQL: SELECT,16,Alias quebec,practice,sql_query,105,4,34
3,"Модуль 3. SQL, базы данных и сети",1,SQL: SELECT,17,Итоги,summary,,20,1,8
3,"Модуль 3. SQL, базы данных и сети",2,SQL: WHERE,1,Смысл,theory,,25,2,16
3,"Модуль 3. SQL, базы данных и сети",2,SQL: WHERE,2,Минимальный пример,theory,,25,2,14
3,"Модуль 3. SQL, базы данных и сети",2,SQL: WHERE,3,Понимание,test,quiz_single,25,2,8
3,"Модуль 3. SQL, базы данных и сети",2,SQL: WHERE,4,IS NULL echo,practice,sql_query,90,3,28
3,"Модуль 3. SQL, базы данных и сети",2,SQL: WHERE,5,WHERE AND foxtrot,practice,sql_query,90,3,28
3,"Модуль 3. SQL, базы данных и сети",2,SQL: WHERE,6,WHERE active golf,practice,sql_query,90,3,28
3,"Модуль 3. SQL, базы данных и сети",2,SQL: WHERE,7,IS NULL hotel,practice,sql_query,90,3,28
3,"Модуль 3. SQL, базы данных и сети",2,SQL: WHERE,8,WHERE AND india,practice,sql_query,90,3,28
3,"Модуль 3. SQL, базы данных и сети",2,SQL: WHERE,9,WHERE active juliet,practice,sql_query,90,3,28
3,"Модуль 3. SQL, базы данных и сети",2,SQL: WHERE,10,IS NULL kilo,practice,sql_query,90,3,28
3,"Модуль 3. SQL, базы данных и сети",2,SQL: WHERE,11,WHERE AND lima,practice,sql_query,90,3,28
3,"Модуль 3. SQL, базы данных и сети",2,SQL: WHERE,12,WHERE active mike,practice,sql_query,90,3,28
3,"Модуль 3. SQL, базы данных и сети",2,SQL: WHERE,13,Закрепление,test,quiz_single,25,2,8
3,"Модуль 3. SQL, базы данных и сети",2,SQL: WHERE,14,SQL-файл,project,ide_plugin,120,3,45
3,"Модуль 3. SQL, базы данных и сети",2,SQL: WHERE,15,WHERE active papa,practice,sql_query,105,4,34
3,"Модуль 3. SQL, базы данных и сети",2,SQL: WHERE,16,IS NULL quebec,practice,sql_query,105,4,34
3,"Модуль 3. SQL, базы данных и сети",2,SQL: WHERE,17,Итоги,summary,,20,1,8
3,"Модуль 3. SQL, базы данных и сети",3,SQL: ORDER BY и LIMIT,1,Смысл,theory,,25,2,16
3,"Модуль 3. SQL, базы данных и сети",3,SQL: ORDER BY и LIMIT,2,Минимальный пример,theory,,25,2,14
3,"Модуль 3. SQL, базы данных и сети",3,SQL: ORDER BY и LIMIT,3,Понимание,test,quiz_single,25,2,8
3,"Модуль 3. SQL, базы данных и сети",3,SQL: ORDER BY и LIMIT,4,LIMIT echo,practice,sql_query,90,3,28
3,"Модуль 3. SQL, базы данных и сети",3,SQL: ORDER BY и LIMIT,5,OFFSET foxtrot,practice,sql_query,90,3,28
3,"Модуль 3. SQL, базы данных и сети",3,SQL: ORDER BY и LIMIT,6,ORDER BY golf,practice,sql_query,90,3,28
3,"Модуль 3. SQL, базы данных и сети",3,SQL: ORDER BY и LIMIT,7,LIMIT hotel,practice,sql_query,90,3,28
3,"Модуль 3. SQL, базы данных и сети",3,SQL: ORDER BY и LIMIT,8,OFFSET india,practice,sql_query,90,3,28
3,"Модуль 3. SQL, базы данных и сети",3,SQL: ORDER BY и LIMIT,9,ORDER BY juliet,practice,sql_query,90,3,28
3,"Модуль 3. SQL, базы данных и сети",3,SQL: ORDER BY и LIMIT,10,LIMIT kilo,practice,sql_query,90,3,28
3,"Модуль 3. SQL, базы данных и сети",3,SQL: ORDER BY и LIMIT,11,OFFSET lima,practice,sql_query,90,3,28
3,"Модуль 3. SQL, базы данных и сети",3,SQL: ORDER BY и LIMIT,12,ORDER BY mike,practice,sql_query,90,3,28
3,"Модуль 3. SQL, базы данных и сети",3,SQL: ORDER BY и LIMIT,13,Закрепление,test,quiz_single,25,2,8
3,"Модуль 3. SQL, базы данных и сети",3,SQL: ORDER BY и LIMIT,14,SQL-файл,project,ide_plugin,120,3,45
3,"Модуль 3. SQL, базы данных и сети",3,SQL: ORDER BY и LIMIT,15,ORDER BY papa,practice,sql_query,105,4,34
3,"Модуль 3. SQL, базы данных и сети",3,SQL: ORDER BY и LIMIT,16,LIMIT quebec,practice,sql_query,105,4,34
3,"Модуль 3. SQL, базы данных и сети",3,SQL: ORDER BY и LIMIT,17,Итоги,summary,,20,1,8
3,"Модуль 3. SQL, базы данных и сети",4,"SQL: LIKE, IN, BETWEEN, NULL",1,Смысл,theory,,25,2,16
3,"Модуль 3. SQL, базы данных и сети",4,"SQL: LIKE, IN, BETWEEN, NULL",2,Минимальный пример,theory,,25,2,14
3,"Модуль 3. SQL, базы данных и сети",4,"SQL: LIKE, IN, BETWEEN, NULL",3,Понимание,test,quiz_single,25,2,8
3,"Модуль 3. SQL, базы данных и сети",4,"SQL: LIKE, IN, BETWEEN, NULL",4,IN echo,practice,sql_query,90,3,28
3,"Модуль 3. SQL, базы данных и сети",4,"SQL: LIKE, IN, BETWEEN, NULL",5,BETWEEN foxtrot,practice,sql_query,90,3,28
3,"Модуль 3. SQL, базы данных и сети",4,"SQL: LIKE, IN, BETWEEN, NULL",6,LIKE golf,practice,sql_query,90,3,28
3,"Модуль 3. SQL, базы данных и сети",4,"SQL: LIKE, IN, BETWEEN, NULL",7,IN hotel,practice,sql_query,90,3,28
3,"Модуль 3. SQL, базы данных и сети",4,"SQL: LIKE, IN, BETWEEN, NULL",8,BETWEEN india,practice,sql_query,90,3,28
3,"Модуль 3. SQL, базы данных и сети",4,"SQL: LIKE, IN, BETWEEN, NULL",9,LIKE juliet,practice,sql_query,90,3,28
3,"Модуль 3. SQL, базы данных и сети",4,"SQL: LIKE, IN, BETWEEN, NULL",10,IN kilo,practice,sql_query,90,3,28
3,"Модуль 3. SQL, базы данных и сети",4,"SQL: LIKE, IN, BETWEEN, NULL",11,BETWEEN lima,practice,sql_query,90,3,28
3,"Модуль 3. SQL, базы данных и сети",4,"SQL: LIKE, IN, BETWEEN, NULL",12,LIKE mike,practice,sql_query,90,3,28
3,"Модуль 3. SQL, базы данных и сети",4,"SQL: LIKE, IN, BETWEEN, NULL",13,Закрепление,test,quiz_single,25,2,8
3,"Модуль 3. SQL, базы данных и сети",4,"SQL: LIKE, IN, BETWEEN, NULL",14,SQL-файл,project,ide_plugin,120,3,45
3,"Модуль 3. SQL, базы данных и сети",4,"SQL: LIKE, IN, BETWEEN, NULL",15,LIKE papa,practice,sql_query,105,4,34
3,"Модуль 3. SQL, базы данных и сети",4,"SQL: LIKE, IN, BETWEEN, NULL",16,IN quebec,practice,sql_query,105,4,34
3,"Модуль 3. SQL, базы данных и сети",4,"SQL: LIKE, IN, BETWEEN, NULL",17,Итоги,summary,,20,1,8
3,"Модуль 3. SQL, базы данных и сети",5,SQL: агрегаты,1,Смысл,theory,,25,2,16
3,"Модуль 3. SQL, базы данных и сети",5,SQL: агрегаты,2,Минимальный пример,theory,,25,2,14
3,"Модуль 3. SQL, базы данных и сети",5,SQL: агрегаты,3,Понимание,test,quiz_single,25,2,8
3,"Модуль 3. SQL, базы данных и сети",5,SQL: агрегаты,4,SUM echo,practice,sql_query,90,3,28
3,"Модуль 3. SQL, базы данных и сети",5,SQL: агрегаты,5,AVG foxtrot,practice,sql_query,90,3,28
3,"Модуль 3. SQL, базы данных и сети",5,SQL: агрегаты,6,COUNT column golf,practice,sql_query,90,3,28
3,"Модуль 3. SQL, базы данных и сети",5,SQL: агрегаты,7,SUM hotel,practice,sql_query,90,3,28
3,"Модуль 3. SQL, базы данных и сети",5,SQL: агрегаты,8,AVG india,practice,sql_query,90,3,28
3,"Модуль 3. SQL, базы данных и сети",5,SQL: агрегаты,9,COUNT column juliet,practice,sql_query,90,3,28
3,"Модуль 3. SQL, базы данных и сети",5,SQL: агрегаты,10,SUM kilo,practice,sql_query,90,3,28
3,"Модуль 3. SQL, базы данных и сети",5,SQL: агрегаты,11,AVG lima,practice,sql_query,90,3,28
3,"Модуль 3. SQL, базы данных и сети",5,SQL: агрегаты,12,COUNT column mike,practice,sql_query,90,3,28
3,"Модуль 3. SQL, базы данных и сети",5,SQL: агрегаты,13,Закрепление,test,quiz_single,25,2,8
3,"Модуль 3. SQL, базы данных и сети",5,SQL: агрегаты,14,SQL-файл,project,ide_plugin,120,3,45
3,"Модуль 3. SQL, базы данных и сети",5,SQL: агрегаты,15,COUNT column papa,practice,sql_query,105,4,34
3,"Модуль 3. SQL, базы данных и сети",5,SQL: агрегаты,16,SUM quebec,practice,sql_query,105,4,34
3,"Модуль 3. SQL, базы данных и сети",5,SQL: агрегаты,17,Итоги,summary,,20,1,8
3,"Модуль 3. SQL, базы данных и сети",6,SQL: GROUP BY,1,Смысл,theory,,25,2,16
3,"Модуль 3. SQL, базы данных и сети",6,SQL: GROUP BY,2,Минимальный пример,theory,,25,2,14
3,"Модуль 3. SQL, базы данных и сети",6,SQL: GROUP BY,3,Понимание,test,quiz_single,25,2,8
3,"Модуль 3. SQL, базы данных и сети",6,SQL: GROUP BY,4,GROUP BY user echo,practice,sql_query,90,3,28
3,"Модуль 3. SQL, базы данных и сети",6,SQL: GROUP BY,5,GROUP BY category foxtrot,practice,sql_query,90,3,28
3,"Модуль 3. SQL, базы данных и сети",6,SQL: GROUP BY,6,GROUP BY status golf,practice,sql_query,90,3,28
3,"Модуль 3. SQL, базы данных и сети",6,SQL: GROUP BY,7,GROUP BY user hotel,practice,sql_query,90,3,28
3,"Модуль 3. SQL, базы данных и сети",6,SQL: GROUP BY,8,GROUP BY category india,practice,sql_query,90,3,28
3,"Модуль 3. SQL, базы данных и сети",6,SQL: GROUP BY,9,GROUP BY status juliet,practice,sql_query,90,3,28
3,"Модуль 3. SQL, базы данных и сети",6,SQL: GROUP BY,10,GROUP BY user kilo,practice,sql_query,90,3,28
3,"Модуль 3. SQL, базы данных и сети",6,SQL: GROUP BY,11,GROUP BY category lima,practice,sql_query,90,3,28
3,"Модуль 3. SQL, базы данных и сети",6,SQL: GROUP BY,12,GROUP BY status mike,practice,sql_query,90,3,28
3,"Модуль 3. SQL, базы данных и сети",6,SQL: GROUP BY,13,Закрепление,test,quiz_single,25,2,8
3,"Модуль 3. SQL, базы данных и сети",6,SQL: GROUP BY,14,SQL-файл,project,ide_plugin,120,3,45
3,"Модуль 3. SQL, базы данных и сети",6,SQL: GROUP BY,15,GROUP BY status papa,practice,sql_query,105,4,34
3,"Модуль 3. SQL, базы данных и сети",6,SQL: GROUP BY,16,GROUP BY user quebec,practice,sql_query,105,4,34
3,"Модуль 3. SQL, базы данных и сети",6,SQL: GROUP BY,17,Итоги,summary,,20,1,8
3,"Модуль 3. SQL, базы данных и сети",7,SQL: HAVING,1,Смысл,theory,,25,2,16
3,"Модуль 3. SQL, базы данных и сети",7,SQL: HAVING,2,Минимальный пример,theory,,25,2,14
3,"Модуль 3. SQL, базы данных и сети",7,SQL: HAVING,3,Понимание,test,quiz_single,25,2,8
3,"Модуль 3. SQL, базы данных и сети",7,SQL: HAVING,4,HAVING sum echo,practice,sql_query,90,3,28
3,"Модуль 3. SQL, базы данных и сети",7,SQL: HAVING,5,HAVING avg foxtrot,practice,sql_query,90,3,28
3,"Модуль 3. SQL, базы данных и сети",7,SQL: HAVING,6,HAVING count golf,practice,sql_query,90,3,28
3,"Модуль 3. SQL, базы данных и сети",7,SQL: HAVING,7,HAVING sum hotel,practice,sql_query,90,3,28
3,"Модуль 3. SQL, базы данных и сети",7,SQL: HAVING,8,HAVING avg india,practice,sql_query,90,3,28
3,"Модуль 3. SQL, базы данных и сети",7,SQL: HAVING,9,HAVING count juliet,practice,sql_query,90,3,28
3,"Модуль 3. SQL, базы данных и сети",7,SQL: HAVING,10,HAVING sum kilo,practice,sql_query,90,3,28
3,"Модуль 3. SQL, базы данных и сети",7,SQL: HAVING,11,HAVING avg lima,practice,sql_query,90,3,28
3,"Модуль 3. SQL, базы данных и сети",7,SQL: HAVING,12,HAVING count mike,practice,sql_query,90,3,28
3,"Модуль 3. SQL, базы данных и сети",7,SQL: HAVING,13,Закрепление,test,quiz_single,25,2,8
3,"Модуль 3. SQL, базы данных и сети",7,SQL: HAVING,14,SQL-файл,project,ide_plugin,120,3,45
3,"Модуль 3. SQL, базы данных и сети",7,SQL: HAVING,15,HAVING count papa,practice,sql_query,105,4,34
3,"Модуль 3. SQL, базы данных и сети",7,SQL: HAVING,16,HAVING sum quebec,practice,sql_query,105,4,34
3,"Модуль 3. SQL, базы данных и сети",7,SQL: HAVING,17,Итоги,summary,,20,1,8
3,"Модуль 3. SQL, базы данных и сети",8,SQL: INNER JOIN,1,Смысл,theory,,25,2,16
3,"Модуль 3. SQL, базы данных и сети",8,SQL: INNER JOIN,2,Минимальный пример,theory,,25,2,14
3,"Модуль 3. SQL, базы данных и сети",8,SQL: INNER JOIN,3,Понимание,test,quiz_single,25,2,8
3,"Модуль 3. SQL, базы данных и сети",8,SQL: INNER JOIN,4,JOIN products echo,practice,sql_query,90,3,28
3,"Модуль 3. SQL, базы данных и сети",8,SQL: INNER JOIN,5,JOIN payments foxtrot,practice,sql_query,90,3,28
3,"Модуль 3. SQL, базы данных и сети",8,SQL: INNER JOIN,6,JOIN users golf,practice,sql_query,90,3,28
3,"Модуль 3. SQL, базы данных и сети",8,SQL: INNER JOIN,7,JOIN products hotel,practice,sql_query,90,3,28
3,"Модуль 3. SQL, базы данных и сети",8,SQL: INNER JOIN,8,JOIN payments india,practice,sql_query,90,3,28
3,"Модуль 3. SQL, базы данных и сети",8,SQL: INNER JOIN,9,JOIN users juliet,practice,sql_query,90,3,28
3,"Модуль 3. SQL, базы данных и сети",8,SQL: INNER JOIN,10,JOIN products kilo,practice,sql_query,90,3,28
3,"Модуль 3. SQL, базы данных и сети",8,SQL: INNER JOIN,11,JOIN payments lima,practice,sql_query,90,3,28
3,"Модуль 3. SQL, базы данных и сети",8,SQL: INNER JOIN,12,JOIN users mike,practice,sql_query,90,3,28
3,"Модуль 3. SQL, базы данных и сети",8,SQL: INNER JOIN,13,Закрепление,test,quiz_single,25,2,8
3,"Модуль 3. SQL, базы данных и сети",8,SQL: INNER JOIN,14,SQL-файл,project,ide_plugin,120,3,45
3,"Модуль 3. SQL, базы данных и сети",8,SQL: INNER JOIN,15,JOIN users papa,practice,sql_query,105,4,34
3,"Модуль 3. SQL, базы данных и сети",8,SQL: INNER JOIN,16,JOIN products quebec,practice,sql_query,105,4,34
3,"Модуль 3. SQL, базы данных и сети",8,SQL: INNER JOIN,17,Итоги,summary,,20,1,8
3,"Модуль 3. SQL, базы данных и сети",9,SQL: LEFT JOIN,1,Смысл,theory,,25,2,16
3,"Модуль 3. SQL, базы данных и сети",9,SQL: LEFT JOIN,2,Минимальный пример,theory,,25,2,14
3,"Модуль 3. SQL, базы данных и сети",9,SQL: LEFT JOIN,3,Понимание,test,quiz_single,25,2,8
3,"Модуль 3. SQL, базы данных и сети",9,SQL: LEFT JOIN,4,LEFT JOIN keep users echo,practice,sql_query,90,3,28
3,"Модуль 3. SQL, базы данных и сети",9,SQL: LEFT JOIN,5,LEFT JOIN ON filter foxtrot,practice,sql_query,90,3,28
3,"Модуль 3. SQL, базы данных и сети",9,SQL: LEFT JOIN,6,LEFT JOIN no orders golf,practice,sql_query,90,3,28
3,"Модуль 3. SQL, базы данных и сети",9,SQL: LEFT JOIN,7,LEFT JOIN keep users hotel,practice,sql_query,90,3,28
3,"Модуль 3. SQL, базы данных и сети",9,SQL: LEFT JOIN,8,LEFT JOIN ON filter india,practice,sql_query,90,3,28
3,"Модуль 3. SQL, базы данных и сети",9,SQL: LEFT JOIN,9,LEFT JOIN no orders juliet,practice,sql_query,90,3,28
3,"Модуль 3. SQL, базы данных и сети",9,SQL: LEFT JOIN,10,LEFT JOIN keep users kilo,practice,sql_query,90,3,28
3,"Модуль 3. SQL, базы данных и сети",9,SQL: LEFT JOIN,11,LEFT JOIN ON filter lima,practice,sql_query,90,3,28
3,"Модуль 3. SQL, базы данных и сети",9,SQL: LEFT JOIN,12,LEFT JOIN no orders mike,practice,sql_query,90,3,28
3,"Модуль 3. SQL, базы данных и сети",9,SQL: LEFT JOIN,13,Закрепление,test,quiz_single,25,2,8
3,"Модуль 3. SQL, базы данных и сети",9,SQL: LEFT JOIN,14,SQL-файл,project,ide_plugin,120,3,45
3,"Модуль 3. SQL, базы данных и сети",9,SQL: LEFT JOIN,15,LEFT JOIN no orders papa,practice,sql_query,105,4,34
3,"Модуль 3. SQL, базы данных и сети",9,SQL: LEFT JOIN,16,LEFT JOIN keep users quebec,practice,sql_query,105,4,34
3,"Модуль 3. SQL, базы данных и сети",9,SQL: LEFT JOIN,17,Итоги,summary,,20,1,8
3,"Модуль 3. SQL, базы данных и сети",10,SQL: self join,1,Смысл,theory,,25,2,16
3,"Модуль 3. SQL, базы данных и сети",10,SQL: self join,2,Минимальный пример,theory,,25,2,14
3,"Модуль 3. SQL, базы данных и сети",10,SQL: self join,3,Понимание,test,quiz_single,25,2,8
3,"Модуль 3. SQL, базы данных и сети",10,SQL: self join,4,Self join roots echo,practice,sql_query,90,3,28
3,"Модуль 3. SQL, базы данных и сети",10,SQL: self join,5,Self join children foxtrot,practice,sql_query,90,3,28
3,"Модуль 3. SQL, базы данных и сети",10,SQL: self join,6,Self join manager golf,practice,sql_query,90,3,28
3,"Модуль 3. SQL, базы данных и сети",10,SQL: self join,7,Self join roots hotel,practice,sql_query,90,3,28
3,"Модуль 3. SQL, базы данных и сети",10,SQL: self join,8,Self join children india,practice,sql_query,90,3,28
3,"Модуль 3. SQL, базы данных и сети",10,SQL: self join,9,Self join manager juliet,practice,sql_query,90,3,28
3,"Модуль 3. SQL, базы данных и сети",10,SQL: self join,10,Self join roots kilo,practice,sql_query,90,3,28
3,"Модуль 3. SQL, базы данных и сети",10,SQL: self join,11,Self join children lima,practice,sql_query,90,3,28
3,"Модуль 3. SQL, базы данных и сети",10,SQL: self join,12,Self join manager mike,practice,sql_query,90,3,28
3,"Модуль 3. SQL, базы данных и сети",10,SQL: self join,13,Закрепление,test,quiz_single,25,2,8
3,"Модуль 3. SQL, базы данных и сети",10,SQL: self join,14,SQL-файл,project,ide_plugin,120,3,45
3,"Модуль 3. SQL, базы данных и сети",10,SQL: self join,15,Self join manager papa,practice,sql_query,105,4,34
3,"Модуль 3. SQL, базы данных и сети",10,SQL: self join,16,Self join roots quebec,practice,sql_query,105,4,34
3,"Модуль 3. SQL, базы данных и сети",10,SQL: self join,17,Итоги,summary,,20,1,8
3,"Модуль 3. SQL, базы данных и сети",11,SQL: подзапросы,1,Смысл,theory,,25,2,16
3,"Модуль 3. SQL, базы данных и сети",11,SQL: подзапросы,2,Минимальный пример,theory,,25,2,14
3,"Модуль 3. SQL, базы данных и сети",11,SQL: подзапросы,3,Понимание,test,quiz_single,25,2,8
3,"Модуль 3. SQL, базы данных и сети",11,SQL: подзапросы,4,Subquery IN echo,practice,sql_query,90,3,28
3,"Модуль 3. SQL, базы данных и сети",11,SQL: подзапросы,5,Subquery EXISTS foxtrot,practice,sql_query,90,3,28
3,"Модуль 3. SQL, базы данных и сети",11,SQL: подзапросы,6,Subquery avg golf,practice,sql_query,90,3,28
3,"Модуль 3. SQL, базы данных и сети",11,SQL: подзапросы,7,Subquery IN hotel,practice,sql_query,90,3,28
3,"Модуль 3. SQL, базы данных и сети",11,SQL: подзапросы,8,Subquery EXISTS india,practice,sql_query,90,3,28
3,"Модуль 3. SQL, базы данных и сети",11,SQL: подзапросы,9,Subquery avg juliet,practice,sql_query,90,3,28
3,"Модуль 3. SQL, базы данных и сети",11,SQL: подзапросы,10,Subquery IN kilo,practice,sql_query,90,3,28
3,"Модуль 3. SQL, базы данных и сети",11,SQL: подзапросы,11,Subquery EXISTS lima,practice,sql_query,90,3,28
3,"Модуль 3. SQL, базы данных и сети",11,SQL: подзапросы,12,Subquery avg mike,practice,sql_query,90,3,28
3,"Модуль 3. SQL, базы данных и сети",11,SQL: подзапросы,13,Закрепление,test,quiz_single,25,2,8
3,"Модуль 3. SQL, базы данных и сети",11,SQL: подзапросы,14,SQL-файл,project,ide_plugin,120,3,45
3,"Модуль 3. SQL, базы данных и сети",11,SQL: подзапросы,15,Subquery avg papa,practice,sql_query,105,4,34
3,"Модуль 3. SQL, базы данных и сети",11,SQL: подзапросы,16,Subquery IN quebec,practice,sql_query,105,4,34
3,"Модуль 3. SQL, базы данных и сети",11,SQL: подзапросы,17,Итоги,summary,,20,1,8
3,"Модуль 3. SQL, базы данных и сети",12,SQL: CTE,1,Смысл,theory,,25,2,16
3,"Модуль 3. SQL, базы данных и сети",12,SQL: CTE,2,Минимальный пример,theory,,25,2,14
3,"Модуль 3. SQL, базы данных и сети",12,SQL: CTE,3,Понимание,test,quiz_single,25,2,8
3,"Модуль 3. SQL, базы данных и сети",12,SQL: CTE,4,CTE active echo,practice,sql_query,90,3,28
3,"Модуль 3. SQL, базы данных и сети",12,SQL: CTE,5,CTE summary foxtrot,practice,sql_query,90,3,28
3,"Модуль 3. SQL, базы данных и сети",12,SQL: CTE,6,CTE paid golf,practice,sql_query,90,3,28
3,"Модуль 3. SQL, базы данных и сети",12,SQL: CTE,7,CTE active hotel,practice,sql_query,90,3,28
3,"Модуль 3. SQL, базы данных и сети",12,SQL: CTE,8,CTE summary india,practice,sql_query,90,3,28
3,"Модуль 3. SQL, базы данных и сети",12,SQL: CTE,9,CTE paid juliet,practice,sql_query,90,3,28
3,"Модуль 3. SQL, базы данных и сети",12,SQL: CTE,10,CTE active kilo,practice,sql_query,90,3,28
3,"Модуль 3. SQL, базы данных и сети",12,SQL: CTE,11,CTE summary lima,practice,sql_query,90,3,28
3,"Модуль 3. SQL, базы данных и сети",12,SQL: CTE,12,CTE paid mike,practice,sql_query,90,3,28
3,"Модуль 3. SQL, базы данных и сети",12,SQL: CTE,13,Закрепление,test,quiz_single,25,2,8
3,"Модуль 3. SQL, базы данных и сети",12,SQL: CTE,14,SQL-файл,project,ide_plugin,120,3,45
3,"Модуль 3. SQL, базы данных и сети",12,SQL: CTE,15,CTE paid papa,practice,sql_query,105,4,34
3,"Модуль 3. SQL, базы данных и сети",12,SQL: CTE,16,CTE active quebec,practice,sql_query,105,4,34
3,"Модуль 3. SQL, базы данных и сети",12,SQL: CTE,17,Итоги,summary,,20,1,8
3,"Модуль 3. SQL, базы данных и сети",13,SQL: оконные функции,1,Смысл,theory,,25,2,16
3,"Модуль 3. SQL, базы данных и сети",13,SQL: оконные функции,2,Минимальный пример,theory,,25,2,14
3,"Модуль 3. SQL, базы данных и сети",13,SQL: оконные функции,3,Понимание,test,quiz_single,25,2,8
3,"Модуль 3. SQL, базы данных и сети",13,SQL: оконные функции,4,RANK echo,practice,sql_query,90,3,28
3,"Модуль 3. SQL, базы данных и сети",13,SQL: оконные функции,5,Running total foxtrot,practice,sql_query,90,3,28
3,"Модуль 3. SQL, базы данных и сети",13,SQL: оконные функции,6,ROW_NUMBER golf,practice,sql_query,90,3,28
3,"Модуль 3. SQL, базы данных и сети",13,SQL: оконные функции,7,RANK hotel,practice,sql_query,90,3,28
3,"Модуль 3. SQL, базы данных и сети",13,SQL: оконные функции,8,Running total india,practice,sql_query,90,3,28
3,"Модуль 3. SQL, базы данных и сети",13,SQL: оконные функции,9,ROW_NUMBER juliet,practice,sql_query,90,3,28
3,"Модуль 3. SQL, базы данных и сети",13,SQL: оконные функции,10,RANK kilo,practice,sql_query,90,3,28
3,"Модуль 3. SQL, базы данных и сети",13,SQL: оконные функции,11,Running total lima,practice,sql_query,90,3,28
3,"Модуль 3. SQL, базы данных и сети",13,SQL: оконные функции,12,ROW_NUMBER mike,practice,sql_query,90,3,28
3,"Модуль 3. SQL, базы данных и сети",13,SQL: оконные функции,13,Закрепление,test,quiz_single,25,2,8
3,"Модуль 3. SQL, базы данных и сети",13,SQL: оконные функции,14,SQL-файл,project,ide_plugin,120,3,45
3,"Модуль 3. SQL, базы данных и сети",13,SQL: оконные функции,15,ROW_NUMBER papa,practice,sql_query,105,4,34
3,"Модуль 3. SQL, базы данных и сети",13,SQL: оконные функции,16,RANK quebec,practice,sql_query,105,4,34
3,"Модуль 3. SQL, базы данных и сети",13,SQL: оконные функции,17,Итоги,summary,,20,1,8
3,"Модуль 3. SQL, базы данных и сети",14,"SQL: INSERT, UPDATE, DELETE",1,Смысл,theory,,25,2,16
3,"Модуль 3. SQL, базы данных и сети",14,"SQL: INSERT, UPDATE, DELETE",2,Минимальный пример,theory,,25,2,14
3,"Модуль 3. SQL, базы данных и сети",14,"SQL: INSERT, UPDATE, DELETE",3,Понимание,test,quiz_single,25,2,8
3,"Модуль 3. SQL, базы данных и сети",14,"SQL: INSERT, UPDATE, DELETE",4,UPDATE echo,practice,sql_query,90,3,28
3,"Модуль 3. SQL, базы данных и сети",14,"SQL: INSERT, UPDATE, DELETE",5,DELETE foxtrot,practice,sql_query,90,3,28
3,"Модуль 3. SQL, базы данных и сети",14,"SQL: INSERT, UPDATE, DELETE",6,INSERT golf,practice,sql_query,90,3,28
3,"Модуль 3. SQL, базы данных и сети",14,"SQL: INSERT, UPDATE, DELETE",7,UPDATE hotel,practice,sql_query,90,3,28
3,"Модуль 3. SQL, базы данных и сети",14,"SQL: INSERT, UPDATE, DELETE",8,DELETE india,practice,sql_query,90,3,28
3,"Модуль 3. SQL, базы данных и сети",14,"SQL: INSERT, UPDATE, DELETE",9,INSERT juliet,practice,sql_query,90,3,28
3,"Модуль 3. SQL, базы данных и сети",14,"SQL: INSERT, UPDATE, DELETE",10,UPDATE kilo,practice,sql_query,90,3,28
3,"Модуль 3. SQL, базы данных и сети",14,"SQL: INSERT, UPDATE, DELETE",11,DELETE lima,practice,sql_query,90,3,28
3,"Модуль 3. SQL, базы данных и сети",14,"SQL: INSERT, UPDATE, DELETE",12,INSERT mike,practice,sql_query,90,3,28
3,"Модуль 3. SQL, базы данных и сети",14,"SQL: INSERT, UPDATE, DELETE",13,Закрепление,test,quiz_single,25,2,8
3,"Модуль 3. SQL, базы данных и сети",14,"SQL: INSERT, UPDATE, DELETE",14,SQL-файл,project,ide_plugin,120,3,45
3,"Модуль 3. SQL, базы данных и сети",14,"SQL: INSERT, UPDATE, DELETE",15,INSERT papa,practice,sql_query,105,4,34
3,"Модуль 3. SQL, базы данных и сети",14,"SQL: INSERT, UPDATE, DELETE",16,UPDATE quebec,practice,sql_query,105,4,34
3,"Модуль 3. SQL, базы данных и сети",14,"SQL: INSERT, UPDATE, DELETE",17,Итоги,summary,,20,1,8
3,"Модуль 3. SQL, базы данных и сети",15,SQL: constraints,1,Смысл,theory,,25,2,16
3,"Модуль 3. SQL, базы данных и сети",15,SQL: constraints,2,Минимальный пример,theory,,25,2,14
3,"Модуль 3. SQL, базы данных и сети",15,SQL: constraints,3,Понимание,test,quiz_single,25,2,8
3,"Модуль 3. SQL, базы данных и сети",15,SQL: constraints,4,UNIQUE echo,practice,sql_query,90,3,28
3,"Модуль 3. SQL, базы данных и сети",15,SQL: constraints,5,DEFAULT foxtrot,practice,sql_query,90,3,28
3,"Модуль 3. SQL, базы данных и сети",15,SQL: constraints,6,NOT NULL golf,practice,sql_query,90,3,28
3,"Модуль 3. SQL, базы данных и сети",15,SQL: constraints,7,UNIQUE hotel,practice,sql_query,90,3,28
3,"Модуль 3. SQL, базы данных и сети",15,SQL: constraints,8,DEFAULT india,practice,sql_query,90,3,28
3,"Модуль 3. SQL, базы данных и сети",15,SQL: constraints,9,NOT NULL juliet,practice,sql_query,90,3,28
3,"Модуль 3. SQL, базы данных и сети",15,SQL: constraints,10,UNIQUE kilo,practice,sql_query,90,3,28
3,"Модуль 3. SQL, базы данных и сети",15,SQL: constraints,11,DEFAULT lima,practice,sql_query,90,3,28
3,"Модуль 3. SQL, базы данных и сети",15,SQL: constraints,12,NOT NULL mike,practice,sql_query,90,3,28
3,"Модуль 3. SQL, базы данных и сети",15,SQL: constraints,13,Закрепление,test,quiz_single,25,2,8
3,"Модуль 3. SQL, базы данных и сети",15,SQL: constraints,14,SQL-файл,project,ide_plugin,120,3,45
3,"Модуль 3. SQL, базы данных и сети",15,SQL: constraints,15,NOT NULL papa,practice,sql_query,105,4,34
3,"Модуль 3. SQL, базы данных и сети",15,SQL: constraints,16,UNIQUE quebec,practice,sql_query,105,4,34
3,"Модуль 3. SQL, базы данных и сети",15,SQL: constraints,17,Итоги,summary,,20,1,8
3,"Модуль 3. SQL, базы данных и сети",16,SQL: нормализация,1,Смысл,theory,,25,2,16
3,"Модуль 3. SQL, базы данных и сети",16,SQL: нормализация,2,Минимальный пример,theory,,25,2,14
3,"Модуль 3. SQL, базы данных и сети",16,SQL: нормализация,3,Понимание,test,quiz_single,25,2,8
3,"Модуль 3. SQL, базы данных и сети",16,SQL: нормализация,4,Junction table echo,practice,sql_query,90,3,28
3,"Модуль 3. SQL, базы данных и сети",16,SQL: нормализация,5,Reference table foxtrot,practice,sql_query,90,3,28
3,"Модуль 3. SQL, базы данных и сети",16,SQL: нормализация,6,Normalize authors golf,practice,sql_query,90,3,28
3,"Модуль 3. SQL, базы данных и сети",16,SQL: нормализация,7,Junction table hotel,practice,sql_query,90,3,28
3,"Модуль 3. SQL, базы данных и сети",16,SQL: нормализация,8,Reference table india,practice,sql_query,90,3,28
3,"Модуль 3. SQL, базы данных и сети",16,SQL: нормализация,9,Normalize authors juliet,practice,sql_query,90,3,28
3,"Модуль 3. SQL, базы данных и сети",16,SQL: нормализация,10,Junction table kilo,practice,sql_query,90,3,28
3,"Модуль 3. SQL, базы данных и сети",16,SQL: нормализация,11,Reference table lima,practice,sql_query,90,3,28
3,"Модуль 3. SQL, базы данных и сети",16,SQL: нормализация,12,Normalize authors mike,practice,sql_query,90,3,28
3,"Модуль 3. SQL, базы данных и сети",16,SQL: нормализация,13,Закрепление,test,quiz_single,25,2,8
3,"Модуль 3. SQL, базы данных и сети",16,SQL: нормализация,14,SQL-файл,project,ide_plugin,120,3,45
3,"Модуль 3. SQL, базы данных и сети",16,SQL: нормализация,15,Normalize authors papa,practice,sql_query,105,4,34
3,"Модуль 3. SQL, базы данных и сети",16,SQL: нормализация,16,Junction table quebec,practice,sql_query,105,4,34
3,"Модуль 3. SQL, базы данных и сети",16,SQL: нормализация,17,Итоги,summary,,20,1,8
3,"Модуль 3. SQL, базы данных и сети",17,SQL: transactions и ACID,1,Смысл,theory,,25,2,16
3,"Модуль 3. SQL, базы данных и сети",17,SQL: transactions и ACID,2,Минимальный пример,theory,,25,2,14
3,"Модуль 3. SQL, базы данных и сети",17,SQL: transactions и ACID,3,Понимание,test,quiz_single,25,2,8
3,"Модуль 3. SQL, базы данных и сети",17,SQL: transactions и ACID,4,ROLLBACK echo,practice,sql_query,90,3,28
3,"Модуль 3. SQL, базы данных и сети",17,SQL: transactions и ACID,5,SAVEPOINT foxtrot,practice,sql_query,90,3,28
3,"Модуль 3. SQL, базы данных и сети",17,SQL: transactions и ACID,6,COMMIT golf,practice,sql_query,90,3,28
3,"Модуль 3. SQL, базы данных и сети",17,SQL: transactions и ACID,7,ROLLBACK hotel,practice,sql_query,90,3,28
3,"Модуль 3. SQL, базы данных и сети",17,SQL: transactions и ACID,8,SAVEPOINT india,practice,sql_query,90,3,28
3,"Модуль 3. SQL, базы данных и сети",17,SQL: transactions и ACID,9,COMMIT juliet,practice,sql_query,90,3,28
3,"Модуль 3. SQL, базы данных и сети",17,SQL: transactions и ACID,10,ROLLBACK kilo,practice,sql_query,90,3,28
3,"Модуль 3. SQL, базы данных и сети",17,SQL: transactions и ACID,11,SAVEPOINT lima,practice,sql_query,90,3,28
3,"Модуль 3. SQL, базы данных и сети",17,SQL: transactions и ACID,12,COMMIT mike,practice,sql_query,90,3,28
3,"Модуль 3. SQL, базы данных и сети",17,SQL: transactions и ACID,13,Закрепление,test,quiz_single,25,2,8
3,"Модуль 3. SQL, базы данных и сети",17,SQL: transactions и ACID,14,SQL-файл,project,ide_plugin,120,3,45
3,"Модуль 3. SQL, базы данных и сети",17,SQL: transactions и ACID,15,COMMIT papa,practice,sql_query,105,4,34
3,"Модуль 3. SQL, базы данных и сети",17,SQL: transactions и ACID,16,ROLLBACK quebec,practice,sql_query,105,4,34
3,"Модуль 3. SQL, базы данных и сети",17,SQL: transactions и ACID,17,Итоги,summary,,20,1,8
3,"Модуль 3. SQL, базы данных и сети",18,"SQL: изоляция, блокировки, индексы",1,Смысл,theory,,25,2,16
3,"Модуль 3. SQL, базы данных и сети",18,"SQL: изоляция, блокировки, индексы",2,Минимальный пример,theory,,25,2,14
3,"Модуль 3. SQL, базы данных и сети",18,"SQL: изоляция, блокировки, индексы",3,Понимание,test,quiz_single,25,2,8
3,"Модуль 3. SQL, базы данных и сети",18,"SQL: изоляция, блокировки, индексы",4,EXPLAIN echo,practice,sql_query,90,3,28
3,"Модуль 3. SQL, базы данных и сети",18,"SQL: изоляция, блокировки, индексы",5,Composite index foxtrot,practice,sql_query,90,3,28
3,"Модуль 3. SQL, базы данных и сети",18,"SQL: изоляция, блокировки, индексы",6,Index create golf,practice,sql_query,90,3,28
3,"Модуль 3. SQL, базы данных и сети",18,"SQL: изоляция, блокировки, индексы",7,EXPLAIN hotel,practice,sql_query,90,3,28
3,"Модуль 3. SQL, базы данных и сети",18,"SQL: изоляция, блокировки, индексы",8,Composite index india,practice,sql_query,90,3,28
3,"Модуль 3. SQL, базы данных и сети",18,"SQL: изоляция, блокировки, индексы",9,Index create juliet,practice,sql_query,90,3,28
3,"Модуль 3. SQL, базы данных и сети",18,"SQL: изоляция, блокировки, индексы",10,EXPLAIN kilo,practice,sql_query,90,3,28
3,"Модуль 3. SQL, базы данных и сети",18,"SQL: изоляция, блокировки, индексы",11,Composite index lima,practice,sql_query,90,3,28
3,"Модуль 3. SQL, базы данных и сети",18,"SQL: изоляция, блокировки, индексы",12,Index create mike,practice,sql_query,90,3,28
3,"Модуль 3. SQL, базы данных и сети",18,"SQL: изоляция, блокировки, индексы",13,Закрепление,test,quiz_single,25,2,8
3,"Модуль 3. SQL, базы данных и сети",18,"SQL: изоляция, блокировки, индексы",14,SQL-файл,project,ide_plugin,120,3,45
3,"Модуль 3. SQL, базы данных и сети",18,"SQL: изоляция, блокировки, индексы",15,Index create papa,practice,sql_query,105,4,34
3,"Модуль 3. SQL, базы данных и сети",18,"SQL: изоляция, блокировки, индексы",16,EXPLAIN quebec,practice,sql_query,105,4,34
3,"Модуль 3. SQL, базы данных и сети",18,"SQL: изоляция, блокировки, индексы",17,Итоги,summary,,20,1,8
3,"Модуль 3. SQL, базы данных и сети",19,SQLite: файл базы,1,Смысл,theory,,25,2,16
3,"Модуль 3. SQL, базы данных и сети",19,SQLite: файл базы,2,Минимальный пример,theory,,25,2,14
3,"Модуль 3. SQL, базы данных и сети",19,SQLite: файл базы,3,Понимание,test,quiz_single,25,2,8
3,"Модуль 3. SQL, базы данных и сети",19,SQLite: файл базы,4,LIKE и IN echo,practice,sql_query,90,3,28
3,"Модуль 3. SQL, базы данных и сети",19,SQLite: файл базы,5,ORDER BY tie-breaker foxtrot,practice,sql_query,90,3,28
3,"Модуль 3. SQL, базы данных и сети",19,SQLite: файл базы,6,COUNT(column) golf,practice,sql_query,90,3,28
3,"Модуль 3. SQL, базы данных и сети",19,SQLite: файл базы,7,GROUP BY/HAVING hotel,practice,sql_query,90,3,28
3,"Модуль 3. SQL, базы данных и сети",19,SQLite: файл базы,8,База кодом,practice,python_pytest,95,3,35
3,"Модуль 3. SQL, базы данных и сети",19,SQLite: файл базы,9,Repository,practice,python_pytest,100,3,38
3,"Модуль 3. SQL, базы данных и сети",19,SQLite: файл базы,10,Закрепление,test,quiz_single,25,2,8
3,"Модуль 3. SQL, базы данных и сети",19,SQLite: файл базы,11,Мини-библиотека,project,ide_plugin,140,4,60
3,"Модуль 3. SQL, базы данных и сети",19,SQLite: файл базы,12,Task manager DB,project,ide_plugin,140,4,60
3,"Модуль 3. SQL, базы данных и сети",19,SQLite: файл базы,13,подзапрос november,practice,sql_query,105,4,34
3,"Модуль 3. SQL, базы данных и сети",19,SQLite: файл базы,14,ROW_NUMBER oscar,practice,sql_query,105,4,34
3,"Модуль 3. SQL, базы данных и сети",19,SQLite: файл базы,15,running total papa,practice,sql_query,105,4,34
3,"Модуль 3. SQL, базы данных и сети",19,SQLite: файл базы,16,Контроль,test,quiz_single,30,2,10
3,"Модуль 3. SQL, базы данных и сети",19,SQLite: файл базы,17,Итоги,summary,,20,1,8
3,"Модуль 3. SQL, базы данных и сети",20,SQLite: sqlite3 CLI,1,Смысл,theory,,25,2,16
3,"Модуль 3. SQL, базы данных и сети",20,SQLite: sqlite3 CLI,2,Минимальный пример,theory,,25,2,14
3,"Модуль 3. SQL, базы данных и сети",20,SQLite: sqlite3 CLI,3,Понимание,test,quiz_single,25,2,8
3,"Модуль 3. SQL, базы данных и сети",20,SQLite: sqlite3 CLI,4,INNER JOIN echo,practice,sql_query,90,3,28
3,"Модуль 3. SQL, базы данных и сети",20,SQLite: sqlite3 CLI,5,self join foxtrot,practice,sql_query,90,3,28
3,"Модуль 3. SQL, базы данных и сети",20,SQLite: sqlite3 CLI,6,LEFT JOIN anti-join golf,practice,sql_query,90,3,28
3,"Модуль 3. SQL, базы данных и сети",20,SQLite: sqlite3 CLI,7,LEFT JOIN фильтр в ON hotel,practice,sql_query,90,3,28
3,"Модуль 3. SQL, базы данных и сети",20,SQLite: sqlite3 CLI,8,База кодом,practice,python_pytest,95,3,35
3,"Модуль 3. SQL, базы данных и сети",20,SQLite: sqlite3 CLI,9,Repository,practice,python_pytest,100,3,38
3,"Модуль 3. SQL, базы данных и сети",20,SQLite: sqlite3 CLI,10,Закрепление,test,quiz_single,25,2,8
3,"Модуль 3. SQL, базы данных и сети",20,SQLite: sqlite3 CLI,11,Мини-библиотека,project,ide_plugin,140,4,60
3,"Модуль 3. SQL, базы данных и сети",20,SQLite: sqlite3 CLI,12,Task manager DB,project,ide_plugin,140,4,60
3,"Модуль 3. SQL, базы данных и сети",20,SQLite: sqlite3 CLI,13,transaction rollback november,practice,sql_query,105,4,34
3,"Модуль 3. SQL, базы данных и сети",20,SQLite: sqlite3 CLI,14,savepoint oscar,practice,sql_query,105,4,34
3,"Модуль 3. SQL, базы данных и сети",20,SQLite: sqlite3 CLI,15,index diagnostic papa,practice,sql_query,105,4,34
3,"Модуль 3. SQL, базы данных и сети",20,SQLite: sqlite3 CLI,16,Контроль,test,quiz_single,30,2,10
3,"Модуль 3. SQL, базы данных и сети",20,SQLite: sqlite3 CLI,17,Итоги,summary,,20,1,8
3,"Модуль 3. SQL, базы данных и сети",21,SQLite: DDL и constraints,1,Смысл,theory,,25,2,16
3,"Модуль 3. SQL, базы данных и сети",21,SQLite: DDL и constraints,2,Минимальный пример,theory,,25,2,14
3,"Модуль 3. SQL, базы данных и сети",21,SQLite: DDL и constraints,3,Понимание,test,quiz_single,25,2,8
3,"Модуль 3. SQL, базы данных и сети",21,SQLite: DDL и constraints,4,INNER JOIN echo,practice,sql_query,90,3,28
3,"Модуль 3. SQL, базы данных и сети",21,SQLite: DDL и constraints,5,self join foxtrot,practice,sql_query,90,3,28
3,"Модуль 3. SQL, базы данных и сети",21,SQLite: DDL и constraints,6,LEFT JOIN anti-join golf,practice,sql_query,90,3,28
3,"Модуль 3. SQL, базы данных и сети",21,SQLite: DDL и constraints,7,LEFT JOIN фильтр в ON hotel,practice,sql_query,90,3,28
3,"Модуль 3. SQL, базы данных и сети",21,SQLite: DDL и constraints,8,База кодом,practice,python_pytest,95,3,35
3,"Модуль 3. SQL, базы данных и сети",21,SQLite: DDL и constraints,9,Repository,practice,python_pytest,100,3,38
3,"Модуль 3. SQL, базы данных и сети",21,SQLite: DDL и constraints,10,Закрепление,test,quiz_single,25,2,8
3,"Модуль 3. SQL, базы данных и сети",21,SQLite: DDL и constraints,11,Мини-библиотека,project,ide_plugin,140,4,60
3,"Модуль 3. SQL, базы данных и сети",21,SQLite: DDL и constraints,12,Task manager DB,project,ide_plugin,140,4,60
3,"Модуль 3. SQL, базы данных и сети",21,SQLite: DDL и constraints,13,transaction rollback november,practice,sql_query,105,4,34
3,"Модуль 3. SQL, базы данных и сети",21,SQLite: DDL и constraints,14,savepoint oscar,practice,sql_query,105,4,34
3,"Модуль 3. SQL, базы данных и сети",21,SQLite: DDL и constraints,15,index diagnostic papa,practice,sql_query,105,4,34
3,"Модуль 3. SQL, базы данных и сети",21,SQLite: DDL и constraints,16,Контроль,test,quiz_single,30,2,10
3,"Модуль 3. SQL, базы данных и сети",21,SQLite: DDL и constraints,17,Итоги,summary,,20,1,8
3,"Модуль 3. SQL, базы данных и сети",22,SQLite: CRUD,1,Смысл,theory,,25,2,16
3,"Модуль 3. SQL, базы данных и сети",22,SQLite: CRUD,2,Минимальный пример,theory,,25,2,14
3,"Модуль 3. SQL, базы данных и сети",22,SQLite: CRUD,3,Понимание,test,quiz_single,25,2,8
3,"Модуль 3. SQL, базы данных и сети",22,SQLite: CRUD,4,ORDER BY tie-breaker echo,practice,sql_query,90,3,28
3,"Модуль 3. SQL, базы данных и сети",22,SQLite: CRUD,5,COUNT(column) foxtrot,practice,sql_query,90,3,28
3,"Модуль 3. SQL, базы данных и сети",22,SQLite: CRUD,6,GROUP BY/HAVING golf,practice,sql_query,90,3,28
3,"Модуль 3. SQL, базы данных и сети",22,SQLite: CRUD,7,INNER JOIN hotel,practice,sql_query,90,3,28
3,"Модуль 3. SQL, базы данных и сети",22,SQLite: CRUD,8,База кодом,practice,python_pytest,95,3,35
3,"Модуль 3. SQL, базы данных и сети",22,SQLite: CRUD,9,Repository,practice,python_pytest,100,3,38
3,"Модуль 3. SQL, базы данных и сети",22,SQLite: CRUD,10,Закрепление,test,quiz_single,25,2,8
3,"Модуль 3. SQL, базы данных и сети",22,SQLite: CRUD,11,Мини-библиотека,project,ide_plugin,140,4,60
3,"Модуль 3. SQL, базы данных и сети",22,SQLite: CRUD,12,Task manager DB,project,ide_plugin,140,4,60
3,"Модуль 3. SQL, базы данных и сети",22,SQLite: CRUD,13,ROW_NUMBER november,practice,sql_query,105,4,34
3,"Модуль 3. SQL, базы данных и сети",22,SQLite: CRUD,14,running total oscar,practice,sql_query,105,4,34
3,"Модуль 3. SQL, базы данных и сети",22,SQLite: CRUD,15,DML UPDATE papa,practice,sql_query,105,4,34
3,"Модуль 3. SQL, базы данных и сети",22,SQLite: CRUD,16,Контроль,test,quiz_single,30,2,10
3,"Модуль 3. SQL, базы данных и сети",22,SQLite: CRUD,17,Итоги,summary,,20,1,8
3,"Модуль 3. SQL, базы данных и сети",23,SQLite: transactions и PRAGMA,1,Смысл,theory,,25,2,16
3,"Модуль 3. SQL, базы данных и сети",23,SQLite: transactions и PRAGMA,2,Минимальный пример,theory,,25,2,14
3,"Модуль 3. SQL, базы данных и сети",23,SQLite: transactions и PRAGMA,3,Понимание,test,quiz_single,25,2,8
3,"Модуль 3. SQL, базы данных и сети",23,SQLite: transactions и PRAGMA,4,LEFT JOIN anti-join echo,practice,sql_query,90,3,28
3,"Модуль 3. SQL, базы данных и сети",23,SQLite: transactions и PRAGMA,5,LEFT JOIN фильтр в ON foxtrot,practice,sql_query,90,3,28
3,"Модуль 3. SQL, базы данных и сети",23,SQLite: transactions и PRAGMA,6,CTE агрегация golf,practice,sql_query,90,3,28
3,"Модуль 3. SQL, базы данных и сети",23,SQLite: transactions и PRAGMA,7,подзапрос hotel,practice,sql_query,90,3,28
3,"Модуль 3. SQL, базы данных и сети",23,SQLite: transactions и PRAGMA,8,retrieval with source citation,practice,python_pytest,95,3,35
3,"Модуль 3. SQL, базы данных и сети",23,SQLite: transactions и PRAGMA,9,retrieval with source citation,practice,python_pytest,100,3,38
3,"Модуль 3. SQL, базы данных и сети",23,SQLite: transactions и PRAGMA,10,Закрепление,test,quiz_single,25,2,8
3,"Модуль 3. SQL, базы данных и сети",23,SQLite: transactions и PRAGMA,11,Мини-библиотека,project,ide_plugin,140,4,60
3,"Модуль 3. SQL, базы данных и сети",23,SQLite: transactions и PRAGMA,12,Task manager DB,project,ide_plugin,140,4,60
3,"Модуль 3. SQL, базы данных и сети",23,SQLite: transactions и PRAGMA,13,index diagnostic november,practice,sql_query,105,4,34
3,"Модуль 3. SQL, базы данных и сети",23,SQLite: transactions и PRAGMA,14,SELECT с алиасами oscar,practice,sql_query,105,4,34
3,"Модуль 3. SQL, базы данных и сети",23,SQLite: transactions и PRAGMA,15,WHERE с NULL papa,practice,sql_query,105,4,34
3,"Модуль 3. SQL, базы данных и сети",23,SQLite: transactions и PRAGMA,16,Контроль,test,quiz_single,30,2,10
3,"Модуль 3. SQL, базы данных и сети",23,SQLite: transactions и PRAGMA,17,Итоги,summary,,20,1,8
3,"Модуль 3. SQL, базы данных и сети",24,sqlite3 через Python,1,Смысл,theory,,25,2,16
3,"Модуль 3. SQL, базы данных и сети",24,sqlite3 через Python,2,Минимальный пример,theory,,25,2,14
3,"Модуль 3. SQL, базы данных и сети",24,sqlite3 через Python,3,Понимание,test,quiz_single,25,2,8
3,"Модуль 3. SQL, базы данных и сети",24,sqlite3 через Python,4,ROW_NUMBER echo,practice,sql_query,90,3,28
3,"Модуль 3. SQL, базы данных и сети",24,sqlite3 через Python,5,running total foxtrot,practice,sql_query,90,3,28
3,"Модуль 3. SQL, базы данных и сети",24,sqlite3 через Python,6,DML UPDATE golf,practice,sql_query,90,3,28
3,"Модуль 3. SQL, базы данных и сети",24,sqlite3 через Python,7,transaction rollback hotel,practice,sql_query,90,3,28
3,"Модуль 3. SQL, базы данных и сети",24,sqlite3 через Python,8,База кодом,practice,python_pytest,95,3,35
3,"Модуль 3. SQL, базы данных и сети",24,sqlite3 через Python,9,Repository,practice,python_pytest,100,3,38
3,"Модуль 3. SQL, базы данных и сети",24,sqlite3 через Python,10,Закрепление,test,quiz_single,25,2,8
3,"Модуль 3. SQL, базы данных и сети",24,sqlite3 через Python,11,Мини-библиотека,project,ide_plugin,140,4,60
3,"Модуль 3. SQL, базы данных и сети",24,sqlite3 через Python,12,Task manager DB,project,ide_plugin,140,4,60
3,"Модуль 3. SQL, базы данных и сети",24,sqlite3 через Python,13,ORDER BY tie-breaker november,practice,sql_query,105,4,34
3,"Модуль 3. SQL, базы данных и сети",24,sqlite3 через Python,14,COUNT(column) oscar,practice,sql_query,105,4,34
3,"Модуль 3. SQL, базы данных и сети",24,sqlite3 через Python,15,GROUP BY/HAVING papa,practice,sql_query,105,4,34
3,"Модуль 3. SQL, базы данных и сети",24,sqlite3 через Python,16,Контроль,test,quiz_single,30,2,10
3,"Модуль 3. SQL, базы данных и сети",24,sqlite3 через Python,17,Итоги,summary,,20,1,8
3,"Модуль 3. SQL, базы данных и сети",25,SQLite repository и проекты,1,Смысл,theory,,25,2,16
3,"Модуль 3. SQL, базы данных и сети",25,SQLite repository и проекты,2,Минимальный пример,theory,,25,2,14
3,"Модуль 3. SQL, базы данных и сети",25,SQLite repository и проекты,3,Понимание,test,quiz_single,25,2,8
3,"Модуль 3. SQL, базы данных и сети",25,SQLite repository и проекты,4,transaction rollback echo,practice,sql_query,90,3,28
3,"Модуль 3. SQL, базы данных и сети",25,SQLite repository и проекты,5,savepoint foxtrot,practice,sql_query,90,3,28
3,"Модуль 3. SQL, базы данных и сети",25,SQLite repository и проекты,6,index diagnostic golf,practice,sql_query,90,3,28
3,"Модуль 3. SQL, базы данных и сети",25,SQLite repository и проекты,7,SELECT с алиасами hotel,practice,sql_query,90,3,28
3,"Модуль 3. SQL, базы данных и сети",25,SQLite repository и проекты,8,База кодом,practice,python_pytest,95,3,35
3,"Модуль 3. SQL, базы данных и сети",25,SQLite repository и проекты,9,Repository,practice,python_pytest,100,3,38
3,"Модуль 3. SQL, базы данных и сети",25,SQLite repository и проекты,10,Закрепление,test,quiz_single,25,2,8
3,"Модуль 3. SQL, базы данных и сети",25,SQLite repository и проекты,11,Мини-библиотека,project,ide_plugin,140,4,60
3,"Модуль 3. SQL, базы данных и сети",25,SQLite repository и проекты,12,Task manager DB,project,ide_plugin,140,4,60
3,"Модуль 3. SQL, базы данных и сети",25,SQLite repository и проекты,13,INNER JOIN november,practice,sql_query,105,4,34
3,"Модуль 3. SQL, базы данных и сети",25,SQLite repository и проекты,14,self join oscar,practice,sql_query,105,4,34
3,"Модуль 3. SQL, базы данных и сети",25,SQLite repository и проекты,15,LEFT JOIN anti-join papa,practice,sql_query,105,4,34
3,"Модуль 3. SQL, базы данных и сети",25,SQLite repository и проекты,16,Контроль,test,quiz_single,30,2,10
3,"Модуль 3. SQL, базы данных и сети",25,SQLite repository и проекты,17,Итоги,summary,,20,1,8
3,"Модуль 3. SQL, базы данных и сети",26,NoSQL: документы,1,Смысл,theory,,20,2,16
3,"Модуль 3. SQL, базы данных и сети",26,NoSQL: документы,2,Минимальный пример,theory,,20,2,14
3,"Модуль 3. SQL, базы данных и сети",26,NoSQL: документы,3,Понимание,test,quiz_single,25,2,8
3,"Модуль 3. SQL, базы данных и сети",26,NoSQL: документы,4,Dto Mapper Public,practice,python_pytest,70,2,24
3,"Модуль 3. SQL, базы данных и сети",26,NoSQL: документы,5,Task State Transition,practice,python_pytest,70,3,24
3,"Модуль 3. SQL, базы данных и сети",26,NoSQL: документы,6,Repository Method Filter,practice,python_pytest,70,2,24
3,"Модуль 3. SQL, базы данных и сети",26,NoSQL: документы,7,Token Scope Validator,practice,python_pytest,70,3,24
3,"Модуль 3. SQL, базы данных и сети",26,NoSQL: документы,8,Permissions Policy,practice,python_pytest,70,2,24
3,"Модуль 3. SQL, базы данных и сети",26,NoSQL: документы,9,Закрепление,test,quiz_single,25,2,8
3,"Модуль 3. SQL, базы данных и сети",26,NoSQL: документы,10,Работа в IDE,project,ide_plugin,120,3,45
3,"Модуль 3. SQL, базы данных и сети",26,NoSQL: документы,11,Итоги,summary,,20,1,8
3,"Модуль 3. SQL, базы данных и сети",27,Redis,1,Смысл,theory,,20,2,16
3,"Модуль 3. SQL, базы данных и сети",27,Redis,2,Минимальный пример,theory,,20,2,14
3,"Модуль 3. SQL, базы данных и сети",27,Redis,3,Понимание,test,quiz_single,25,2,8
3,"Модуль 3. SQL, базы данных и сети",27,Redis,4,Rate Limit Bucket,practice,python_pytest,70,2,24
3,"Модуль 3. SQL, базы данных и сети",27,Redis,5,Repository Method Filter,practice,python_pytest,70,3,24
3,"Модуль 3. SQL, базы данных и сети",27,Redis,6,Invoice Calculator,practice,python_pytest,70,2,24
3,"Модуль 3. SQL, базы данных и сети",27,Redis,7,Task State Transition,practice,python_pytest,70,3,24
3,"Модуль 3. SQL, базы данных и сети",27,Redis,8,Unit Of Work Summary,practice,python_pytest,70,2,24
3,"Модуль 3. SQL, базы данных и сети",27,Redis,9,Закрепление,test,quiz_single,25,2,8
3,"Модуль 3. SQL, базы данных и сети",27,Redis,10,Работа в IDE,project,ide_plugin,120,3,45
3,"Модуль 3. SQL, базы данных и сети",27,Redis,11,Итоги,summary,,20,1,8
3,"Модуль 3. SQL, базы данных и сети",28,ClickHouse и OLAP,1,Смысл,theory,,25,2,16
3,"Модуль 3. SQL, базы данных и сети",28,ClickHouse и OLAP,2,Минимальный пример,theory,,25,2,14
3,"Модуль 3. SQL, базы данных и сети",28,ClickHouse и OLAP,3,Понимание,test,quiz_single,25,2,8
3,"Модуль 3. SQL, базы данных и сети",28,ClickHouse и OLAP,4,CTE агрегация echo,practice,sql_query,90,3,28
3,"Модуль 3. SQL, базы данных и сети",28,ClickHouse и OLAP,5,подзапрос foxtrot,practice,sql_query,90,3,28
3,"Модуль 3. SQL, базы данных и сети",28,ClickHouse и OLAP,6,ROW_NUMBER golf,practice,sql_query,90,3,28
3,"Модуль 3. SQL, базы данных и сети",28,ClickHouse и OLAP,7,running total hotel,practice,sql_query,90,3,28
3,"Модуль 3. SQL, базы данных и сети",28,ClickHouse и OLAP,8,DML UPDATE india,practice,sql_query,90,3,28
3,"Модуль 3. SQL, базы данных и сети",28,ClickHouse и OLAP,9,transaction rollback juliet,practice,sql_query,90,3,28
3,"Модуль 3. SQL, базы данных и сети",28,ClickHouse и OLAP,10,savepoint kilo,practice,sql_query,90,3,28
3,"Модуль 3. SQL, базы данных и сети",28,ClickHouse и OLAP,11,index diagnostic lima,practice,sql_query,90,3,28
3,"Модуль 3. SQL, базы данных и сети",28,ClickHouse и OLAP,12,SELECT с алиасами mike,practice,sql_query,90,3,28
3,"Модуль 3. SQL, базы данных и сети",28,ClickHouse и OLAP,13,Закрепление,test,quiz_single,25,2,8
3,"Модуль 3. SQL, базы данных и сети",28,ClickHouse и OLAP,14,SQL-файл,project,ide_plugin,120,3,45
3,"Модуль 3. SQL, базы данных и сети",28,ClickHouse и OLAP,15,ORDER BY tie-breaker papa,practice,sql_query,105,4,34
3,"Модуль 3. SQL, базы данных и сети",28,ClickHouse и OLAP,16,COUNT(column) quebec,practice,sql_query,105,4,34
3,"Модуль 3. SQL, базы данных и сети",28,ClickHouse и OLAP,17,Итоги,summary,,20,1,8
3,"Модуль 3. SQL, базы данных и сети",29,S3 и MinIO,1,Смысл,theory,,20,2,16
3,"Модуль 3. SQL, базы данных и сети",29,S3 и MinIO,2,Минимальный пример,theory,,20,2,14
3,"Модуль 3. SQL, базы данных и сети",29,S3 и MinIO,3,Понимание,test,quiz_single,25,2,8
3,"Модуль 3. SQL, базы данных и сети",29,S3 и MinIO,4,Repository Method Filter,practice,python_pytest,70,2,24
3,"Модуль 3. SQL, базы данных и сети",29,S3 и MinIO,5,Task State Transition,practice,python_pytest,70,3,24
3,"Модуль 3. SQL, базы данных и сети",29,S3 и MinIO,6,Dto Mapper Public,practice,python_pytest,70,2,24
3,"Модуль 3. SQL, базы данных и сети",29,S3 и MinIO,7,Sql Query Builder,practice,python_pytest,70,3,24
3,"Модуль 3. SQL, базы данных и сети",29,S3 и MinIO,8,Sql Query Builder,practice,python_pytest,70,2,24
3,"Модуль 3. SQL, базы данных и сети",29,S3 и MinIO,9,Закрепление,test,quiz_single,25,2,8
3,"Модуль 3. SQL, базы данных и сети",29,S3 и MinIO,10,Работа в IDE,project,ide_plugin,120,3,45
3,"Модуль 3. SQL, базы данных и сети",29,S3 и MinIO,11,Итоги,summary,,20,1,8
3,"Модуль 3. SQL, базы данных и сети",30,Сети: TCP и UDP,1,Смысл,theory,,20,2,16
3,"Модуль 3. SQL, базы данных и сети",30,Сети: TCP и UDP,2,Минимальный пример,theory,,20,2,14
3,"Модуль 3. SQL, базы данных и сети",30,Сети: TCP и UDP,3,Понимание,test,quiz_single,25,2,8
3,"Модуль 3. SQL, базы данных и сети",30,Сети: TCP и UDP,4,Task State Transition,practice,python_pytest,70,2,24
3,"Модуль 3. SQL, базы данных и сети",30,Сети: TCP и UDP,5,Rate Limit Bucket,practice,python_pytest,70,3,24
3,"Модуль 3. SQL, базы данных и сети",30,Сети: TCP и UDP,6,Rate Limit Bucket,practice,python_pytest,70,2,24
3,"Модуль 3. SQL, базы данных и сети",30,Сети: TCP и UDP,7,Cache Invalidation Keys,practice,python_pytest,70,3,24
3,"Модуль 3. SQL, базы данных и сети",30,Сети: TCP и UDP,8,Sql Query Builder,practice,python_pytest,70,2,24
3,"Модуль 3. SQL, базы данных и сети",30,Сети: TCP и UDP,9,Закрепление,test,quiz_single,25,2,8
3,"Модуль 3. SQL, базы данных и сети",30,Сети: TCP и UDP,10,Работа в IDE,project,ide_plugin,120,3,45
3,"Модуль 3. SQL, базы данных и сети",30,Сети: TCP и UDP,11,Итоги,summary,,20,1,8
3,"Модуль 3. SQL, базы данных и сети",31,HTTP и HTTPS,1,Смысл,theory,,20,2,16
3,"Модуль 3. SQL, базы данных и сети",31,HTTP и HTTPS,2,Минимальный пример,theory,,20,2,14
3,"Модуль 3. SQL, базы данных и сети",31,HTTP и HTTPS,3,Понимание,test,quiz_single,25,2,8
3,"Модуль 3. SQL, базы данных и сети",31,HTTP и HTTPS,4,Cli Config Parser,practice,python_pytest,70,2,24
3,"Модуль 3. SQL, базы данных и сети",31,HTTP и HTTPS,5,Pagination Cursor Page,practice,python_pytest,70,3,24
3,"Модуль 3. SQL, базы данных и сети",31,HTTP и HTTPS,6,Dto Mapper Public,practice,python_pytest,70,2,24
3,"Модуль 3. SQL, базы данных и сети",31,HTTP и HTTPS,7,Delivery Window Planner,practice,python_pytest,70,3,24
3,"Модуль 3. SQL, базы данных и сети",31,HTTP и HTTPS,8,Invoice Calculator,practice,python_pytest,70,2,24
3,"Модуль 3. SQL, базы данных и сети",31,HTTP и HTTPS,9,Закрепление,test,quiz_single,25,2,8
3,"Модуль 3. SQL, базы данных и сети",31,HTTP и HTTPS,10,Работа в IDE,project,ide_plugin,120,3,45
3,"Модуль 3. SQL, базы данных и сети",31,HTTP и HTTPS,11,Итоги,summary,,20,1,8
3,"Модуль 3. SQL, базы данных и сети",32,REST и авторизация,1,Смысл,theory,,25,2,16
3,"Модуль 3. SQL, базы данных и сети",32,REST и авторизация,2,Минимальный пример,theory,,25,2,14
3,"Модуль 3. SQL, базы данных и сети",32,REST и авторизация,3,Понимание,test,quiz_single,25,2,8
3,"Модуль 3. SQL, базы данных и сети",32,REST и авторизация,4,GET /health,practice,http_api,95,3,30
3,"Модуль 3. SQL, базы данных и сети",32,REST и авторизация,5,GET /metrics,practice,http_api,95,3,30
3,"Модуль 3. SQL, базы данных и сети",32,REST и авторизация,6,GET /tasks,practice,http_api,95,3,30
3,"Модуль 3. SQL, базы данных и сети",32,REST и авторизация,7,POST /tasks,practice,http_api,95,3,30
3,"Модуль 3. SQL, базы данных и сети",32,REST и авторизация,8,GET /tasks/{id},practice,http_api,95,3,30
3,"Модуль 3. SQL, базы данных и сети",32,REST и авторизация,9,Закрепление,test,quiz_single,25,2,8
3,"Модуль 3. SQL, базы данных и сети",32,REST и авторизация,10,API-слой,project,ide_plugin,140,4,55
3,"Модуль 3. SQL, базы данных и сети",32,REST и авторизация,11,PATCH /tasks/{id},practice,http_api,105,4,35
3,"Модуль 3. SQL, базы данных и сети",32,REST и авторизация,12,Контракт,project,ide_plugin,140,4,55
3,"Модуль 3. SQL, базы данных и сети",32,REST и авторизация,13,DELETE /tasks/{id},practice,http_api,105,4,34
3,"Модуль 3. SQL, базы данных и сети",32,REST и авторизация,14,GET /users/me,practice,http_api,105,4,34
3,"Модуль 3. SQL, базы данных и сети",32,REST и авторизация,15,POST /auth/login,practice,http_api,105,4,34
3,"Модуль 3. SQL, базы данных и сети",32,REST и авторизация,16,Итоги,summary,,20,1,8
3,"Модуль 3. SQL, базы данных и сети",33,"SOAP, GraphQL, gRPC, WebSockets",1,Смысл,theory,,20,2,16
3,"Модуль 3. SQL, базы данных и сети",33,"SOAP, GraphQL, gRPC, WebSockets",2,Минимальный пример,theory,,20,2,14
3,"Модуль 3. SQL, базы данных и сети",33,"SOAP, GraphQL, gRPC, WebSockets",3,Понимание,test,quiz_single,25,2,8
3,"Модуль 3. SQL, базы данных и сети",33,"SOAP, GraphQL, gRPC, WebSockets",4,Rate Limit Bucket,practice,python_pytest,70,2,24
3,"Модуль 3. SQL, базы данных и сети",33,"SOAP, GraphQL, gRPC, WebSockets",5,Delivery Window Planner,practice,python_pytest,70,3,24
3,"Модуль 3. SQL, базы данных и сети",33,"SOAP, GraphQL, gRPC, WebSockets",6,Sql Query Builder,practice,python_pytest,70,2,24
3,"Модуль 3. SQL, базы данных и сети",33,"SOAP, GraphQL, gRPC, WebSockets",7,Permissions Policy,practice,python_pytest,70,3,24
3,"Модуль 3. SQL, базы данных и сети",33,"SOAP, GraphQL, gRPC, WebSockets",8,Permissions Policy,practice,python_pytest,70,2,24
3,"Модуль 3. SQL, базы данных и сети",33,"SOAP, GraphQL, gRPC, WebSockets",9,Закрепление,test,quiz_single,25,2,8
3,"Модуль 3. SQL, базы данных и сети",33,"SOAP, GraphQL, gRPC, WebSockets",10,Работа в IDE,project,ide_plugin,120,3,45
3,"Модуль 3. SQL, базы данных и сети",33,"SOAP, GraphQL, gRPC, WebSockets",11,Итоги,summary,,20,1,8
3,"Модуль 3. SQL, базы данных и сети",34,Проектирование схемы,1,Смысл,theory,,25,2,16
3,"Модуль 3. SQL, базы данных и сети",34,Проектирование схемы,2,Минимальный пример,theory,,25,2,14
3,"Модуль 3. SQL, базы данных и сети",34,Проектирование схемы,3,Понимание,test,quiz_single,25,2,8
3,"Модуль 3. SQL, базы данных и сети",34,Проектирование схемы,4,COUNT(column) echo,practice,sql_query,90,3,28
3,"Модуль 3. SQL, базы данных и сети",34,Проектирование схемы,5,GROUP BY/HAVING foxtrot,practice,sql_query,90,3,28
3,"Модуль 3. SQL, базы данных и сети",34,Проектирование схемы,6,INNER JOIN golf,practice,sql_query,90,3,28
3,"Модуль 3. SQL, базы данных и сети",34,Проектирование схемы,7,self join hotel,practice,sql_query,90,3,28
3,"Модуль 3. SQL, базы данных и сети",34,Проектирование схемы,8,LEFT JOIN anti-join india,practice,sql_query,90,3,28
3,"Модуль 3. SQL, базы данных и сети",34,Проектирование схемы,9,LEFT JOIN фильтр в ON juliet,practice,sql_query,90,3,28
3,"Модуль 3. SQL, базы данных и сети",34,Проектирование схемы,10,CTE агрегация kilo,practice,sql_query,90,3,28
3,"Модуль 3. SQL, базы данных и сети",34,Проектирование схемы,11,подзапрос lima,practice,sql_query,90,3,28
3,"Модуль 3. SQL, базы данных и сети",34,Проектирование схемы,12,ROW_NUMBER mike,practice,sql_query,90,3,28
3,"Модуль 3. SQL, базы данных и сети",34,Проектирование схемы,13,Закрепление,test,quiz_single,25,2,8
3,"Модуль 3. SQL, базы данных и сети",34,Проектирование схемы,14,SQL-файл,project,ide_plugin,120,3,45
3,"Модуль 3. SQL, базы данных и сети",34,Проектирование схемы,15,transaction rollback papa,practice,sql_query,105,4,34
3,"Модуль 3. SQL, базы данных и сети",34,Проектирование схемы,16,savepoint quebec,practice,sql_query,105,4,34
3,"Модуль 3. SQL, базы данных и сети",34,Проектирование схемы,17,Итоги,summary,,20,1,8
3,"Модуль 3. SQL, базы данных и сети",35,Индексы и EXPLAIN,1,Смысл,theory,,25,2,16
3,"Модуль 3. SQL, базы данных и сети",35,Индексы и EXPLAIN,2,Минимальный пример,theory,,25,2,14
3,"Модуль 3. SQL, базы данных и сети",35,Индексы и EXPLAIN,3,Понимание,test,quiz_single,25,2,8
3,"Модуль 3. SQL, базы данных и сети",35,Индексы и EXPLAIN,4,Index order echo,practice,sql_query,90,3,28
3,"Модуль 3. SQL, базы данных и сети",35,Индексы и EXPLAIN,5,Covering index foxtrot,practice,sql_query,90,3,28
3,"Модуль 3. SQL, базы данных и сети",35,Индексы и EXPLAIN,6,EXPLAIN lookup golf,practice,sql_query,90,3,28
3,"Модуль 3. SQL, базы данных и сети",35,Индексы и EXPLAIN,7,Index order hotel,practice,sql_query,90,3,28
3,"Модуль 3. SQL, базы данных и сети",35,Индексы и EXPLAIN,8,Covering index india,practice,sql_query,90,3,28
3,"Модуль 3. SQL, базы данных и сети",35,Индексы и EXPLAIN,9,EXPLAIN lookup juliet,practice,sql_query,90,3,28
3,"Модуль 3. SQL, базы данных и сети",35,Индексы и EXPLAIN,10,Index order kilo,practice,sql_query,90,3,28
3,"Модуль 3. SQL, базы данных и сети",35,Индексы и EXPLAIN,11,Covering index lima,practice,sql_query,90,3,28
3,"Модуль 3. SQL, базы данных и сети",35,Индексы и EXPLAIN,12,EXPLAIN lookup mike,practice,sql_query,90,3,28
3,"Модуль 3. SQL, базы данных и сети",35,Индексы и EXPLAIN,13,Закрепление,test,quiz_single,25,2,8
3,"Модуль 3. SQL, базы данных и сети",35,Индексы и EXPLAIN,14,SQL-файл,project,ide_plugin,120,3,45
3,"Модуль 3. SQL, базы данных и сети",35,Индексы и EXPLAIN,15,EXPLAIN lookup papa,practice,sql_query,105,4,34
3,"Модуль 3. SQL, базы данных и сети",35,Индексы и EXPLAIN,16,Index order quebec,practice,sql_query,105,4,34
3,"Модуль 3. SQL, базы данных и сети",35,Индексы и EXPLAIN,17,Итоги,summary,,20,1,8
3,"Модуль 3. SQL, базы данных и сети",36,Экзамен 3,1,Смысл,theory,,25,2,16
3,"Модуль 3. SQL, базы данных и сети",36,Экзамен 3,2,Минимальный пример,theory,,25,2,14
3,"Модуль 3. SQL, базы данных и сети",36,Экзамен 3,3,Понимание,test,quiz_single,25,2,8
3,"Модуль 3. SQL, базы данных и сети",36,Экзамен 3,4,DML UPDATE echo,practice,sql_query,90,3,28
3,"Модуль 3. SQL, базы данных и сети",36,Экзамен 3,5,transaction rollback foxtrot,practice,sql_query,90,3,28
3,"Модуль 3. SQL, базы данных и сети",36,Экзамен 3,6,savepoint golf,practice,sql_query,90,3,28
3,"Модуль 3. SQL, базы данных и сети",36,Экзамен 3,7,index diagnostic hotel,practice,sql_query,90,3,28
3,"Модуль 3. SQL, базы данных и сети",36,Экзамен 3,8,База кодом,practice,python_pytest,95,3,35
3,"Модуль 3. SQL, базы данных и сети",36,Экзамен 3,9,Repository,practice,python_pytest,100,3,38
3,"Модуль 3. SQL, базы данных и сети",36,Экзамен 3,10,Закрепление,test,quiz_single,25,2,8
3,"Модуль 3. SQL, базы данных и сети",36,Экзамен 3,11,Мини-библиотека,project,ide_plugin,140,4,60
3,"Модуль 3. SQL, базы данных и сети",36,Экзамен 3,12,Task manager DB,project,ide_plugin,140,4,60
3,"Модуль 3. SQL, базы данных и сети",36,Экзамен 3,13,GROUP BY/HAVING november,practice,sql_query,105,4,34
3,"Модуль 3. SQL, базы данных и сети",36,Экзамен 3,14,INNER JOIN oscar,practice,sql_query,105,4,34
3,"Модуль 3. SQL, базы данных и сети",36,Экзамен 3,15,self join papa,practice,sql_query,105,4,34
3,"Модуль 3. SQL, базы данных и сети",36,Экзамен 3,16,Контроль,test,quiz_single,30,2,10
3,"Модуль 3. SQL, базы данных и сети",36,Экзамен 3,17,Итоги,summary,,20,1,8
4,"Модуль 4. FastAPI, инфраструктура и тестирование",1,FastAPI: первый API,1,Смысл,theory,,25,2,16
4,"Модуль 4. FastAPI, инфраструктура и тестирование",1,FastAPI: первый API,2,Минимальный пример,theory,,25,2,14
4,"Модуль 4. FastAPI, инфраструктура и тестирование",1,FastAPI: первый API,3,Понимание,test,quiz_single,25,2,8
4,"Модуль 4. FastAPI, инфраструктура и тестирование",1,FastAPI: первый API,4,GET /metrics,practice,http_api,95,3,30
4,"Модуль 4. FastAPI, инфраструктура и тестирование",1,FastAPI: первый API,5,GET /tasks,practice,http_api,95,3,30
4,"Модуль 4. FastAPI, инфраструктура и тестирование",1,FastAPI: первый API,6,POST /tasks,practice,http_api,95,3,30
4,"Модуль 4. FastAPI, инфраструктура и тестирование",1,FastAPI: первый API,7,GET /tasks/{id},practice,http_api,95,3,30
4,"Модуль 4. FastAPI, инфраструктура и тестирование",1,FastAPI: первый API,8,PATCH /tasks/{id},practice,http_api,95,3,30
4,"Модуль 4. FastAPI, инфраструктура и тестирование",1,FastAPI: первый API,9,Закрепление,test,quiz_single,25,2,8
4,"Модуль 4. FastAPI, инфраструктура и тестирование",1,FastAPI: первый API,10,API-слой,project,ide_plugin,140,4,55
4,"Модуль 4. FastAPI, инфраструктура и тестирование",1,FastAPI: первый API,11,DELETE /tasks/{id},practice,http_api,105,4,35
4,"Модуль 4. FastAPI, инфраструктура и тестирование",1,FastAPI: первый API,12,Контракт,project,ide_plugin,140,4,55
4,"Модуль 4. FastAPI, инфраструктура и тестирование",1,FastAPI: первый API,13,GET /users/me,practice,http_api,105,4,34
4,"Модуль 4. FastAPI, инфраструктура и тестирование",1,FastAPI: первый API,14,POST /auth/login,practice,http_api,105,4,34
4,"Модуль 4. FastAPI, инфраструктура и тестирование",1,FastAPI: первый API,15,POST /auth/refresh,practice,http_api,105,4,34
4,"Модуль 4. FastAPI, инфраструктура и тестирование",1,FastAPI: первый API,16,Итоги,summary,,20,1,8
4,"Модуль 4. FastAPI, инфраструктура и тестирование",2,FastAPI: GET route,1,Смысл,theory,,25,2,16
4,"Модуль 4. FastAPI, инфраструктура и тестирование",2,FastAPI: GET route,2,Минимальный пример,theory,,25,2,14
4,"Модуль 4. FastAPI, инфраструктура и тестирование",2,FastAPI: GET route,3,Понимание,test,quiz_single,25,2,8
4,"Модуль 4. FastAPI, инфраструктура и тестирование",2,FastAPI: GET route,4,GET /tasks,practice,http_api,95,3,30
4,"Модуль 4. FastAPI, инфраструктура и тестирование",2,FastAPI: GET route,5,POST /tasks,practice,http_api,95,3,30
4,"Модуль 4. FastAPI, инфраструктура и тестирование",2,FastAPI: GET route,6,GET /tasks/{id},practice,http_api,95,3,30
4,"Модуль 4. FastAPI, инфраструктура и тестирование",2,FastAPI: GET route,7,PATCH /tasks/{id},practice,http_api,95,3,30
4,"Модуль 4. FastAPI, инфраструктура и тестирование",2,FastAPI: GET route,8,DELETE /tasks/{id},practice,http_api,95,3,30
4,"Модуль 4. FastAPI, инфраструктура и тестирование",2,FastAPI: GET route,9,Закрепление,test,quiz_single,25,2,8
4,"Модуль 4. FastAPI, инфраструктура и тестирование",2,FastAPI: GET route,10,API-слой,project,ide_plugin,140,4,55
4,"Модуль 4. FastAPI, инфраструктура и тестирование",2,FastAPI: GET route,11,GET /users/me,practice,http_api,105,4,35
4,"Модуль 4. FastAPI, инфраструктура и тестирование",2,FastAPI: GET route,12,Контракт,project,ide_plugin,140,4,55
4,"Модуль 4. FastAPI, инфраструктура и тестирование",2,FastAPI: GET route,13,POST /auth/login,practice,http_api,105,4,34
4,"Модуль 4. FastAPI, инфраструктура и тестирование",2,FastAPI: GET route,14,POST /auth/refresh,practice,http_api,105,4,34
4,"Модуль 4. FastAPI, инфраструктура и тестирование",2,FastAPI: GET route,15,GET /projects/{id}/tasks,practice,http_api,105,4,34
4,"Модуль 4. FastAPI, инфраструктура и тестирование",2,FastAPI: GET route,16,Итоги,summary,,20,1,8
4,"Модуль 4. FastAPI, инфраструктура и тестирование",3,FastAPI: path params,1,Смысл,theory,,25,2,16
4,"Модуль 4. FastAPI, инфраструктура и тестирование",3,FastAPI: path params,2,Минимальный пример,theory,,25,2,14
4,"Модуль 4. FastAPI, инфраструктура и тестирование",3,FastAPI: path params,3,Понимание,test,quiz_single,25,2,8
4,"Модуль 4. FastAPI, инфраструктура и тестирование",3,FastAPI: path params,4,POST /tasks,practice,http_api,95,3,30
4,"Модуль 4. FastAPI, инфраструктура и тестирование",3,FastAPI: path params,5,GET /tasks/{id},practice,http_api,95,3,30
4,"Модуль 4. FastAPI, инфраструктура и тестирование",3,FastAPI: path params,6,PATCH /tasks/{id},practice,http_api,95,3,30
4,"Модуль 4. FastAPI, инфраструктура и тестирование",3,FastAPI: path params,7,DELETE /tasks/{id},practice,http_api,95,3,30
4,"Модуль 4. FastAPI, инфраструктура и тестирование",3,FastAPI: path params,8,GET /users/me,practice,http_api,95,3,30
4,"Модуль 4. FastAPI, инфраструктура и тестирование",3,FastAPI: path params,9,Закрепление,test,quiz_single,25,2,8
4,"Модуль 4. FastAPI, инфраструктура и тестирование",3,FastAPI: path params,10,API-слой,project,ide_plugin,140,4,55
4,"Модуль 4. FastAPI, инфраструктура и тестирование",3,FastAPI: path params,11,POST /auth/login,practice,http_api,105,4,35
4,"Модуль 4. FastAPI, инфраструктура и тестирование",3,FastAPI: path params,12,Контракт,project,ide_plugin,140,4,55
4,"Модуль 4. FastAPI, инфраструктура и тестирование",3,FastAPI: path params,13,POST /auth/refresh,practice,http_api,105,4,34
4,"Модуль 4. FastAPI, инфраструктура и тестирование",3,FastAPI: path params,14,GET /projects/{id}/tasks,practice,http_api,105,4,34
4,"Модуль 4. FastAPI, инфраструктура и тестирование",3,FastAPI: path params,15,POST /reports,practice,http_api,105,4,34
4,"Модуль 4. FastAPI, инфраструктура и тестирование",3,FastAPI: path params,16,Итоги,summary,,20,1,8
4,"Модуль 4. FastAPI, инфраструктура и тестирование",4,FastAPI: query params,1,Смысл,theory,,25,2,16
4,"Модуль 4. FastAPI, инфраструктура и тестирование",4,FastAPI: query params,2,Минимальный пример,theory,,25,2,14
4,"Модуль 4. FastAPI, инфраструктура и тестирование",4,FastAPI: query params,3,Понимание,test,quiz_single,25,2,8
4,"Модуль 4. FastAPI, инфраструктура и тестирование",4,FastAPI: query params,4,GET /tasks/{id},practice,http_api,95,3,30
4,"Модуль 4. FastAPI, инфраструктура и тестирование",4,FastAPI: query params,5,PATCH /tasks/{id},practice,http_api,95,3,30
4,"Модуль 4. FastAPI, инфраструктура и тестирование",4,FastAPI: query params,6,DELETE /tasks/{id},practice,http_api,95,3,30
4,"Модуль 4. FastAPI, инфраструктура и тестирование",4,FastAPI: query params,7,GET /users/me,practice,http_api,95,3,30
4,"Модуль 4. FastAPI, инфраструктура и тестирование",4,FastAPI: query params,8,POST /auth/login,practice,http_api,95,3,30
4,"Модуль 4. FastAPI, инфраструктура и тестирование",4,FastAPI: query params,9,Закрепление,test,quiz_single,25,2,8
4,"Модуль 4. FastAPI, инфраструктура и тестирование",4,FastAPI: query params,10,API-слой,project,ide_plugin,140,4,55
4,"Модуль 4. FastAPI, инфраструктура и тестирование",4,FastAPI: query params,11,POST /auth/refresh,practice,http_api,105,4,35
4,"Модуль 4. FastAPI, инфраструктура и тестирование",4,FastAPI: query params,12,Контракт,project,ide_plugin,140,4,55
4,"Модуль 4. FastAPI, инфраструктура и тестирование",4,FastAPI: query params,13,GET /projects/{id}/tasks,practice,http_api,105,4,34
4,"Модуль 4. FastAPI, инфраструктура и тестирование",4,FastAPI: query params,14,POST /reports,practice,http_api,105,4,34
4,"Модуль 4. FastAPI, инфраструктура и тестирование",4,FastAPI: query params,15,GET /config,practice,http_api,105,4,34
4,"Модуль 4. FastAPI, инфраструктура и тестирование",4,FastAPI: query params,16,Итоги,summary,,20,1,8
4,"Модуль 4. FastAPI, инфраструктура и тестирование",5,FastAPI: request body,1,Смысл,theory,,25,2,16
4,"Модуль 4. FastAPI, инфраструктура и тестирование",5,FastAPI: request body,2,Минимальный пример,theory,,25,2,14
4,"Модуль 4. FastAPI, инфраструктура и тестирование",5,FastAPI: request body,3,Понимание,test,quiz_single,25,2,8
4,"Модуль 4. FastAPI, инфраструктура и тестирование",5,FastAPI: request body,4,PATCH /tasks/{id},practice,http_api,95,3,30
4,"Модуль 4. FastAPI, инфраструктура и тестирование",5,FastAPI: request body,5,DELETE /tasks/{id},practice,http_api,95,3,30
4,"Модуль 4. FastAPI, инфраструктура и тестирование",5,FastAPI: request body,6,GET /users/me,practice,http_api,95,3,30
4,"Модуль 4. FastAPI, инфраструктура и тестирование",5,FastAPI: request body,7,POST /auth/login,practice,http_api,95,3,30
4,"Модуль 4. FastAPI, инфраструктура и тестирование",5,FastAPI: request body,8,POST /auth/refresh,practice,http_api,95,3,30
4,"Модуль 4. FastAPI, инфраструктура и тестирование",5,FastAPI: request body,9,Закрепление,test,quiz_single,25,2,8
4,"Модуль 4. FastAPI, инфраструктура и тестирование",5,FastAPI: request body,10,API-слой,project,ide_plugin,140,4,55
4,"Модуль 4. FastAPI, инфраструктура и тестирование",5,FastAPI: request body,11,GET /projects/{id}/tasks,practice,http_api,105,4,35
4,"Модуль 4. FastAPI, инфраструктура и тестирование",5,FastAPI: request body,12,Контракт,project,ide_plugin,140,4,55
4,"Модуль 4. FastAPI, инфраструктура и тестирование",5,FastAPI: request body,13,POST /reports,practice,http_api,105,4,34
4,"Модуль 4. FastAPI, инфраструктура и тестирование",5,FastAPI: request body,14,GET /config,practice,http_api,105,4,34
4,"Модуль 4. FastAPI, инфраструктура и тестирование",5,FastAPI: request body,15,GET /db/health,practice,http_api,105,4,34
4,"Модуль 4. FastAPI, инфраструктура и тестирование",5,FastAPI: request body,16,Итоги,summary,,20,1,8
4,"Модуль 4. FastAPI, инфраструктура и тестирование",6,Pydantic models,1,Смысл,theory,,25,2,16
4,"Модуль 4. FastAPI, инфраструктура и тестирование",6,Pydantic models,2,Минимальный пример,theory,,25,2,14
4,"Модуль 4. FastAPI, инфраструктура и тестирование",6,Pydantic models,3,Понимание,test,quiz_single,25,2,8
4,"Модуль 4. FastAPI, инфраструктура и тестирование",6,Pydantic models,4,DELETE /tasks/{id},practice,http_api,95,3,30
4,"Модуль 4. FastAPI, инфраструктура и тестирование",6,Pydantic models,5,GET /users/me,practice,http_api,95,3,30
4,"Модуль 4. FastAPI, инфраструктура и тестирование",6,Pydantic models,6,POST /auth/login,practice,http_api,95,3,30
4,"Модуль 4. FastAPI, инфраструктура и тестирование",6,Pydantic models,7,POST /auth/refresh,practice,http_api,95,3,30
4,"Модуль 4. FastAPI, инфраструктура и тестирование",6,Pydantic models,8,GET /projects/{id}/tasks,practice,http_api,95,3,30
4,"Модуль 4. FastAPI, инфраструктура и тестирование",6,Pydantic models,9,Закрепление,test,quiz_single,25,2,8
4,"Модуль 4. FastAPI, инфраструктура и тестирование",6,Pydantic models,10,API-слой,project,ide_plugin,140,4,55
4,"Модуль 4. FastAPI, инфраструктура и тестирование",6,Pydantic models,11,POST /reports,practice,http_api,105,4,35
4,"Модуль 4. FastAPI, инфраструктура и тестирование",6,Pydantic models,12,Контракт,project,ide_plugin,140,4,55
4,"Модуль 4. FastAPI, инфраструктура и тестирование",6,Pydantic models,13,GET /config,practice,http_api,105,4,34
4,"Модуль 4. FastAPI, инфраструктура и тестирование",6,Pydantic models,14,GET /db/health,practice,http_api,105,4,34
4,"Модуль 4. FastAPI, инфраструктура и тестирование",6,Pydantic models,15,GET /staff/users,practice,http_api,105,4,34
4,"Модуль 4. FastAPI, инфраструктура и тестирование",6,Pydantic models,16,Итоги,summary,,20,1,8
4,"Модуль 4. FastAPI, инфраструктура и тестирование",7,response_model и status codes,1,Смысл,theory,,25,2,16
4,"Модуль 4. FastAPI, инфраструктура и тестирование",7,response_model и status codes,2,Минимальный пример,theory,,25,2,14
4,"Модуль 4. FastAPI, инфраструктура и тестирование",7,response_model и status codes,3,Понимание,test,quiz_single,25,2,8
4,"Модуль 4. FastAPI, инфраструктура и тестирование",7,response_model и status codes,4,GET /users/me,practice,http_api,95,3,30
4,"Модуль 4. FastAPI, инфраструктура и тестирование",7,response_model и status codes,5,POST /auth/login,practice,http_api,95,3,30
4,"Модуль 4. FastAPI, инфраструктура и тестирование",7,response_model и status codes,6,POST /auth/refresh,practice,http_api,95,3,30
4,"Модуль 4. FastAPI, инфраструктура и тестирование",7,response_model и status codes,7,GET /projects/{id}/tasks,practice,http_api,95,3,30
4,"Модуль 4. FastAPI, инфраструктура и тестирование",7,response_model и status codes,8,POST /reports,practice,http_api,95,3,30
4,"Модуль 4. FastAPI, инфраструктура и тестирование",7,response_model и status codes,9,Закрепление,test,quiz_single,25,2,8
4,"Модуль 4. FastAPI, инфраструктура и тестирование",7,response_model и status codes,10,API-слой,project,ide_plugin,140,4,55
4,"Модуль 4. FastAPI, инфраструктура и тестирование",7,response_model и status codes,11,GET /config,practice,http_api,105,4,35
4,"Модуль 4. FastAPI, инфраструктура и тестирование",7,response_model и status codes,12,Контракт,project,ide_plugin,140,4,55
4,"Модуль 4. FastAPI, инфраструктура и тестирование",7,response_model и status codes,13,GET /db/health,practice,http_api,105,4,34
4,"Модуль 4. FastAPI, инфраструктура и тестирование",7,response_model и status codes,14,GET /staff/users,practice,http_api,105,4,34
4,"Модуль 4. FastAPI, инфраструктура и тестирование",7,response_model и status codes,15,GET /openapi.json,practice,http_api,105,4,34
4,"Модуль 4. FastAPI, инфраструктура и тестирование",7,response_model и status codes,16,Итоги,summary,,20,1,8
4,"Модуль 4. FastAPI, инфраструктура и тестирование",8,HTTPException,1,Смысл,theory,,25,2,16
4,"Модуль 4. FastAPI, инфраструктура и тестирование",8,HTTPException,2,Минимальный пример,theory,,25,2,14
4,"Модуль 4. FastAPI, инфраструктура и тестирование",8,HTTPException,3,Понимание,test,quiz_single,25,2,8
4,"Модуль 4. FastAPI, инфраструктура и тестирование",8,HTTPException,4,POST /auth/login,practice,http_api,95,3,30
4,"Модуль 4. FastAPI, инфраструктура и тестирование",8,HTTPException,5,POST /auth/refresh,practice,http_api,95,3,30
4,"Модуль 4. FastAPI, инфраструктура и тестирование",8,HTTPException,6,GET /projects/{id}/tasks,practice,http_api,95,3,30
4,"Модуль 4. FastAPI, инфраструктура и тестирование",8,HTTPException,7,POST /reports,practice,http_api,95,3,30
4,"Модуль 4. FastAPI, инфраструктура и тестирование",8,HTTPException,8,GET /config,practice,http_api,95,3,30
4,"Модуль 4. FastAPI, инфраструктура и тестирование",8,HTTPException,9,Закрепление,test,quiz_single,25,2,8
4,"Модуль 4. FastAPI, инфраструктура и тестирование",8,HTTPException,10,API-слой,project,ide_plugin,140,4,55
4,"Модуль 4. FastAPI, инфраструктура и тестирование",8,HTTPException,11,GET /db/health,practice,http_api,105,4,35
4,"Модуль 4. FastAPI, инфраструктура и тестирование",8,HTTPException,12,Контракт,project,ide_plugin,140,4,55
4,"Модуль 4. FastAPI, инфраструктура и тестирование",8,HTTPException,13,GET /staff/users,practice,http_api,105,4,34
4,"Модуль 4. FastAPI, инфраструктура и тестирование",8,HTTPException,14,GET /openapi.json,practice,http_api,105,4,34
4,"Модуль 4. FastAPI, инфраструктура и тестирование",8,HTTPException,15,GET /health,practice,http_api,105,4,34
4,"Модуль 4. FastAPI, инфраструктура и тестирование",8,HTTPException,16,Итоги,summary,,20,1,8
4,"Модуль 4. FastAPI, инфраструктура и тестирование",9,Routers,1,Смысл,theory,,25,2,16
4,"Модуль 4. FastAPI, инфраструктура и тестирование",9,Routers,2,Минимальный пример,theory,,25,2,14
4,"Модуль 4. FastAPI, инфраструктура и тестирование",9,Routers,3,Понимание,test,quiz_single,25,2,8
4,"Модуль 4. FastAPI, инфраструктура и тестирование",9,Routers,4,POST /auth/refresh,practice,http_api,95,3,30
4,"Модуль 4. FastAPI, инфраструктура и тестирование",9,Routers,5,GET /projects/{id}/tasks,practice,http_api,95,3,30
4,"Модуль 4. FastAPI, инфраструктура и тестирование",9,Routers,6,POST /reports,practice,http_api,95,3,30
4,"Модуль 4. FastAPI, инфраструктура и тестирование",9,Routers,7,GET /config,practice,http_api,95,3,30
4,"Модуль 4. FastAPI, инфраструктура и тестирование",9,Routers,8,GET /db/health,practice,http_api,95,3,30
4,"Модуль 4. FastAPI, инфраструктура и тестирование",9,Routers,9,Закрепление,test,quiz_single,25,2,8
4,"Модуль 4. FastAPI, инфраструктура и тестирование",9,Routers,10,API-слой,project,ide_plugin,140,4,55
4,"Модуль 4. FastAPI, инфраструктура и тестирование",9,Routers,11,GET /staff/users,practice,http_api,105,4,35
4,"Модуль 4. FastAPI, инфраструктура и тестирование",9,Routers,12,Контракт,project,ide_plugin,140,4,55
4,"Модуль 4. FastAPI, инфраструктура и тестирование",9,Routers,13,GET /openapi.json,practice,http_api,105,4,34
4,"Модуль 4. FastAPI, инфраструктура и тестирование",9,Routers,14,GET /health,practice,http_api,105,4,34
4,"Модуль 4. FastAPI, инфраструктура и тестирование",9,Routers,15,GET /metrics,practice,http_api,105,4,34
4,"Модуль 4. FastAPI, инфраструктура и тестирование",9,Routers,16,Итоги,summary,,20,1,8
4,"Модуль 4. FastAPI, инфраструктура и тестирование",10,Depends и settings,1,Смысл,theory,,25,2,16
4,"Модуль 4. FastAPI, инфраструктура и тестирование",10,Depends и settings,2,Минимальный пример,theory,,25,2,14
4,"Модуль 4. FastAPI, инфраструктура и тестирование",10,Depends и settings,3,Понимание,test,quiz_single,25,2,8
4,"Модуль 4. FastAPI, инфраструктура и тестирование",10,Depends и settings,4,GET /projects/{id}/tasks,practice,http_api,95,3,30
4,"Модуль 4. FastAPI, инфраструктура и тестирование",10,Depends и settings,5,POST /reports,practice,http_api,95,3,30
4,"Модуль 4. FastAPI, инфраструктура и тестирование",10,Depends и settings,6,GET /config,practice,http_api,95,3,30
4,"Модуль 4. FastAPI, инфраструктура и тестирование",10,Depends и settings,7,GET /db/health,practice,http_api,95,3,30
4,"Модуль 4. FastAPI, инфраструктура и тестирование",10,Depends и settings,8,GET /staff/users,practice,http_api,95,3,30
4,"Модуль 4. FastAPI, инфраструктура и тестирование",10,Depends и settings,9,Закрепление,test,quiz_single,25,2,8
4,"Модуль 4. FastAPI, инфраструктура и тестирование",10,Depends и settings,10,API-слой,project,ide_plugin,140,4,55
4,"Модуль 4. FastAPI, инфраструктура и тестирование",10,Depends и settings,11,GET /openapi.json,practice,http_api,105,4,35
4,"Модуль 4. FastAPI, инфраструктура и тестирование",10,Depends и settings,12,Контракт,project,ide_plugin,140,4,55
4,"Модуль 4. FastAPI, инфраструктура и тестирование",10,Depends и settings,13,GET /health,practice,http_api,105,4,34
4,"Модуль 4. FastAPI, инфраструктура и тестирование",10,Depends и settings,14,GET /metrics,practice,http_api,105,4,34
4,"Модуль 4. FastAPI, инфраструктура и тестирование",10,Depends и settings,15,GET /tasks,practice,http_api,105,4,34
4,"Модуль 4. FastAPI, инфраструктура и тестирование",10,Depends и settings,16,Итоги,summary,,20,1,8
4,"Модуль 4. FastAPI, инфраструктура и тестирование",11,Middleware и logging,1,Смысл,theory,,25,2,16
4,"Модуль 4. FastAPI, инфраструктура и тестирование",11,Middleware и logging,2,Минимальный пример,theory,,25,2,14
4,"Модуль 4. FastAPI, инфраструктура и тестирование",11,Middleware и logging,3,Понимание,test,quiz_single,25,2,8
4,"Модуль 4. FastAPI, инфраструктура и тестирование",11,Middleware и logging,4,POST /reports,practice,http_api,95,3,30
4,"Модуль 4. FastAPI, инфраструктура и тестирование",11,Middleware и logging,5,GET /config,practice,http_api,95,3,30
4,"Модуль 4. FastAPI, инфраструктура и тестирование",11,Middleware и logging,6,GET /db/health,practice,http_api,95,3,30
4,"Модуль 4. FastAPI, инфраструктура и тестирование",11,Middleware и logging,7,GET /staff/users,practice,http_api,95,3,30
4,"Модуль 4. FastAPI, инфраструктура и тестирование",11,Middleware и logging,8,GET /openapi.json,practice,http_api,95,3,30
4,"Модуль 4. FastAPI, инфраструктура и тестирование",11,Middleware и logging,9,Закрепление,test,quiz_single,25,2,8
4,"Модуль 4. FastAPI, инфраструктура и тестирование",11,Middleware и logging,10,API-слой,project,ide_plugin,140,4,55
4,"Модуль 4. FastAPI, инфраструктура и тестирование",11,Middleware и logging,11,GET /health,practice,http_api,105,4,35
4,"Модуль 4. FastAPI, инфраструктура и тестирование",11,Middleware и logging,12,Контракт,project,ide_plugin,140,4,55
4,"Модуль 4. FastAPI, инфраструктура и тестирование",11,Middleware и logging,13,GET /metrics,practice,http_api,105,4,34
4,"Модуль 4. FastAPI, инфраструктура и тестирование",11,Middleware и logging,14,GET /tasks,practice,http_api,105,4,34
4,"Модуль 4. FastAPI, инфраструктура и тестирование",11,Middleware и logging,15,POST /tasks,practice,http_api,105,4,34
4,"Модуль 4. FastAPI, инфраструктура и тестирование",11,Middleware и logging,16,Итоги,summary,,20,1,8
4,"Модуль 4. FastAPI, инфраструктура и тестирование",12,Healthcheck,1,Смысл,theory,,25,2,16
4,"Модуль 4. FastAPI, инфраструктура и тестирование",12,Healthcheck,2,Минимальный пример,theory,,25,2,14
4,"Модуль 4. FastAPI, инфраструктура и тестирование",12,Healthcheck,3,Понимание,test,quiz_single,25,2,8
4,"Модуль 4. FastAPI, инфраструктура и тестирование",12,Healthcheck,4,GET /config,practice,http_api,95,3,30
4,"Модуль 4. FastAPI, инфраструктура и тестирование",12,Healthcheck,5,GET /db/health,practice,http_api,95,3,30
4,"Модуль 4. FastAPI, инфраструктура и тестирование",12,Healthcheck,6,GET /staff/users,practice,http_api,95,3,30
4,"Модуль 4. FastAPI, инфраструктура и тестирование",12,Healthcheck,7,GET /openapi.json,practice,http_api,95,3,30
4,"Модуль 4. FastAPI, инфраструктура и тестирование",12,Healthcheck,8,GET /health,practice,http_api,95,3,30
4,"Модуль 4. FastAPI, инфраструктура и тестирование",12,Healthcheck,9,Закрепление,test,quiz_single,25,2,8
4,"Модуль 4. FastAPI, инфраструктура и тестирование",12,Healthcheck,10,API-слой,project,ide_plugin,140,4,55
4,"Модуль 4. FastAPI, инфраструктура и тестирование",12,Healthcheck,11,GET /metrics,practice,http_api,105,4,35
4,"Модуль 4. FastAPI, инфраструктура и тестирование",12,Healthcheck,12,Контракт,project,ide_plugin,140,4,55
4,"Модуль 4. FastAPI, инфраструктура и тестирование",12,Healthcheck,13,Debug gate,practice,ide_plugin,105,4,36
4,"Модуль 4. FastAPI, инфраструктура и тестирование",12,Healthcheck,14,Edge gate,practice,ide_plugin,105,4,36
4,"Модуль 4. FastAPI, инфраструктура и тестирование",12,Healthcheck,15,Integration gate,project,ide_plugin,135,4,50
4,"Модуль 4. FastAPI, инфраструктура и тестирование",12,Healthcheck,16,Контроль,test,quiz_single,30,2,10
4,"Модуль 4. FastAPI, инфраструктура и тестирование",12,Healthcheck,17,Итоги,summary,,20,1,8
4,"Модуль 4. FastAPI, инфраструктура и тестирование",13,Auth JWT,1,Смысл,theory,,25,2,16
4,"Модуль 4. FastAPI, инфраструктура и тестирование",13,Auth JWT,2,Минимальный пример,theory,,25,2,14
4,"Модуль 4. FastAPI, инфраструктура и тестирование",13,Auth JWT,3,Понимание,test,quiz_single,25,2,8
4,"Модуль 4. FastAPI, инфраструктура и тестирование",13,Auth JWT,4,GET /db/health,practice,http_api,95,3,30
4,"Модуль 4. FastAPI, инфраструктура и тестирование",13,Auth JWT,5,GET /staff/users,practice,http_api,95,3,30
4,"Модуль 4. FastAPI, инфраструктура и тестирование",13,Auth JWT,6,GET /openapi.json,practice,http_api,95,3,30
4,"Модуль 4. FastAPI, инфраструктура и тестирование",13,Auth JWT,7,GET /health,practice,http_api,95,3,30
4,"Модуль 4. FastAPI, инфраструктура и тестирование",13,Auth JWT,8,GET /metrics,practice,http_api,95,3,30
4,"Модуль 4. FastAPI, инфраструктура и тестирование",13,Auth JWT,9,Закрепление,test,quiz_single,25,2,8
4,"Модуль 4. FastAPI, инфраструктура и тестирование",13,Auth JWT,10,API-слой,project,ide_plugin,140,4,55
4,"Модуль 4. FastAPI, инфраструктура и тестирование",13,Auth JWT,11,GET /tasks,practice,http_api,105,4,35
4,"Модуль 4. FastAPI, инфраструктура и тестирование",13,Auth JWT,12,Контракт,project,ide_plugin,140,4,55
4,"Модуль 4. FastAPI, инфраструктура и тестирование",13,Auth JWT,13,POST /tasks,practice,http_api,105,4,34
4,"Модуль 4. FastAPI, инфраструктура и тестирование",13,Auth JWT,14,GET /tasks/{id},practice,http_api,105,4,34
4,"Модуль 4. FastAPI, инфраструктура и тестирование",13,Auth JWT,15,PATCH /tasks/{id},practice,http_api,105,4,34
4,"Модуль 4. FastAPI, инфраструктура и тестирование",13,Auth JWT,16,Итоги,summary,,20,1,8
4,"Модуль 4. FastAPI, инфраструктура и тестирование",14,Refresh tokens,1,Смысл,theory,,25,2,16
4,"Модуль 4. FastAPI, инфраструктура и тестирование",14,Refresh tokens,2,Минимальный пример,theory,,25,2,14
4,"Модуль 4. FastAPI, инфраструктура и тестирование",14,Refresh tokens,3,Понимание,test,quiz_single,25,2,8
4,"Модуль 4. FastAPI, инфраструктура и тестирование",14,Refresh tokens,4,GET /staff/users,practice,http_api,95,3,30
4,"Модуль 4. FastAPI, инфраструктура и тестирование",14,Refresh tokens,5,GET /openapi.json,practice,http_api,95,3,30
4,"Модуль 4. FastAPI, инфраструктура и тестирование",14,Refresh tokens,6,GET /health,practice,http_api,95,3,30
4,"Модуль 4. FastAPI, инфраструктура и тестирование",14,Refresh tokens,7,GET /metrics,practice,http_api,95,3,30
4,"Модуль 4. FastAPI, инфраструктура и тестирование",14,Refresh tokens,8,GET /tasks,practice,http_api,95,3,30
4,"Модуль 4. FastAPI, инфраструктура и тестирование",14,Refresh tokens,9,Закрепление,test,quiz_single,25,2,8
4,"Модуль 4. FastAPI, инфраструктура и тестирование",14,Refresh tokens,10,API-слой,project,ide_plugin,140,4,55
4,"Модуль 4. FastAPI, инфраструктура и тестирование",14,Refresh tokens,11,POST /tasks,practice,http_api,105,4,35
4,"Модуль 4. FastAPI, инфраструктура и тестирование",14,Refresh tokens,12,Контракт,project,ide_plugin,140,4,55
4,"Модуль 4. FastAPI, инфраструктура и тестирование",14,Refresh tokens,13,GET /tasks/{id},practice,http_api,105,4,34
4,"Модуль 4. FastAPI, инфраструктура и тестирование",14,Refresh tokens,14,PATCH /tasks/{id},practice,http_api,105,4,34
4,"Модуль 4. FastAPI, инфраструктура и тестирование",14,Refresh tokens,15,DELETE /tasks/{id},practice,http_api,105,4,34
4,"Модуль 4. FastAPI, инфраструктура и тестирование",14,Refresh tokens,16,Итоги,summary,,20,1,8
4,"Модуль 4. FastAPI, инфраструктура и тестирование",15,Database session,1,Смысл,theory,,25,2,16
4,"Модуль 4. FastAPI, инфраструктура и тестирование",15,Database session,2,Минимальный пример,theory,,25,2,14
4,"Модуль 4. FastAPI, инфраструктура и тестирование",15,Database session,3,Понимание,test,quiz_single,25,2,8
4,"Модуль 4. FastAPI, инфраструктура и тестирование",15,Database session,4,GET /openapi.json,practice,http_api,95,3,30
4,"Модуль 4. FastAPI, инфраструктура и тестирование",15,Database session,5,GET /health,practice,http_api,95,3,30
4,"Модуль 4. FastAPI, инфраструктура и тестирование",15,Database session,6,GET /metrics,practice,http_api,95,3,30
4,"Модуль 4. FastAPI, инфраструктура и тестирование",15,Database session,7,GET /tasks,practice,http_api,95,3,30
4,"Модуль 4. FastAPI, инфраструктура и тестирование",15,Database session,8,POST /tasks,practice,http_api,95,3,30
4,"Модуль 4. FastAPI, инфраструктура и тестирование",15,Database session,9,Закрепление,test,quiz_single,25,2,8
4,"Модуль 4. FastAPI, инфраструктура и тестирование",15,Database session,10,API-слой,project,ide_plugin,140,4,55
4,"Модуль 4. FastAPI, инфраструктура и тестирование",15,Database session,11,GET /tasks/{id},practice,http_api,105,4,35
4,"Модуль 4. FastAPI, инфраструктура и тестирование",15,Database session,12,Контракт,project,ide_plugin,140,4,55
4,"Модуль 4. FastAPI, инфраструктура и тестирование",15,Database session,13,PATCH /tasks/{id},practice,http_api,105,4,34
4,"Модуль 4. FastAPI, инфраструктура и тестирование",15,Database session,14,DELETE /tasks/{id},practice,http_api,105,4,34
4,"Модуль 4. FastAPI, инфраструктура и тестирование",15,Database session,15,GET /users/me,practice,http_api,105,4,34
4,"Модуль 4. FastAPI, инфраструктура и тестирование",15,Database session,16,Итоги,summary,,20,1,8
4,"Модуль 4. FastAPI, инфраструктура и тестирование",16,SQLAlchemy engine/session,1,Смысл,theory,,25,2,16
4,"Модуль 4. FastAPI, инфраструктура и тестирование",16,SQLAlchemy engine/session,2,Минимальный пример,theory,,25,2,14
4,"Модуль 4. FastAPI, инфраструктура и тестирование",16,SQLAlchemy engine/session,3,Понимание,test,quiz_single,25,2,8
4,"Модуль 4. FastAPI, инфраструктура и тестирование",16,SQLAlchemy engine/session,4,GET /health,practice,http_api,95,3,30
4,"Модуль 4. FastAPI, инфраструктура и тестирование",16,SQLAlchemy engine/session,5,GET /metrics,practice,http_api,95,3,30
4,"Модуль 4. FastAPI, инфраструктура и тестирование",16,SQLAlchemy engine/session,6,GET /tasks,practice,http_api,95,3,30
4,"Модуль 4. FastAPI, инфраструктура и тестирование",16,SQLAlchemy engine/session,7,POST /tasks,practice,http_api,95,3,30
4,"Модуль 4. FastAPI, инфраструктура и тестирование",16,SQLAlchemy engine/session,8,GET /tasks/{id},practice,http_api,95,3,30
4,"Модуль 4. FastAPI, инфраструктура и тестирование",16,SQLAlchemy engine/session,9,Закрепление,test,quiz_single,25,2,8
4,"Модуль 4. FastAPI, инфраструктура и тестирование",16,SQLAlchemy engine/session,10,API-слой,project,ide_plugin,140,4,55
4,"Модуль 4. FastAPI, инфраструктура и тестирование",16,SQLAlchemy engine/session,11,PATCH /tasks/{id},practice,http_api,105,4,35
4,"Модуль 4. FastAPI, инфраструктура и тестирование",16,SQLAlchemy engine/session,12,Контракт,project,ide_plugin,140,4,55
4,"Модуль 4. FastAPI, инфраструктура и тестирование",16,SQLAlchemy engine/session,13,DELETE /tasks/{id},practice,http_api,105,4,34
4,"Модуль 4. FastAPI, инфраструктура и тестирование",16,SQLAlchemy engine/session,14,GET /users/me,practice,http_api,105,4,34
4,"Модуль 4. FastAPI, инфраструктура и тестирование",16,SQLAlchemy engine/session,15,POST /auth/login,practice,http_api,105,4,34
4,"Модуль 4. FastAPI, инфраструктура и тестирование",16,SQLAlchemy engine/session,16,Итоги,summary,,20,1,8
4,"Модуль 4. FastAPI, инфраструктура и тестирование",17,SQLAlchemy models,1,Смысл,theory,,25,2,16
4,"Модуль 4. FastAPI, инфраструктура и тестирование",17,SQLAlchemy models,2,Минимальный пример,theory,,25,2,14
4,"Модуль 4. FastAPI, инфраструктура и тестирование",17,SQLAlchemy models,3,Понимание,test,quiz_single,25,2,8
4,"Модуль 4. FastAPI, инфраструктура и тестирование",17,SQLAlchemy models,4,GET /metrics,practice,http_api,95,3,30
4,"Модуль 4. FastAPI, инфраструктура и тестирование",17,SQLAlchemy models,5,GET /tasks,practice,http_api,95,3,30
4,"Модуль 4. FastAPI, инфраструктура и тестирование",17,SQLAlchemy models,6,POST /tasks,practice,http_api,95,3,30
4,"Модуль 4. FastAPI, инфраструктура и тестирование",17,SQLAlchemy models,7,GET /tasks/{id},practice,http_api,95,3,30
4,"Модуль 4. FastAPI, инфраструктура и тестирование",17,SQLAlchemy models,8,PATCH /tasks/{id},practice,http_api,95,3,30
4,"Модуль 4. FastAPI, инфраструктура и тестирование",17,SQLAlchemy models,9,Закрепление,test,quiz_single,25,2,8
4,"Модуль 4. FastAPI, инфраструктура и тестирование",17,SQLAlchemy models,10,API-слой,project,ide_plugin,140,4,55
4,"Модуль 4. FastAPI, инфраструктура и тестирование",17,SQLAlchemy models,11,DELETE /tasks/{id},practice,http_api,105,4,35
4,"Модуль 4. FastAPI, инфраструктура и тестирование",17,SQLAlchemy models,12,Контракт,project,ide_plugin,140,4,55
4,"Модуль 4. FastAPI, инфраструктура и тестирование",17,SQLAlchemy models,13,GET /users/me,practice,http_api,105,4,34
4,"Модуль 4. FastAPI, инфраструктура и тестирование",17,SQLAlchemy models,14,POST /auth/login,practice,http_api,105,4,34
4,"Модуль 4. FastAPI, инфраструктура и тестирование",17,SQLAlchemy models,15,POST /auth/refresh,practice,http_api,105,4,34
4,"Модуль 4. FastAPI, инфраструктура и тестирование",17,SQLAlchemy models,16,Итоги,summary,,20,1,8
4,"Модуль 4. FastAPI, инфраструктура и тестирование",18,SQLAlchemy relationships,1,Смысл,theory,,25,2,16
4,"Модуль 4. FastAPI, инфраструктура и тестирование",18,SQLAlchemy relationships,2,Минимальный пример,theory,,25,2,14
4,"Модуль 4. FastAPI, инфраструктура и тестирование",18,SQLAlchemy relationships,3,Понимание,test,quiz_single,25,2,8
4,"Модуль 4. FastAPI, инфраструктура и тестирование",18,SQLAlchemy relationships,4,GET /tasks,practice,http_api,95,3,30
4,"Модуль 4. FastAPI, инфраструктура и тестирование",18,SQLAlchemy relationships,5,POST /tasks,practice,http_api,95,3,30
4,"Модуль 4. FastAPI, инфраструктура и тестирование",18,SQLAlchemy relationships,6,GET /tasks/{id},practice,http_api,95,3,30
4,"Модуль 4. FastAPI, инфраструктура и тестирование",18,SQLAlchemy relationships,7,PATCH /tasks/{id},practice,http_api,95,3,30
4,"Модуль 4. FastAPI, инфраструктура и тестирование",18,SQLAlchemy relationships,8,DELETE /tasks/{id},practice,http_api,95,3,30
4,"Модуль 4. FastAPI, инфраструктура и тестирование",18,SQLAlchemy relationships,9,Закрепление,test,quiz_single,25,2,8
4,"Модуль 4. FastAPI, инфраструктура и тестирование",18,SQLAlchemy relationships,10,API-слой,project,ide_plugin,140,4,55
4,"Модуль 4. FastAPI, инфраструктура и тестирование",18,SQLAlchemy relationships,11,GET /users/me,practice,http_api,105,4,35
4,"Модуль 4. FastAPI, инфраструктура и тестирование",18,SQLAlchemy relationships,12,Контракт,project,ide_plugin,140,4,55
4,"Модуль 4. FastAPI, инфраструктура и тестирование",18,SQLAlchemy relationships,13,POST /auth/login,practice,http_api,105,4,34
4,"Модуль 4. FastAPI, инфраструктура и тестирование",18,SQLAlchemy relationships,14,POST /auth/refresh,practice,http_api,105,4,34
4,"Модуль 4. FastAPI, инфраструктура и тестирование",18,SQLAlchemy relationships,15,GET /projects/{id}/tasks,practice,http_api,105,4,34
4,"Модуль 4. FastAPI, инфраструктура и тестирование",18,SQLAlchemy relationships,16,Итоги,summary,,20,1,8
4,"Модуль 4. FastAPI, инфраструктура и тестирование",19,SQLAlchemy transactions,1,Смысл,theory,,25,2,16
4,"Модуль 4. FastAPI, инфраструктура и тестирование",19,SQLAlchemy transactions,2,Минимальный пример,theory,,25,2,14
4,"Модуль 4. FastAPI, инфраструктура и тестирование",19,SQLAlchemy transactions,3,Понимание,test,quiz_single,25,2,8
4,"Модуль 4. FastAPI, инфраструктура и тестирование",19,SQLAlchemy transactions,4,POST /tasks,practice,http_api,95,3,30
4,"Модуль 4. FastAPI, инфраструктура и тестирование",19,SQLAlchemy transactions,5,GET /tasks/{id},practice,http_api,95,3,30
4,"Модуль 4. FastAPI, инфраструктура и тестирование",19,SQLAlchemy transactions,6,PATCH /tasks/{id},practice,http_api,95,3,30
4,"Модуль 4. FastAPI, инфраструктура и тестирование",19,SQLAlchemy transactions,7,DELETE /tasks/{id},practice,http_api,95,3,30
4,"Модуль 4. FastAPI, инфраструктура и тестирование",19,SQLAlchemy transactions,8,GET /users/me,practice,http_api,95,3,30
4,"Модуль 4. FastAPI, инфраструктура и тестирование",19,SQLAlchemy transactions,9,Закрепление,test,quiz_single,25,2,8
4,"Модуль 4. FastAPI, инфраструктура и тестирование",19,SQLAlchemy transactions,10,API-слой,project,ide_plugin,140,4,55
4,"Модуль 4. FastAPI, инфраструктура и тестирование",19,SQLAlchemy transactions,11,POST /auth/login,practice,http_api,105,4,35
4,"Модуль 4. FastAPI, инфраструктура и тестирование",19,SQLAlchemy transactions,12,Контракт,project,ide_plugin,140,4,55
4,"Модуль 4. FastAPI, инфраструктура и тестирование",19,SQLAlchemy transactions,13,POST /auth/refresh,practice,http_api,105,4,34
4,"Модуль 4. FastAPI, инфраструктура и тестирование",19,SQLAlchemy transactions,14,GET /projects/{id}/tasks,practice,http_api,105,4,34
4,"Модуль 4. FastAPI, инфраструктура и тестирование",19,SQLAlchemy transactions,15,POST /reports,practice,http_api,105,4,34
4,"Модуль 4. FastAPI, инфраструктура и тестирование",19,SQLAlchemy transactions,16,Итоги,summary,,20,1,8
4,"Модуль 4. FastAPI, инфраструктура и тестирование",20,Repository и unit of work,1,Смысл,theory,,25,2,16
4,"Модуль 4. FastAPI, инфраструктура и тестирование",20,Repository и unit of work,2,Минимальный пример,theory,,25,2,14
4,"Модуль 4. FastAPI, инфраструктура и тестирование",20,Repository и unit of work,3,Понимание,test,quiz_single,25,2,8
4,"Модуль 4. FastAPI, инфраструктура и тестирование",20,Repository и unit of work,4,GET /tasks/{id},practice,http_api,95,3,30
4,"Модуль 4. FastAPI, инфраструктура и тестирование",20,Repository и unit of work,5,PATCH /tasks/{id},practice,http_api,95,3,30
4,"Модуль 4. FastAPI, инфраструктура и тестирование",20,Repository и unit of work,6,DELETE /tasks/{id},practice,http_api,95,3,30
4,"Модуль 4. FastAPI, инфраструктура и тестирование",20,Repository и unit of work,7,GET /users/me,practice,http_api,95,3,30
4,"Модуль 4. FastAPI, инфраструктура и тестирование",20,Repository и unit of work,8,POST /auth/login,practice,http_api,95,3,30
4,"Модуль 4. FastAPI, инфраструктура и тестирование",20,Repository и unit of work,9,Закрепление,test,quiz_single,25,2,8
4,"Модуль 4. FastAPI, инфраструктура и тестирование",20,Repository и unit of work,10,API-слой,project,ide_plugin,140,4,55
4,"Модуль 4. FastAPI, инфраструктура и тестирование",20,Repository и unit of work,11,POST /auth/refresh,practice,http_api,105,4,35
4,"Модуль 4. FastAPI, инфраструктура и тестирование",20,Repository и unit of work,12,Контракт,project,ide_plugin,140,4,55
4,"Модуль 4. FastAPI, инфраструктура и тестирование",20,Repository и unit of work,13,GET /projects/{id}/tasks,practice,http_api,105,4,34
4,"Модуль 4. FastAPI, инфраструктура и тестирование",20,Repository и unit of work,14,POST /reports,practice,http_api,105,4,34
4,"Модуль 4. FastAPI, инфраструктура и тестирование",20,Repository и unit of work,15,GET /config,practice,http_api,105,4,34
4,"Модуль 4. FastAPI, инфраструктура и тестирование",20,Repository и unit of work,16,Итоги,summary,,20,1,8
4,"Модуль 4. FastAPI, инфраструктура и тестирование",21,Alembic migrations,1,Смысл,theory,,25,2,16
4,"Модуль 4. FastAPI, инфраструктура и тестирование",21,Alembic migrations,2,Минимальный пример,theory,,25,2,14
4,"Модуль 4. FastAPI, инфраструктура и тестирование",21,Alembic migrations,3,Понимание,test,quiz_single,25,2,8
4,"Модуль 4. FastAPI, инфраструктура и тестирование",21,Alembic migrations,4,PATCH /tasks/{id},practice,http_api,95,3,30
4,"Модуль 4. FastAPI, инфраструктура и тестирование",21,Alembic migrations,5,DELETE /tasks/{id},practice,http_api,95,3,30
4,"Модуль 4. FastAPI, инфраструктура и тестирование",21,Alembic migrations,6,GET /users/me,practice,http_api,95,3,30
4,"Модуль 4. FastAPI, инфраструктура и тестирование",21,Alembic migrations,7,POST /auth/login,practice,http_api,95,3,30
4,"Модуль 4. FastAPI, инфраструктура и тестирование",21,Alembic migrations,8,POST /auth/refresh,practice,http_api,95,3,30
4,"Модуль 4. FastAPI, инфраструктура и тестирование",21,Alembic migrations,9,Закрепление,test,quiz_single,25,2,8
4,"Модуль 4. FastAPI, инфраструктура и тестирование",21,Alembic migrations,10,API-слой,project,ide_plugin,140,4,55
4,"Модуль 4. FastAPI, инфраструктура и тестирование",21,Alembic migrations,11,GET /projects/{id}/tasks,practice,http_api,105,4,35
4,"Модуль 4. FastAPI, инфраструктура и тестирование",21,Alembic migrations,12,Контракт,project,ide_plugin,140,4,55
4,"Модуль 4. FastAPI, инфраструктура и тестирование",21,Alembic migrations,13,POST /reports,practice,http_api,105,4,34
4,"Модуль 4. FastAPI, инфраструктура и тестирование",21,Alembic migrations,14,GET /config,practice,http_api,105,4,34
4,"Модуль 4. FastAPI, инфраструктура и тестирование",21,Alembic migrations,15,GET /db/health,practice,http_api,105,4,34
4,"Модуль 4. FastAPI, инфраструктура и тестирование",21,Alembic migrations,16,Итоги,summary,,20,1,8
4,"Модуль 4. FastAPI, инфраструктура и тестирование",22,"Pagination, filtering, sorting",1,Смысл,theory,,25,2,16
4,"Модуль 4. FastAPI, инфраструктура и тестирование",22,"Pagination, filtering, sorting",2,Минимальный пример,theory,,25,2,14
4,"Модуль 4. FastAPI, инфраструктура и тестирование",22,"Pagination, filtering, sorting",3,Понимание,test,quiz_single,25,2,8
4,"Модуль 4. FastAPI, инфраструктура и тестирование",22,"Pagination, filtering, sorting",4,DELETE /tasks/{id},practice,http_api,95,3,30
4,"Модуль 4. FastAPI, инфраструктура и тестирование",22,"Pagination, filtering, sorting",5,GET /users/me,practice,http_api,95,3,30
4,"Модуль 4. FastAPI, инфраструктура и тестирование",22,"Pagination, filtering, sorting",6,POST /auth/login,practice,http_api,95,3,30
4,"Модуль 4. FastAPI, инфраструктура и тестирование",22,"Pagination, filtering, sorting",7,POST /auth/refresh,practice,http_api,95,3,30
4,"Модуль 4. FastAPI, инфраструктура и тестирование",22,"Pagination, filtering, sorting",8,GET /projects/{id}/tasks,practice,http_api,95,3,30
4,"Модуль 4. FastAPI, инфраструктура и тестирование",22,"Pagination, filtering, sorting",9,Закрепление,test,quiz_single,25,2,8
4,"Модуль 4. FastAPI, инфраструктура и тестирование",22,"Pagination, filtering, sorting",10,API-слой,project,ide_plugin,140,4,55
4,"Модуль 4. FastAPI, инфраструктура и тестирование",22,"Pagination, filtering, sorting",11,POST /reports,practice,http_api,105,4,35
4,"Модуль 4. FastAPI, инфраструктура и тестирование",22,"Pagination, filtering, sorting",12,Контракт,project,ide_plugin,140,4,55
4,"Модуль 4. FastAPI, инфраструктура и тестирование",22,"Pagination, filtering, sorting",13,GET /config,practice,http_api,105,4,34
4,"Модуль 4. FastAPI, инфраструктура и тестирование",22,"Pagination, filtering, sorting",14,GET /db/health,practice,http_api,105,4,34
4,"Модуль 4. FastAPI, инфраструктура и тестирование",22,"Pagination, filtering, sorting",15,GET /staff/users,practice,http_api,105,4,34
4,"Модуль 4. FastAPI, инфраструктура и тестирование",22,"Pagination, filtering, sorting",16,Итоги,summary,,20,1,8
4,"Модуль 4. FastAPI, инфраструктура и тестирование",23,TestClient,1,Смысл,theory,,25,2,16
4,"Модуль 4. FastAPI, инфраструктура и тестирование",23,TestClient,2,Минимальный пример,theory,,25,2,14
4,"Модуль 4. FastAPI, инфраструктура и тестирование",23,TestClient,3,Понимание,test,quiz_single,25,2,8
4,"Модуль 4. FastAPI, инфраструктура и тестирование",23,TestClient,4,GET /users/me,practice,http_api,95,3,30
4,"Модуль 4. FastAPI, инфраструктура и тестирование",23,TestClient,5,POST /auth/login,practice,http_api,95,3,30
4,"Модуль 4. FastAPI, инфраструктура и тестирование",23,TestClient,6,POST /auth/refresh,practice,http_api,95,3,30
4,"Модуль 4. FastAPI, инфраструктура и тестирование",23,TestClient,7,GET /projects/{id}/tasks,practice,http_api,95,3,30
4,"Модуль 4. FastAPI, инфраструктура и тестирование",23,TestClient,8,POST /reports,practice,http_api,95,3,30
4,"Модуль 4. FastAPI, инфраструктура и тестирование",23,TestClient,9,Закрепление,test,quiz_single,25,2,8
4,"Модуль 4. FastAPI, инфраструктура и тестирование",23,TestClient,10,API-слой,project,ide_plugin,140,4,55
4,"Модуль 4. FastAPI, инфраструктура и тестирование",23,TestClient,11,GET /config,practice,http_api,105,4,35
4,"Модуль 4. FastAPI, инфраструктура и тестирование",23,TestClient,12,Контракт,project,ide_plugin,140,4,55
4,"Модуль 4. FastAPI, инфраструктура и тестирование",23,TestClient,13,GET /db/health,practice,http_api,105,4,34
4,"Модуль 4. FastAPI, инфраструктура и тестирование",23,TestClient,14,GET /staff/users,practice,http_api,105,4,34
4,"Модуль 4. FastAPI, инфраструктура и тестирование",23,TestClient,15,GET /openapi.json,practice,http_api,105,4,34
4,"Модуль 4. FastAPI, инфраструктура и тестирование",23,TestClient,16,Итоги,summary,,20,1,8
4,"Модуль 4. FastAPI, инфраструктура и тестирование",24,Integration tests,1,Смысл,theory,,25,2,16
4,"Модуль 4. FastAPI, инфраструктура и тестирование",24,Integration tests,2,Минимальный пример,theory,,25,2,14
4,"Модуль 4. FastAPI, инфраструктура и тестирование",24,Integration tests,3,Понимание,test,quiz_single,25,2,8
4,"Модуль 4. FastAPI, инфраструктура и тестирование",24,Integration tests,4,POST /auth/login,practice,http_api,95,3,30
4,"Модуль 4. FastAPI, инфраструктура и тестирование",24,Integration tests,5,POST /auth/refresh,practice,http_api,95,3,30
4,"Модуль 4. FastAPI, инфраструктура и тестирование",24,Integration tests,6,GET /projects/{id}/tasks,practice,http_api,95,3,30
4,"Модуль 4. FastAPI, инфраструктура и тестирование",24,Integration tests,7,POST /reports,practice,http_api,95,3,30
4,"Модуль 4. FastAPI, инфраструктура и тестирование",24,Integration tests,8,GET /config,practice,http_api,95,3,30
4,"Модуль 4. FastAPI, инфраструктура и тестирование",24,Integration tests,9,Закрепление,test,quiz_single,25,2,8
4,"Модуль 4. FastAPI, инфраструктура и тестирование",24,Integration tests,10,API-слой,project,ide_plugin,140,4,55
4,"Модуль 4. FastAPI, инфраструктура и тестирование",24,Integration tests,11,GET /db/health,practice,http_api,105,4,35
4,"Модуль 4. FastAPI, инфраструктура и тестирование",24,Integration tests,12,Контракт,project,ide_plugin,140,4,55
4,"Модуль 4. FastAPI, инфраструктура и тестирование",24,Integration tests,13,GET /staff/users,practice,http_api,105,4,34
4,"Модуль 4. FastAPI, инфраструктура и тестирование",24,Integration tests,14,GET /openapi.json,practice,http_api,105,4,34
4,"Модуль 4. FastAPI, инфраструктура и тестирование",24,Integration tests,15,GET /health,practice,http_api,105,4,34
4,"Модуль 4. FastAPI, инфраструктура и тестирование",24,Integration tests,16,Итоги,summary,,20,1,8
4,"Модуль 4. FastAPI, инфраструктура и тестирование",25,OpenAPI docs,1,Смысл,theory,,25,2,16
4,"Модуль 4. FastAPI, инфраструктура и тестирование",25,OpenAPI docs,2,Минимальный пример,theory,,25,2,14
4,"Модуль 4. FastAPI, инфраструктура и тестирование",25,OpenAPI docs,3,Понимание,test,quiz_single,25,2,8
4,"Модуль 4. FastAPI, инфраструктура и тестирование",25,OpenAPI docs,4,POST /auth/refresh,practice,http_api,95,3,30
4,"Модуль 4. FastAPI, инфраструктура и тестирование",25,OpenAPI docs,5,GET /projects/{id}/tasks,practice,http_api,95,3,30
4,"Модуль 4. FastAPI, инфраструктура и тестирование",25,OpenAPI docs,6,POST /reports,practice,http_api,95,3,30
4,"Модуль 4. FastAPI, инфраструктура и тестирование",25,OpenAPI docs,7,GET /config,practice,http_api,95,3,30
4,"Модуль 4. FastAPI, инфраструктура и тестирование",25,OpenAPI docs,8,GET /db/health,practice,http_api,95,3,30
4,"Модуль 4. FastAPI, инфраструктура и тестирование",25,OpenAPI docs,9,Закрепление,test,quiz_single,25,2,8
4,"Модуль 4. FastAPI, инфраструктура и тестирование",25,OpenAPI docs,10,API-слой,project,ide_plugin,140,4,55
4,"Модуль 4. FastAPI, инфраструктура и тестирование",25,OpenAPI docs,11,GET /staff/users,practice,http_api,105,4,35
4,"Модуль 4. FastAPI, инфраструктура и тестирование",25,OpenAPI docs,12,Контракт,project,ide_plugin,140,4,55
4,"Модуль 4. FastAPI, инфраструктура и тестирование",25,OpenAPI docs,13,GET /openapi.json,practice,http_api,105,4,34
4,"Модуль 4. FastAPI, инфраструктура и тестирование",25,OpenAPI docs,14,GET /health,practice,http_api,105,4,34
4,"Модуль 4. FastAPI, инфраструктура и тестирование",25,OpenAPI docs,15,GET /metrics,practice,http_api,105,4,34
4,"Модуль 4. FastAPI, инфраструктура и тестирование",25,OpenAPI docs,16,Итоги,summary,,20,1,8
4,"Модуль 4. FastAPI, инфраструктура и тестирование",26,Postman collections,1,Смысл,theory,,25,2,16
4,"Модуль 4. FastAPI, инфраструктура и тестирование",26,Postman collections,2,Минимальный пример,theory,,25,2,14
4,"Модуль 4. FastAPI, инфраструктура и тестирование",26,Postman collections,3,Понимание,test,quiz_single,25,2,8
4,"Модуль 4. FastAPI, инфраструктура и тестирование",26,Postman collections,4,GET /projects/{id}/tasks,practice,http_api,95,3,30
4,"Модуль 4. FastAPI, инфраструктура и тестирование",26,Postman collections,5,POST /reports,practice,http_api,95,3,30
4,"Модуль 4. FastAPI, инфраструктура и тестирование",26,Postman collections,6,GET /config,practice,http_api,95,3,30
4,"Модуль 4. FastAPI, инфраструктура и тестирование",26,Postman collections,7,GET /db/health,practice,http_api,95,3,30
4,"Модуль 4. FastAPI, инфраструктура и тестирование",26,Postman collections,8,GET /staff/users,practice,http_api,95,3,30
4,"Модуль 4. FastAPI, инфраструктура и тестирование",26,Postman collections,9,Закрепление,test,quiz_single,25,2,8
4,"Модуль 4. FastAPI, инфраструктура и тестирование",26,Postman collections,10,API-слой,project,ide_plugin,140,4,55
4,"Модуль 4. FastAPI, инфраструктура и тестирование",26,Postman collections,11,GET /openapi.json,practice,http_api,105,4,35
4,"Модуль 4. FastAPI, инфраструктура и тестирование",26,Postman collections,12,Контракт,project,ide_plugin,140,4,55
4,"Модуль 4. FastAPI, инфраструктура и тестирование",26,Postman collections,13,GET /health,practice,http_api,105,4,34
4,"Модуль 4. FastAPI, инфраструктура и тестирование",26,Postman collections,14,GET /metrics,practice,http_api,105,4,34
4,"Модуль 4. FastAPI, инфраструктура и тестирование",26,Postman collections,15,GET /tasks,practice,http_api,105,4,34
4,"Модуль 4. FastAPI, инфраструктура и тестирование",26,Postman collections,16,Итоги,summary,,20,1,8
4,"Модуль 4. FastAPI, инфраструктура и тестирование",27,CRUD-проект,1,Смысл,theory,,25,2,16
4,"Модуль 4. FastAPI, инфраструктура и тестирование",27,CRUD-проект,2,Минимальный пример,theory,,25,2,14
4,"Модуль 4. FastAPI, инфраструктура и тестирование",27,CRUD-проект,3,Понимание,test,quiz_single,25,2,8
4,"Модуль 4. FastAPI, инфраструктура и тестирование",27,CRUD-проект,4,POST /reports,practice,http_api,95,3,30
4,"Модуль 4. FastAPI, инфраструктура и тестирование",27,CRUD-проект,5,GET /config,practice,http_api,95,3,30
4,"Модуль 4. FastAPI, инфраструктура и тестирование",27,CRUD-проект,6,GET /db/health,practice,http_api,95,3,30
4,"Модуль 4. FastAPI, инфраструктура и тестирование",27,CRUD-проект,7,GET /staff/users,practice,http_api,95,3,30
4,"Модуль 4. FastAPI, инфраструктура и тестирование",27,CRUD-проект,8,GET /openapi.json,practice,http_api,95,3,30
4,"Модуль 4. FastAPI, инфраструктура и тестирование",27,CRUD-проект,9,Закрепление,test,quiz_single,25,2,8
4,"Модуль 4. FastAPI, инфраструктура и тестирование",27,CRUD-проект,10,API-слой,project,ide_plugin,140,4,55
4,"Модуль 4. FastAPI, инфраструктура и тестирование",27,CRUD-проект,11,GET /health,practice,http_api,105,4,35
4,"Модуль 4. FastAPI, инфраструктура и тестирование",27,CRUD-проект,12,Контракт,project,ide_plugin,140,4,55
4,"Модуль 4. FastAPI, инфраструктура и тестирование",27,CRUD-проект,13,GET /metrics,practice,http_api,105,4,34
4,"Модуль 4. FastAPI, инфраструктура и тестирование",27,CRUD-проект,14,GET /tasks,practice,http_api,105,4,34
4,"Модуль 4. FastAPI, инфраструктура и тестирование",27,CRUD-проект,15,POST /tasks,practice,http_api,105,4,34
4,"Модуль 4. FastAPI, инфраструктура и тестирование",27,CRUD-проект,16,Итоги,summary,,20,1,8
4,"Модуль 4. FastAPI, инфраструктура и тестирование",28,Dockerfile и image,1,Смысл,theory,,25,2,16
4,"Модуль 4. FastAPI, инфраструктура и тестирование",28,Dockerfile и image,2,Минимальный пример,theory,,25,2,14
4,"Модуль 4. FastAPI, инфраструктура и тестирование",28,Dockerfile и image,3,Понимание,test,quiz_single,25,2,8
4,"Модуль 4. FastAPI, инфраструктура и тестирование",28,Dockerfile и image,4,Практика 4,practice,ide_plugin,90,3,30
4,"Модуль 4. FastAPI, инфраструктура и тестирование",28,Dockerfile и image,5,Проект 5,project,ide_plugin,125,3,50
4,"Модуль 4. FastAPI, инфраструктура и тестирование",28,Dockerfile и image,6,Практика 6,practice,ide_plugin,90,3,30
4,"Модуль 4. FastAPI, инфраструктура и тестирование",28,Dockerfile и image,7,Проект 7,project,ide_plugin,125,3,50
4,"Модуль 4. FastAPI, инфраструктура и тестирование",28,Dockerfile и image,8,Практика 8,practice,ide_plugin,90,3,30
4,"Модуль 4. FastAPI, инфраструктура и тестирование",28,Dockerfile и image,9,Проект 9,project,ide_plugin,125,3,50
4,"Модуль 4. FastAPI, инфраструктура и тестирование",28,Dockerfile и image,10,Практика 10,practice,ide_plugin,90,3,30
4,"Модуль 4. FastAPI, инфраструктура и тестирование",28,Dockerfile и image,11,Проект 11,project,ide_plugin,125,3,50
4,"Модуль 4. FastAPI, инфраструктура и тестирование",28,Dockerfile и image,12,Проект 12,project,ide_plugin,125,3,50
4,"Модуль 4. FastAPI, инфраструктура и тестирование",28,Dockerfile и image,13,Закрепление,test,quiz_single,25,2,8
4,"Модуль 4. FastAPI, инфраструктура и тестирование",28,Dockerfile и image,14,Debug gate,practice,ide_plugin,105,4,36
4,"Модуль 4. FastAPI, инфраструктура и тестирование",28,Dockerfile и image,15,Edge gate,practice,ide_plugin,105,4,36
4,"Модуль 4. FastAPI, инфраструктура и тестирование",28,Dockerfile и image,16,Integration gate,project,ide_plugin,135,4,50
4,"Модуль 4. FastAPI, инфраструктура и тестирование",28,Dockerfile и image,17,Итоги,summary,,20,1,8
4,"Модуль 4. FastAPI, инфраструктура и тестирование",29,"Container, ports, env",1,Смысл,theory,,25,2,16
4,"Модуль 4. FastAPI, инфраструктура и тестирование",29,"Container, ports, env",2,Минимальный пример,theory,,25,2,14
4,"Модуль 4. FastAPI, инфраструктура и тестирование",29,"Container, ports, env",3,Понимание,test,quiz_single,25,2,8
4,"Модуль 4. FastAPI, инфраструктура и тестирование",29,"Container, ports, env",4,Практика 4,practice,ide_plugin,90,3,30
4,"Модуль 4. FastAPI, инфраструктура и тестирование",29,"Container, ports, env",5,Проект 5,project,ide_plugin,125,3,50
4,"Модуль 4. FastAPI, инфраструктура и тестирование",29,"Container, ports, env",6,Практика 6,practice,ide_plugin,90,3,30
4,"Модуль 4. FastAPI, инфраструктура и тестирование",29,"Container, ports, env",7,Проект 7,project,ide_plugin,125,3,50
4,"Модуль 4. FastAPI, инфраструктура и тестирование",29,"Container, ports, env",8,Практика 8,practice,ide_plugin,90,3,30
4,"Модуль 4. FastAPI, инфраструктура и тестирование",29,"Container, ports, env",9,Проект 9,project,ide_plugin,125,3,50
4,"Модуль 4. FastAPI, инфраструктура и тестирование",29,"Container, ports, env",10,Практика 10,practice,ide_plugin,90,3,30
4,"Модуль 4. FastAPI, инфраструктура и тестирование",29,"Container, ports, env",11,Проект 11,project,ide_plugin,125,3,50
4,"Модуль 4. FastAPI, инфраструктура и тестирование",29,"Container, ports, env",12,Проект 12,project,ide_plugin,125,3,50
4,"Модуль 4. FastAPI, инфраструктура и тестирование",29,"Container, ports, env",13,Закрепление,test,quiz_single,25,2,8
4,"Модуль 4. FastAPI, инфраструктура и тестирование",29,"Container, ports, env",14,Debug gate,practice,ide_plugin,105,4,36
4,"Модуль 4. FastAPI, инфраструктура и тестирование",29,"Container, ports, env",15,Edge gate,practice,ide_plugin,105,4,36
4,"Модуль 4. FastAPI, инфраструктура и тестирование",29,"Container, ports, env",16,Integration gate,project,ide_plugin,135,4,50
4,"Модуль 4. FastAPI, инфраструктура и тестирование",29,"Container, ports, env",17,Итоги,summary,,20,1,8
4,"Модуль 4. FastAPI, инфраструктура и тестирование",30,Volumes и .dockerignore,1,Смысл,theory,,25,2,16
4,"Модуль 4. FastAPI, инфраструктура и тестирование",30,Volumes и .dockerignore,2,Минимальный пример,theory,,25,2,14
4,"Модуль 4. FastAPI, инфраструктура и тестирование",30,Volumes и .dockerignore,3,Понимание,test,quiz_single,25,2,8
4,"Модуль 4. FastAPI, инфраструктура и тестирование",30,Volumes и .dockerignore,4,Практика 4,practice,ide_plugin,90,3,30
4,"Модуль 4. FastAPI, инфраструктура и тестирование",30,Volumes и .dockerignore,5,Проект 5,project,ide_plugin,125,3,50
4,"Модуль 4. FastAPI, инфраструктура и тестирование",30,Volumes и .dockerignore,6,Практика 6,practice,ide_plugin,90,3,30
4,"Модуль 4. FastAPI, инфраструктура и тестирование",30,Volumes и .dockerignore,7,Проект 7,project,ide_plugin,125,3,50
4,"Модуль 4. FastAPI, инфраструктура и тестирование",30,Volumes и .dockerignore,8,Практика 8,practice,ide_plugin,90,3,30
4,"Модуль 4. FastAPI, инфраструктура и тестирование",30,Volumes и .dockerignore,9,Проект 9,project,ide_plugin,125,3,50
4,"Модуль 4. FastAPI, инфраструктура и тестирование",30,Volumes и .dockerignore,10,Практика 10,practice,ide_plugin,90,3,30
4,"Модуль 4. FastAPI, инфраструктура и тестирование",30,Volumes и .dockerignore,11,Проект 11,project,ide_plugin,125,3,50
4,"Модуль 4. FastAPI, инфраструктура и тестирование",30,Volumes и .dockerignore,12,Проект 12,project,ide_plugin,125,3,50
4,"Модуль 4. FastAPI, инфраструктура и тестирование",30,Volumes и .dockerignore,13,Закрепление,test,quiz_single,25,2,8
4,"Модуль 4. FastAPI, инфраструктура и тестирование",30,Volumes и .dockerignore,14,Debug gate,practice,ide_plugin,105,4,36
4,"Модуль 4. FastAPI, инфраструктура и тестирование",30,Volumes и .dockerignore,15,Edge gate,practice,ide_plugin,105,4,36
4,"Модуль 4. FastAPI, инфраструктура и тестирование",30,Volumes и .dockerignore,16,Integration gate,project,ide_plugin,135,4,50
4,"Модуль 4. FastAPI, инфраструктура и тестирование",30,Volumes и .dockerignore,17,Итоги,summary,,20,1,8
4,"Модуль 4. FastAPI, инфраструктура и тестирование",31,multistage build,1,Смысл,theory,,25,2,16
4,"Модуль 4. FastAPI, инфраструктура и тестирование",31,multistage build,2,Минимальный пример,theory,,25,2,14
4,"Модуль 4. FastAPI, инфраструктура и тестирование",31,multistage build,3,Понимание,test,quiz_single,25,2,8
4,"Модуль 4. FastAPI, инфраструктура и тестирование",31,multistage build,4,Практика 4,practice,ide_plugin,90,3,30
4,"Модуль 4. FastAPI, инфраструктура и тестирование",31,multistage build,5,Проект 5,project,ide_plugin,125,3,50
4,"Модуль 4. FastAPI, инфраструктура и тестирование",31,multistage build,6,Практика 6,practice,ide_plugin,90,3,30
4,"Модуль 4. FastAPI, инфраструктура и тестирование",31,multistage build,7,Проект 7,project,ide_plugin,125,3,50
4,"Модуль 4. FastAPI, инфраструктура и тестирование",31,multistage build,8,Практика 8,practice,ide_plugin,90,3,30
4,"Модуль 4. FastAPI, инфраструктура и тестирование",31,multistage build,9,Проект 9,project,ide_plugin,125,3,50
4,"Модуль 4. FastAPI, инфраструктура и тестирование",31,multistage build,10,Практика 10,practice,ide_plugin,90,3,30
4,"Модуль 4. FastAPI, инфраструктура и тестирование",31,multistage build,11,Проект 11,project,ide_plugin,125,3,50
4,"Модуль 4. FastAPI, инфраструктура и тестирование",31,multistage build,12,Проект 12,project,ide_plugin,125,3,50
4,"Модуль 4. FastAPI, инфраструктура и тестирование",31,multistage build,13,Закрепление,test,quiz_single,25,2,8
4,"Модуль 4. FastAPI, инфраструктура и тестирование",31,multistage build,14,Debug gate,practice,ide_plugin,105,4,36
4,"Модуль 4. FastAPI, инфраструктура и тестирование",31,multistage build,15,Edge gate,practice,ide_plugin,105,4,36
4,"Модуль 4. FastAPI, инфраструктура и тестирование",31,multistage build,16,Integration gate,project,ide_plugin,135,4,50
4,"Модуль 4. FastAPI, инфраструктура и тестирование",31,multistage build,17,Итоги,summary,,20,1,8
4,"Модуль 4. FastAPI, инфраструктура и тестирование",32,Docker Compose: app + db,1,Смысл,theory,,25,2,16
4,"Модуль 4. FastAPI, инфраструктура и тестирование",32,Docker Compose: app + db,2,Минимальный пример,theory,,25,2,14
4,"Модуль 4. FastAPI, инфраструктура и тестирование",32,Docker Compose: app + db,3,Понимание,test,quiz_single,25,2,8
4,"Модуль 4. FastAPI, инфраструктура и тестирование",32,Docker Compose: app + db,4,Практика 4,practice,ide_plugin,90,3,30
4,"Модуль 4. FastAPI, инфраструктура и тестирование",32,Docker Compose: app + db,5,Проект 5,project,ide_plugin,125,3,50
4,"Модуль 4. FastAPI, инфраструктура и тестирование",32,Docker Compose: app + db,6,Практика 6,practice,ide_plugin,90,3,30
4,"Модуль 4. FastAPI, инфраструктура и тестирование",32,Docker Compose: app + db,7,Проект 7,project,ide_plugin,125,3,50
4,"Модуль 4. FastAPI, инфраструктура и тестирование",32,Docker Compose: app + db,8,Практика 8,practice,ide_plugin,90,3,30
4,"Модуль 4. FastAPI, инфраструктура и тестирование",32,Docker Compose: app + db,9,Проект 9,project,ide_plugin,125,3,50
4,"Модуль 4. FastAPI, инфраструктура и тестирование",32,Docker Compose: app + db,10,Практика 10,practice,ide_plugin,90,3,30
4,"Модуль 4. FastAPI, инфраструктура и тестирование",32,Docker Compose: app + db,11,Проект 11,project,ide_plugin,125,3,50
4,"Модуль 4. FastAPI, инфраструктура и тестирование",32,Docker Compose: app + db,12,Проект 12,project,ide_plugin,125,3,50
4,"Модуль 4. FastAPI, инфраструктура и тестирование",32,Docker Compose: app + db,13,Закрепление,test,quiz_single,25,2,8
4,"Модуль 4. FastAPI, инфраструктура и тестирование",32,Docker Compose: app + db,14,Debug gate,practice,ide_plugin,105,4,36
4,"Модуль 4. FastAPI, инфраструктура и тестирование",32,Docker Compose: app + db,15,Edge gate,practice,ide_plugin,105,4,36
4,"Модуль 4. FastAPI, инфраструктура и тестирование",32,Docker Compose: app + db,16,Integration gate,project,ide_plugin,135,4,50
4,"Модуль 4. FastAPI, инфраструктура и тестирование",32,Docker Compose: app + db,17,Итоги,summary,,20,1,8
4,"Модуль 4. FastAPI, инфраструктура и тестирование",33,"Healthcheck, logs, exec, networks, secrets",1,Смысл,theory,,25,2,16
4,"Модуль 4. FastAPI, инфраструктура и тестирование",33,"Healthcheck, logs, exec, networks, secrets",2,Минимальный пример,theory,,25,2,14
4,"Модуль 4. FastAPI, инфраструктура и тестирование",33,"Healthcheck, logs, exec, networks, secrets",3,Понимание,test,quiz_single,25,2,8
4,"Модуль 4. FastAPI, инфраструктура и тестирование",33,"Healthcheck, logs, exec, networks, secrets",4,Практика 4,practice,ide_plugin,90,3,30
4,"Модуль 4. FastAPI, инфраструктура и тестирование",33,"Healthcheck, logs, exec, networks, secrets",5,Проект 5,project,ide_plugin,125,3,50
4,"Модуль 4. FastAPI, инфраструктура и тестирование",33,"Healthcheck, logs, exec, networks, secrets",6,Практика 6,practice,ide_plugin,90,3,30
4,"Модуль 4. FastAPI, инфраструктура и тестирование",33,"Healthcheck, logs, exec, networks, secrets",7,Проект 7,project,ide_plugin,125,3,50
4,"Модуль 4. FastAPI, инфраструктура и тестирование",33,"Healthcheck, logs, exec, networks, secrets",8,Практика 8,practice,ide_plugin,90,3,30
4,"Модуль 4. FastAPI, инфраструктура и тестирование",33,"Healthcheck, logs, exec, networks, secrets",9,Проект 9,project,ide_plugin,125,3,50
4,"Модуль 4. FastAPI, инфраструктура и тестирование",33,"Healthcheck, logs, exec, networks, secrets",10,Практика 10,practice,ide_plugin,90,3,30
4,"Модуль 4. FastAPI, инфраструктура и тестирование",33,"Healthcheck, logs, exec, networks, secrets",11,Проект 11,project,ide_plugin,125,3,50
4,"Модуль 4. FastAPI, инфраструктура и тестирование",33,"Healthcheck, logs, exec, networks, secrets",12,Проект 12,project,ide_plugin,125,3,50
4,"Модуль 4. FastAPI, инфраструктура и тестирование",33,"Healthcheck, logs, exec, networks, secrets",13,Закрепление,test,quiz_single,25,2,8
4,"Модуль 4. FastAPI, инфраструктура и тестирование",33,"Healthcheck, logs, exec, networks, secrets",14,Debug gate,practice,ide_plugin,105,4,36
4,"Модуль 4. FastAPI, инфраструктура и тестирование",33,"Healthcheck, logs, exec, networks, secrets",15,Edge gate,practice,ide_plugin,105,4,36
4,"Модуль 4. FastAPI, инфраструктура и тестирование",33,"Healthcheck, logs, exec, networks, secrets",16,Integration gate,project,ide_plugin,135,4,50
4,"Модуль 4. FastAPI, инфраструктура и тестирование",33,"Healthcheck, logs, exec, networks, secrets",17,Итоги,summary,,20,1,8
4,"Модуль 4. FastAPI, инфраструктура и тестирование",34,CI/CD: GitHub Actions и GitLab CI,1,Смысл,theory,,25,2,16
4,"Модуль 4. FastAPI, инфраструктура и тестирование",34,CI/CD: GitHub Actions и GitLab CI,2,Минимальный пример,theory,,25,2,14
4,"Модуль 4. FastAPI, инфраструктура и тестирование",34,CI/CD: GitHub Actions и GitLab CI,3,Понимание,test,quiz_single,25,2,8
4,"Модуль 4. FastAPI, инфраструктура и тестирование",34,CI/CD: GitHub Actions и GitLab CI,4,Практика 4,practice,ide_plugin,90,3,30
4,"Модуль 4. FastAPI, инфраструктура и тестирование",34,CI/CD: GitHub Actions и GitLab CI,5,Проект 5,project,ide_plugin,125,3,50
4,"Модуль 4. FastAPI, инфраструктура и тестирование",34,CI/CD: GitHub Actions и GitLab CI,6,Практика 6,practice,ide_plugin,90,3,30
4,"Модуль 4. FastAPI, инфраструктура и тестирование",34,CI/CD: GitHub Actions и GitLab CI,7,Проект 7,project,ide_plugin,125,3,50
4,"Модуль 4. FastAPI, инфраструктура и тестирование",34,CI/CD: GitHub Actions и GitLab CI,8,Практика 8,practice,ide_plugin,90,3,30
4,"Модуль 4. FastAPI, инфраструктура и тестирование",34,CI/CD: GitHub Actions и GitLab CI,9,Проект 9,project,ide_plugin,125,3,50
4,"Модуль 4. FastAPI, инфраструктура и тестирование",34,CI/CD: GitHub Actions и GitLab CI,10,Практика 10,practice,ide_plugin,90,3,30
4,"Модуль 4. FastAPI, инфраструктура и тестирование",34,CI/CD: GitHub Actions и GitLab CI,11,Проект 11,project,ide_plugin,125,3,50
4,"Модуль 4. FastAPI, инфраструктура и тестирование",34,CI/CD: GitHub Actions и GitLab CI,12,Проект 12,project,ide_plugin,125,3,50
4,"Модуль 4. FastAPI, инфраструктура и тестирование",34,CI/CD: GitHub Actions и GitLab CI,13,Закрепление,test,quiz_single,25,2,8
4,"Модуль 4. FastAPI, инфраструктура и тестирование",34,CI/CD: GitHub Actions и GitLab CI,14,Debug gate,practice,ide_plugin,105,4,36
4,"Модуль 4. FastAPI, инфраструктура и тестирование",34,CI/CD: GitHub Actions и GitLab CI,15,Edge gate,practice,ide_plugin,105,4,36
4,"Модуль 4. FastAPI, инфраструктура и тестирование",34,CI/CD: GitHub Actions и GitLab CI,16,Integration gate,project,ide_plugin,135,4,50
4,"Модуль 4. FastAPI, инфраструктура и тестирование",34,CI/CD: GitHub Actions и GitLab CI,17,Итоги,summary,,20,1,8
5,"Модуль 5. AI-интеграция, деплой и финальный проект",1,AI API request,1,Смысл,theory,,30,2,20
5,"Модуль 5. AI-интеграция, деплой и финальный проект",1,AI API request,2,Минимальный пример,theory,,30,2,20
5,"Модуль 5. AI-интеграция, деплой и финальный проект",1,AI API request,3,Понимание,test,quiz_single,30,2,10
5,"Модуль 5. AI-интеграция, деплой и финальный проект",1,AI API request,4,вопрос без готового решения,practice,python_pytest,95,3,32
5,"Модуль 5. AI-интеграция, деплой и финальный проект",1,AI API request,5,timeout retry workflow,practice,python_pytest,95,3,32
5,"Модуль 5. AI-интеграция, деплой и финальный проект",1,AI API request,6,timeout retry workflow,practice,python_pytest,95,3,32
5,"Модуль 5. AI-интеграция, деплой и финальный проект",1,AI API request,7,JSON schema validation,practice,python_pytest,95,3,32
5,"Модуль 5. AI-интеграция, деплой и финальный проект",1,AI API request,8,rate limit and cost guard,practice,python_pytest,95,3,32
5,"Модуль 5. AI-интеграция, деплой и финальный проект",1,AI API request,9,retrieval with source citation,practice,python_pytest,95,3,32
5,"Модуль 5. AI-интеграция, деплой и финальный проект",1,AI API request,10,retrieval with source citation,practice,python_pytest,95,3,32
5,"Модуль 5. AI-интеграция, деплой и финальный проект",1,AI API request,11,safe vibe code review,practice,python_pytest,95,3,32
5,"Модуль 5. AI-интеграция, деплой и финальный проект",1,AI API request,12,Закрепление,test,quiz_single,30,2,10
5,"Модуль 5. AI-интеграция, деплой и финальный проект",1,AI API request,13,AI-модуль,project,ide_plugin,145,4,60
5,"Модуль 5. AI-интеграция, деплой и финальный проект",1,AI API request,14,"state, node и transition",practice,python_pytest,105,4,34
5,"Модуль 5. AI-интеграция, деплой и финальный проект",1,AI API request,15,diff review и secret scan,practice,python_pytest,105,4,34
5,"Модуль 5. AI-интеграция, деплой и финальный проект",1,AI API request,16,уточняющий prompt и проверка ответа,practice,python_pytest,105,4,34
5,"Модуль 5. AI-интеграция, деплой и финальный проект",1,AI API request,17,Итоги,summary,,20,1,8
5,"Модуль 5. AI-интеграция, деплой и финальный проект",2,Prompt и messages,1,Смысл,theory,,30,2,20
5,"Модуль 5. AI-интеграция, деплой и финальный проект",2,Prompt и messages,2,Минимальный пример,theory,,30,2,20
5,"Модуль 5. AI-интеграция, деплой и финальный проект",2,Prompt и messages,3,Понимание,test,quiz_single,30,2,10
5,"Модуль 5. AI-интеграция, деплой и финальный проект",2,Prompt и messages,4,вопрос без готового решения,practice,python_pytest,95,3,32
5,"Модуль 5. AI-интеграция, деплой и финальный проект",2,Prompt и messages,5,структурированный JSON и fallback,practice,python_pytest,95,3,32
5,"Модуль 5. AI-интеграция, деплой и финальный проект",2,Prompt и messages,6,mock provider и защита секрета,practice,python_pytest,95,3,32
5,"Модуль 5. AI-интеграция, деплой и финальный проект",2,Prompt и messages,7,rate limit and cost guard,practice,python_pytest,95,3,32
5,"Модуль 5. AI-интеграция, деплой и финальный проект",2,Prompt и messages,8,rate limit и стоимость,practice,python_pytest,95,3,32
5,"Модуль 5. AI-интеграция, деплой и финальный проект",2,Prompt и messages,9,safe vibe code review,practice,python_pytest,95,3,32
5,"Модуль 5. AI-интеграция, деплой и финальный проект",2,Prompt и messages,10,cosine top-k и metadata filter,practice,python_pytest,95,3,32
5,"Модуль 5. AI-интеграция, деплой и финальный проект",2,Prompt и messages,11,rate limit and cost guard,practice,python_pytest,95,3,32
5,"Модуль 5. AI-интеграция, деплой и финальный проект",2,Prompt и messages,12,Закрепление,test,quiz_single,30,2,10
5,"Модуль 5. AI-интеграция, деплой и финальный проект",2,Prompt и messages,13,AI-модуль,project,ide_plugin,145,4,60
5,"Модуль 5. AI-интеграция, деплой и финальный проект",2,Prompt и messages,14,"state, node и transition",practice,python_pytest,105,4,34
5,"Модуль 5. AI-интеграция, деплой и финальный проект",2,Prompt и messages,15,diff review и secret scan,practice,python_pytest,105,4,34
5,"Модуль 5. AI-интеграция, деплой и финальный проект",2,Prompt и messages,16,уточняющий prompt и проверка ответа,practice,python_pytest,105,4,34
5,"Модуль 5. AI-интеграция, деплой и финальный проект",2,Prompt и messages,17,Итоги,summary,,20,1,8
5,"Модуль 5. AI-интеграция, деплой и финальный проект",3,Structured output,1,Смысл,theory,,30,2,20
5,"Модуль 5. AI-интеграция, деплой и финальный проект",3,Structured output,2,Минимальный пример,theory,,30,2,20
5,"Модуль 5. AI-интеграция, деплой и финальный проект",3,Structured output,3,Понимание,test,quiz_single,30,2,10
5,"Модуль 5. AI-интеграция, деплой и финальный проект",3,Structured output,4,JSON schema validation,practice,python_pytest,95,3,32
5,"Модуль 5. AI-интеграция, деплой и финальный проект",3,Structured output,5,JSON schema validation,practice,python_pytest,95,3,32
5,"Модуль 5. AI-интеграция, деплой и финальный проект",3,Structured output,6,JSON schema validation,practice,python_pytest,95,3,32
5,"Модуль 5. AI-интеграция, деплой и финальный проект",3,Structured output,7,JSON schema validation,practice,python_pytest,95,3,32
5,"Модуль 5. AI-интеграция, деплой и финальный проект",3,Structured output,8,rate limit и стоимость,practice,python_pytest,95,3,32
5,"Модуль 5. AI-интеграция, деплой и финальный проект",3,Structured output,9,JSON schema validation,practice,python_pytest,95,3,32
5,"Модуль 5. AI-интеграция, деплой и финальный проект",3,Structured output,10,safe vibe code review,practice,python_pytest,95,3,32
5,"Модуль 5. AI-интеграция, деплой и финальный проект",3,Structured output,11,faithfulness и hallucination guard,practice,python_pytest,95,3,32
5,"Модуль 5. AI-интеграция, деплой и финальный проект",3,Structured output,12,Закрепление,test,quiz_single,30,2,10
5,"Модуль 5. AI-интеграция, деплой и финальный проект",3,Structured output,13,AI-модуль,project,ide_plugin,145,4,60
5,"Модуль 5. AI-интеграция, деплой и финальный проект",3,Structured output,14,"state, node и transition",practice,python_pytest,105,4,34
5,"Модуль 5. AI-интеграция, деплой и финальный проект",3,Structured output,15,diff review и secret scan,practice,python_pytest,105,4,34
5,"Модуль 5. AI-интеграция, деплой и финальный проект",3,Structured output,16,уточняющий prompt и проверка ответа,practice,python_pytest,105,4,34
5,"Модуль 5. AI-интеграция, деплой и финальный проект",3,Structured output,17,Итоги,summary,,20,1,8
5,"Модуль 5. AI-интеграция, деплой и финальный проект",4,JSON schema,1,Смысл,theory,,30,2,20
5,"Модуль 5. AI-интеграция, деплой и финальный проект",4,JSON schema,2,Минимальный пример,theory,,30,2,20
5,"Модуль 5. AI-интеграция, деплой и финальный проект",4,JSON schema,3,Понимание,test,quiz_single,30,2,10
5,"Модуль 5. AI-интеграция, деплой и финальный проект",4,JSON schema,4,JSON schema validation,practice,python_pytest,95,3,32
5,"Модуль 5. AI-интеграция, деплой и финальный проект",4,JSON schema,5,JSON schema validation,practice,python_pytest,95,3,32
5,"Модуль 5. AI-интеграция, деплой и финальный проект",4,JSON schema,6,JSON schema validation,practice,python_pytest,95,3,32
5,"Модуль 5. AI-интеграция, деплой и финальный проект",4,JSON schema,7,JSON schema validation,practice,python_pytest,95,3,32
5,"Модуль 5. AI-интеграция, деплой и финальный проект",4,JSON schema,8,JSON schema validation,practice,python_pytest,95,3,32
5,"Модуль 5. AI-интеграция, деплой и финальный проект",4,JSON schema,9,JSON schema validation,practice,python_pytest,95,3,32
5,"Модуль 5. AI-интеграция, деплой и финальный проект",4,JSON schema,10,JSON schema validation,practice,python_pytest,95,3,32
5,"Модуль 5. AI-интеграция, деплой и финальный проект",4,JSON schema,11,JSON schema validation,practice,python_pytest,95,3,32
5,"Модуль 5. AI-интеграция, деплой и финальный проект",4,JSON schema,12,Закрепление,test,quiz_single,30,2,10
5,"Модуль 5. AI-интеграция, деплой и финальный проект",4,JSON schema,13,AI-модуль,project,ide_plugin,145,4,60
5,"Модуль 5. AI-интеграция, деплой и финальный проект",4,JSON schema,14,JSON schema validation,practice,python_pytest,105,4,34
5,"Модуль 5. AI-интеграция, деплой и финальный проект",4,JSON schema,15,JSON schema validation,practice,python_pytest,105,4,34
5,"Модуль 5. AI-интеграция, деплой и финальный проект",4,JSON schema,16,JSON schema validation,practice,python_pytest,105,4,34
5,"Модуль 5. AI-интеграция, деплой и финальный проект",4,JSON schema,17,Итоги,summary,,20,1,8
5,"Модуль 5. AI-интеграция, деплой и финальный проект",5,Mock provider,1,Смысл,theory,,30,2,20
5,"Модуль 5. AI-интеграция, деплой и финальный проект",5,Mock provider,2,Минимальный пример,theory,,30,2,20
5,"Модуль 5. AI-интеграция, деплой и финальный проект",5,Mock provider,3,Понимание,test,quiz_single,30,2,10
5,"Модуль 5. AI-интеграция, деплой и финальный проект",5,Mock provider,4,mock provider response,practice,python_pytest,95,3,32
5,"Модуль 5. AI-интеграция, деплой и финальный проект",5,Mock provider,5,mock provider response,practice,python_pytest,95,3,32
5,"Модуль 5. AI-интеграция, деплой и финальный проект",5,Mock provider,6,mock provider response,practice,python_pytest,95,3,32
5,"Модуль 5. AI-интеграция, деплой и финальный проект",5,Mock provider,7,mock provider response,practice,python_pytest,95,3,32
5,"Модуль 5. AI-интеграция, деплой и финальный проект",5,Mock provider,8,mock provider response,practice,python_pytest,95,3,32
5,"Модуль 5. AI-интеграция, деплой и финальный проект",5,Mock provider,9,mock provider response,practice,python_pytest,95,3,32
5,"Модуль 5. AI-интеграция, деплой и финальный проект",5,Mock provider,10,mock provider response,practice,python_pytest,95,3,32
5,"Модуль 5. AI-интеграция, деплой и финальный проект",5,Mock provider,11,mock provider response,practice,python_pytest,95,3,32
5,"Модуль 5. AI-интеграция, деплой и финальный проект",5,Mock provider,12,Закрепление,test,quiz_single,30,2,10
5,"Модуль 5. AI-интеграция, деплой и финальный проект",5,Mock provider,13,AI-модуль,project,ide_plugin,145,4,60
5,"Модуль 5. AI-интеграция, деплой и финальный проект",5,Mock provider,14,mock provider response,practice,python_pytest,105,4,34
5,"Модуль 5. AI-интеграция, деплой и финальный проект",5,Mock provider,15,mock provider response,practice,python_pytest,105,4,34
5,"Модуль 5. AI-интеграция, деплой и финальный проект",5,Mock provider,16,mock provider response,practice,python_pytest,105,4,34
5,"Модуль 5. AI-интеграция, деплой и финальный проект",5,Mock provider,17,Итоги,summary,,20,1,8
5,"Модуль 5. AI-интеграция, деплой и финальный проект",6,Retries и timeouts,1,Смысл,theory,,30,2,20
5,"Модуль 5. AI-интеграция, деплой и финальный проект",6,Retries и timeouts,2,Минимальный пример,theory,,30,2,20
5,"Модуль 5. AI-интеграция, деплой и финальный проект",6,Retries и timeouts,3,Понимание,test,quiz_single,30,2,10
5,"Модуль 5. AI-интеграция, деплой и финальный проект",6,Retries и timeouts,4,timeout retry workflow,practice,python_pytest,95,3,32
5,"Модуль 5. AI-интеграция, деплой и финальный проект",6,Retries и timeouts,5,timeout retry workflow,practice,python_pytest,95,3,32
5,"Модуль 5. AI-интеграция, деплой и финальный проект",6,Retries и timeouts,6,timeout retry workflow,practice,python_pytest,95,3,32
5,"Модуль 5. AI-интеграция, деплой и финальный проект",6,Retries и timeouts,7,timeout retry workflow,practice,python_pytest,95,3,32
5,"Модуль 5. AI-интеграция, деплой и финальный проект",6,Retries и timeouts,8,timeout retry workflow,practice,python_pytest,95,3,32
5,"Модуль 5. AI-интеграция, деплой и финальный проект",6,Retries и timeouts,9,timeout retry workflow,practice,python_pytest,95,3,32
5,"Модуль 5. AI-интеграция, деплой и финальный проект",6,Retries и timeouts,10,timeout retry workflow,practice,python_pytest,95,3,32
5,"Модуль 5. AI-интеграция, деплой и финальный проект",6,Retries и timeouts,11,timeout retry workflow,practice,python_pytest,95,3,32
5,"Модуль 5. AI-интеграция, деплой и финальный проект",6,Retries и timeouts,12,Закрепление,test,quiz_single,30,2,10
5,"Модуль 5. AI-интеграция, деплой и финальный проект",6,Retries и timeouts,13,AI-модуль,project,ide_plugin,145,4,60
5,"Модуль 5. AI-интеграция, деплой и финальный проект",6,Retries и timeouts,14,timeout retry workflow,practice,python_pytest,105,4,34
5,"Модуль 5. AI-интеграция, деплой и финальный проект",6,Retries и timeouts,15,timeout retry workflow,practice,python_pytest,105,4,34
5,"Модуль 5. AI-интеграция, деплой и финальный проект",6,Retries и timeouts,16,timeout retry workflow,practice,python_pytest,105,4,34
5,"Модуль 5. AI-интеграция, деплой и финальный проект",6,Retries и timeouts,17,Итоги,summary,,20,1,8
5,"Модуль 5. AI-интеграция, деплой и финальный проект",7,Rate limits и cost,1,Смысл,theory,,30,2,20
5,"Модуль 5. AI-интеграция, деплой и финальный проект",7,Rate limits и cost,2,Минимальный пример,theory,,30,2,20
5,"Модуль 5. AI-интеграция, деплой и финальный проект",7,Rate limits и cost,3,Понимание,test,quiz_single,30,2,10
5,"Модуль 5. AI-интеграция, деплой и финальный проект",7,Rate limits и cost,4,rate limit and cost guard,practice,python_pytest,95,3,32
5,"Модуль 5. AI-интеграция, деплой и финальный проект",7,Rate limits и cost,5,rate limit and cost guard,practice,python_pytest,95,3,32
5,"Модуль 5. AI-интеграция, деплой и финальный проект",7,Rate limits и cost,6,rate limit and cost guard,practice,python_pytest,95,3,32
5,"Модуль 5. AI-интеграция, деплой и финальный проект",7,Rate limits и cost,7,rate limit and cost guard,practice,python_pytest,95,3,32
5,"Модуль 5. AI-интеграция, деплой и финальный проект",7,Rate limits и cost,8,timeout retry workflow,practice,python_pytest,95,3,32
5,"Модуль 5. AI-интеграция, деплой и финальный проект",7,Rate limits и cost,9,rate limit and cost guard,practice,python_pytest,95,3,32
5,"Модуль 5. AI-интеграция, деплой и финальный проект",7,Rate limits и cost,10,rate limit and cost guard,practice,python_pytest,95,3,32
5,"Модуль 5. AI-интеграция, деплой и финальный проект",7,Rate limits и cost,11,rate limit and cost guard,practice,python_pytest,95,3,32
5,"Модуль 5. AI-интеграция, деплой и финальный проект",7,Rate limits и cost,12,Закрепление,test,quiz_single,30,2,10
5,"Модуль 5. AI-интеграция, деплой и финальный проект",7,Rate limits и cost,13,AI-модуль,project,ide_plugin,145,4,60
5,"Модуль 5. AI-интеграция, деплой и финальный проект",7,Rate limits и cost,14,rate limit and cost guard,practice,python_pytest,105,4,34
5,"Модуль 5. AI-интеграция, деплой и финальный проект",7,Rate limits и cost,15,rate limit and cost guard,practice,python_pytest,105,4,34
5,"Модуль 5. AI-интеграция, деплой и финальный проект",7,Rate limits и cost,16,rate limit and cost guard,practice,python_pytest,105,4,34
5,"Модуль 5. AI-интеграция, деплой и финальный проект",7,Rate limits и cost,17,Итоги,summary,,20,1,8
5,"Модуль 5. AI-интеграция, деплой и финальный проект",8,RAG chunks,1,Смысл,theory,,30,2,20
5,"Модуль 5. AI-интеграция, деплой и финальный проект",8,RAG chunks,2,Минимальный пример,theory,,30,2,20
5,"Модуль 5. AI-интеграция, деплой и финальный проект",8,RAG chunks,3,Понимание,test,quiz_single,30,2,10
5,"Модуль 5. AI-интеграция, деплой и финальный проект",8,RAG chunks,4,retrieval with source citation,practice,python_pytest,95,3,32
5,"Модуль 5. AI-интеграция, деплой и финальный проект",8,RAG chunks,5,retrieval with source citation,practice,python_pytest,95,3,32
5,"Модуль 5. AI-интеграция, деплой и финальный проект",8,RAG chunks,6,retrieval with source citation,practice,python_pytest,95,3,32
5,"Модуль 5. AI-интеграция, деплой и финальный проект",8,RAG chunks,7,retrieval with source citation,practice,python_pytest,95,3,32
5,"Модуль 5. AI-интеграция, деплой и финальный проект",8,RAG chunks,8,rate limit and cost guard,practice,python_pytest,95,3,32
5,"Модуль 5. AI-интеграция, деплой и финальный проект",8,RAG chunks,9,retrieval with source citation,practice,python_pytest,95,3,32
5,"Модуль 5. AI-интеграция, деплой и финальный проект",8,RAG chunks,10,retrieval with source citation,practice,python_pytest,95,3,32
5,"Модуль 5. AI-интеграция, деплой и финальный проект",8,RAG chunks,11,retrieval with source citation,practice,python_pytest,95,3,32
5,"Модуль 5. AI-интеграция, деплой и финальный проект",8,RAG chunks,12,Закрепление,test,quiz_single,30,2,10
5,"Модуль 5. AI-интеграция, деплой и финальный проект",8,RAG chunks,13,AI-модуль,project,ide_plugin,145,4,60
5,"Модуль 5. AI-интеграция, деплой и финальный проект",8,RAG chunks,14,retrieval with source citation,practice,python_pytest,105,4,34
5,"Модуль 5. AI-интеграция, деплой и финальный проект",8,RAG chunks,15,retrieval with source citation,practice,python_pytest,105,4,34
5,"Модуль 5. AI-интеграция, деплой и финальный проект",8,RAG chunks,16,retrieval with source citation,practice,python_pytest,105,4,34
5,"Модуль 5. AI-интеграция, деплой и финальный проект",8,RAG chunks,17,Итоги,summary,,20,1,8
5,"Модуль 5. AI-интеграция, деплой и финальный проект",9,Embeddings и vector DB,1,Смысл,theory,,30,2,20
5,"Модуль 5. AI-интеграция, деплой и финальный проект",9,Embeddings и vector DB,2,Минимальный пример,theory,,30,2,20
5,"Модуль 5. AI-интеграция, деплой и финальный проект",9,Embeddings и vector DB,3,Понимание,test,quiz_single,30,2,10
5,"Модуль 5. AI-интеграция, деплой и финальный проект",9,Embeddings и vector DB,4,vector search contract,practice,python_pytest,95,3,32
5,"Модуль 5. AI-интеграция, деплой и финальный проект",9,Embeddings и vector DB,5,vector search contract,practice,python_pytest,95,3,32
5,"Модуль 5. AI-интеграция, деплой и финальный проект",9,Embeddings и vector DB,6,vector search contract,practice,python_pytest,95,3,32
5,"Модуль 5. AI-интеграция, деплой и финальный проект",9,Embeddings и vector DB,7,vector search contract,practice,python_pytest,95,3,32
5,"Модуль 5. AI-интеграция, деплой и финальный проект",9,Embeddings и vector DB,8,vector search contract,practice,python_pytest,95,3,32
5,"Модуль 5. AI-интеграция, деплой и финальный проект",9,Embeddings и vector DB,9,vector search contract,practice,python_pytest,95,3,32
5,"Модуль 5. AI-интеграция, деплой и финальный проект",9,Embeddings и vector DB,10,vector search contract,practice,python_pytest,95,3,32
5,"Модуль 5. AI-интеграция, деплой и финальный проект",9,Embeddings и vector DB,11,vector search contract,practice,python_pytest,95,3,32
5,"Модуль 5. AI-интеграция, деплой и финальный проект",9,Embeddings и vector DB,12,Закрепление,test,quiz_single,30,2,10
5,"Модуль 5. AI-интеграция, деплой и финальный проект",9,Embeddings и vector DB,13,AI-модуль,project,ide_plugin,145,4,60
5,"Модуль 5. AI-интеграция, деплой и финальный проект",9,Embeddings и vector DB,14,vector search contract,practice,python_pytest,105,4,34
5,"Модуль 5. AI-интеграция, деплой и финальный проект",9,Embeddings и vector DB,15,vector search contract,practice,python_pytest,105,4,34
5,"Модуль 5. AI-интеграция, деплой и финальный проект",9,Embeddings и vector DB,16,vector search contract,practice,python_pytest,105,4,34
5,"Модуль 5. AI-интеграция, деплой и финальный проект",9,Embeddings и vector DB,17,Итоги,summary,,20,1,8
5,"Модуль 5. AI-интеграция, деплой и финальный проект",10,Retrieval evaluation hallucination,1,Смысл,theory,,30,2,20
5,"Модуль 5. AI-интеграция, деплой и финальный проект",10,Retrieval evaluation hallucination,2,Минимальный пример,theory,,30,2,20
5,"Модуль 5. AI-интеграция, деплой и финальный проект",10,Retrieval evaluation hallucination,3,Понимание,test,quiz_single,30,2,10
5,"Модуль 5. AI-интеграция, деплой и финальный проект",10,Retrieval evaluation hallucination,4,retrieval with source citation,practice,python_pytest,95,3,32
5,"Модуль 5. AI-интеграция, деплой и финальный проект",10,Retrieval evaluation hallucination,5,retrieval with source citation,practice,python_pytest,95,3,32
5,"Модуль 5. AI-интеграция, деплой и финальный проект",10,Retrieval evaluation hallucination,6,retrieval with source citation,practice,python_pytest,95,3,32
5,"Модуль 5. AI-интеграция, деплой и финальный проект",10,Retrieval evaluation hallucination,7,retrieval with source citation,practice,python_pytest,95,3,32
5,"Модуль 5. AI-интеграция, деплой и финальный проект",10,Retrieval evaluation hallucination,8,retrieval with source citation,practice,python_pytest,95,3,32
5,"Модуль 5. AI-интеграция, деплой и финальный проект",10,Retrieval evaluation hallucination,9,retrieval with source citation,practice,python_pytest,95,3,32
5,"Модуль 5. AI-интеграция, деплой и финальный проект",10,Retrieval evaluation hallucination,10,retrieval with source citation,practice,python_pytest,95,3,32
5,"Модуль 5. AI-интеграция, деплой и финальный проект",10,Retrieval evaluation hallucination,11,retrieval with source citation,practice,python_pytest,95,3,32
5,"Модуль 5. AI-интеграция, деплой и финальный проект",10,Retrieval evaluation hallucination,12,Закрепление,test,quiz_single,30,2,10
5,"Модуль 5. AI-интеграция, деплой и финальный проект",10,Retrieval evaluation hallucination,13,AI-модуль,project,ide_plugin,145,4,60
5,"Модуль 5. AI-интеграция, деплой и финальный проект",10,Retrieval evaluation hallucination,14,retrieval with source citation,practice,python_pytest,105,4,34
5,"Модуль 5. AI-интеграция, деплой и финальный проект",10,Retrieval evaluation hallucination,15,retrieval with source citation,practice,python_pytest,105,4,34
5,"Модуль 5. AI-интеграция, деплой и финальный проект",10,Retrieval evaluation hallucination,16,retrieval with source citation,practice,python_pytest,105,4,34
5,"Модуль 5. AI-интеграция, деплой и финальный проект",10,Retrieval evaluation hallucination,17,Итоги,summary,,20,1,8
5,"Модуль 5. AI-интеграция, деплой и финальный проект",11,LangChain и LangGraph,1,Смысл,theory,,30,2,20
5,"Модуль 5. AI-интеграция, деплой и финальный проект",11,LangChain и LangGraph,2,Минимальный пример,theory,,30,2,20
5,"Модуль 5. AI-интеграция, деплой и финальный проект",11,LangChain и LangGraph,3,Понимание,test,quiz_single,30,2,10
5,"Модуль 5. AI-интеграция, деплой и финальный проект",11,LangChain и LangGraph,4,graph state transition,practice,python_pytest,95,3,32
5,"Модуль 5. AI-интеграция, деплой и финальный проект",11,LangChain и LangGraph,5,timeout retry workflow,practice,python_pytest,95,3,32
5,"Модуль 5. AI-интеграция, деплой и финальный проект",11,LangChain и LangGraph,6,timeout retry workflow,practice,python_pytest,95,3,32
5,"Модуль 5. AI-интеграция, деплой и финальный проект",11,LangChain и LangGraph,7,JSON schema validation,practice,python_pytest,95,3,32
5,"Модуль 5. AI-интеграция, деплой и финальный проект",11,LangChain и LangGraph,8,rate limit and cost guard,practice,python_pytest,95,3,32
5,"Модуль 5. AI-интеграция, деплой и финальный проект",11,LangChain и LangGraph,9,retrieval with source citation,practice,python_pytest,95,3,32
5,"Модуль 5. AI-интеграция, деплой и финальный проект",11,LangChain и LangGraph,10,retrieval with source citation,practice,python_pytest,95,3,32
5,"Модуль 5. AI-интеграция, деплой и финальный проект",11,LangChain и LangGraph,11,graph state transition,practice,python_pytest,95,3,32
5,"Модуль 5. AI-интеграция, деплой и финальный проект",11,LangChain и LangGraph,12,Закрепление,test,quiz_single,30,2,10
5,"Модуль 5. AI-интеграция, деплой и финальный проект",11,LangChain и LangGraph,13,AI-модуль,project,ide_plugin,145,4,60
5,"Модуль 5. AI-интеграция, деплой и финальный проект",11,LangChain и LangGraph,14,graph state transition,practice,python_pytest,105,4,34
5,"Модуль 5. AI-интеграция, деплой и финальный проект",11,LangChain и LangGraph,15,graph state transition,practice,python_pytest,105,4,34
5,"Модуль 5. AI-интеграция, деплой и финальный проект",11,LangChain и LangGraph,16,graph state transition,practice,python_pytest,105,4,34
5,"Модуль 5. AI-интеграция, деплой и финальный проект",11,LangChain и LangGraph,17,Итоги,summary,,20,1,8
5,"Модуль 5. AI-интеграция, деплой и финальный проект",12,Безопасный вайбкодинг,1,Смысл,theory,,30,2,20
5,"Модуль 5. AI-интеграция, деплой и финальный проект",12,Безопасный вайбкодинг,2,Минимальный пример,theory,,30,2,20
5,"Модуль 5. AI-интеграция, деплой и финальный проект",12,Безопасный вайбкодинг,3,Понимание,test,quiz_single,30,2,10
5,"Модуль 5. AI-интеграция, деплой и финальный проект",12,Безопасный вайбкодинг,4,вопрос без готового решения,practice,python_pytest,95,3,32
5,"Модуль 5. AI-интеграция, деплой и финальный проект",12,Безопасный вайбкодинг,5,timeout retry workflow,practice,python_pytest,95,3,32
5,"Модуль 5. AI-интеграция, деплой и финальный проект",12,Безопасный вайбкодинг,6,timeout retry workflow,practice,python_pytest,95,3,32
5,"Модуль 5. AI-интеграция, деплой и финальный проект",12,Безопасный вайбкодинг,7,JSON schema validation,practice,python_pytest,95,3,32
5,"Модуль 5. AI-интеграция, деплой и финальный проект",12,Безопасный вайбкодинг,8,rate limit and cost guard,practice,python_pytest,95,3,32
5,"Модуль 5. AI-интеграция, деплой и финальный проект",12,Безопасный вайбкодинг,9,retrieval with source citation,practice,python_pytest,95,3,32
5,"Модуль 5. AI-интеграция, деплой и финальный проект",12,Безопасный вайбкодинг,10,retrieval with source citation,practice,python_pytest,95,3,32
5,"Модуль 5. AI-интеграция, деплой и финальный проект",12,Безопасный вайбкодинг,11,safe vibe code review,practice,python_pytest,95,3,32
5,"Модуль 5. AI-интеграция, деплой и финальный проект",12,Безопасный вайбкодинг,12,Закрепление,test,quiz_single,30,2,10
5,"Модуль 5. AI-интеграция, деплой и финальный проект",12,Безопасный вайбкодинг,13,AI-модуль,project,ide_plugin,145,4,60
5,"Модуль 5. AI-интеграция, деплой и финальный проект",12,Безопасный вайбкодинг,14,"state, node и transition",practice,python_pytest,105,4,34
5,"Модуль 5. AI-интеграция, деплой и финальный проект",12,Безопасный вайбкодинг,15,diff review и secret scan,practice,python_pytest,105,4,34
5,"Модуль 5. AI-интеграция, деплой и финальный проект",12,Безопасный вайбкодинг,16,уточняющий prompt и проверка ответа,practice,python_pytest,105,4,34
5,"Модуль 5. AI-интеграция, деплой и финальный проект",12,Безопасный вайбкодинг,17,Итоги,summary,,20,1,8
5,"Модуль 5. AI-интеграция, деплой и финальный проект",13,"VPS, безопасность, домен, SSL",1,Смысл,theory,,25,2,16
5,"Модуль 5. AI-интеграция, деплой и финальный проект",13,"VPS, безопасность, домен, SSL",2,Минимальный пример,theory,,25,2,14
5,"Модуль 5. AI-интеграция, деплой и финальный проект",13,"VPS, безопасность, домен, SSL",3,Понимание,test,quiz_single,25,2,8
5,"Модуль 5. AI-интеграция, деплой и финальный проект",13,"VPS, безопасность, домен, SSL",4,Практика 4,practice,ide_plugin,90,3,30
5,"Модуль 5. AI-интеграция, деплой и финальный проект",13,"VPS, безопасность, домен, SSL",5,Проект 5,project,ide_plugin,125,3,50
5,"Модуль 5. AI-интеграция, деплой и финальный проект",13,"VPS, безопасность, домен, SSL",6,Практика 6,practice,ide_plugin,90,3,30
5,"Модуль 5. AI-интеграция, деплой и финальный проект",13,"VPS, безопасность, домен, SSL",7,Проект 7,project,ide_plugin,125,3,50
5,"Модуль 5. AI-интеграция, деплой и финальный проект",13,"VPS, безопасность, домен, SSL",8,Практика 8,practice,ide_plugin,90,3,30
5,"Модуль 5. AI-интеграция, деплой и финальный проект",13,"VPS, безопасность, домен, SSL",9,Проект 9,project,ide_plugin,125,3,50
5,"Модуль 5. AI-интеграция, деплой и финальный проект",13,"VPS, безопасность, домен, SSL",10,Практика 10,practice,ide_plugin,90,3,30
5,"Модуль 5. AI-интеграция, деплой и финальный проект",13,"VPS, безопасность, домен, SSL",11,Проект 11,project,ide_plugin,125,3,50
5,"Модуль 5. AI-интеграция, деплой и финальный проект",13,"VPS, безопасность, домен, SSL",12,Проект 12,project,ide_plugin,125,3,50
5,"Модуль 5. AI-интеграция, деплой и финальный проект",13,"VPS, безопасность, домен, SSL",13,Закрепление,test,quiz_single,25,2,8
5,"Модуль 5. AI-интеграция, деплой и финальный проект",13,"VPS, безопасность, домен, SSL",14,Debug gate,practice,ide_plugin,105,4,36
5,"Модуль 5. AI-интеграция, деплой и финальный проект",13,"VPS, безопасность, домен, SSL",15,Edge gate,practice,ide_plugin,105,4,36
5,"Модуль 5. AI-интеграция, деплой и финальный проект",13,"VPS, безопасность, домен, SSL",16,Integration gate,project,ide_plugin,135,4,50
5,"Модуль 5. AI-интеграция, деплой и финальный проект",13,"VPS, безопасность, домен, SSL",17,Итоги,summary,,20,1,8
5,"Модуль 5. AI-интеграция, деплой и финальный проект",14,Автодеплой и rollback,1,Смысл,theory,,25,2,16
5,"Модуль 5. AI-интеграция, деплой и финальный проект",14,Автодеплой и rollback,2,Минимальный пример,theory,,25,2,14
5,"Модуль 5. AI-интеграция, деплой и финальный проект",14,Автодеплой и rollback,3,Понимание,test,quiz_single,25,2,8
5,"Модуль 5. AI-интеграция, деплой и финальный проект",14,Автодеплой и rollback,4,Практика 4,practice,ide_plugin,90,3,30
5,"Модуль 5. AI-интеграция, деплой и финальный проект",14,Автодеплой и rollback,5,Проект 5,project,ide_plugin,125,3,50
5,"Модуль 5. AI-интеграция, деплой и финальный проект",14,Автодеплой и rollback,6,Практика 6,practice,ide_plugin,90,3,30
5,"Модуль 5. AI-интеграция, деплой и финальный проект",14,Автодеплой и rollback,7,Проект 7,project,ide_plugin,125,3,50
5,"Модуль 5. AI-интеграция, деплой и финальный проект",14,Автодеплой и rollback,8,Практика 8,practice,ide_plugin,90,3,30
5,"Модуль 5. AI-интеграция, деплой и финальный проект",14,Автодеплой и rollback,9,Проект 9,project,ide_plugin,125,3,50
5,"Модуль 5. AI-интеграция, деплой и финальный проект",14,Автодеплой и rollback,10,Практика 10,practice,ide_plugin,90,3,30
5,"Модуль 5. AI-интеграция, деплой и финальный проект",14,Автодеплой и rollback,11,Проект 11,project,ide_plugin,125,3,50
5,"Модуль 5. AI-интеграция, деплой и финальный проект",14,Автодеплой и rollback,12,Проект 12,project,ide_plugin,125,3,50
5,"Модуль 5. AI-интеграция, деплой и финальный проект",14,Автодеплой и rollback,13,Закрепление,test,quiz_single,25,2,8
5,"Модуль 5. AI-интеграция, деплой и финальный проект",14,Автодеплой и rollback,14,Debug gate,practice,ide_plugin,105,4,36
5,"Модуль 5. AI-интеграция, деплой и финальный проект",14,Автодеплой и rollback,15,Edge gate,practice,ide_plugin,105,4,36
5,"Модуль 5. AI-интеграция, деплой и финальный проект",14,Автодеплой и rollback,16,Integration gate,project,ide_plugin,135,4,50
5,"Модуль 5. AI-интеграция, деплой и финальный проект",14,Автодеплой и rollback,17,Итоги,summary,,20,1,8
5,"Модуль 5. AI-интеграция, деплой и финальный проект",15,Финальный проект: ТЗ,1,Смысл,theory,,25,2,16
5,"Модуль 5. AI-интеграция, деплой и финальный проект",15,Финальный проект: ТЗ,2,Минимальный пример,theory,,25,2,14
5,"Модуль 5. AI-интеграция, деплой и финальный проект",15,Финальный проект: ТЗ,3,Понимание,test,quiz_single,25,2,8
5,"Модуль 5. AI-интеграция, деплой и финальный проект",15,Финальный проект: ТЗ,4,Практика 4,practice,ide_plugin,90,3,30
5,"Модуль 5. AI-интеграция, деплой и финальный проект",15,Финальный проект: ТЗ,5,Проект 5,project,ide_plugin,125,3,50
5,"Модуль 5. AI-интеграция, деплой и финальный проект",15,Финальный проект: ТЗ,6,Практика 6,practice,ide_plugin,90,3,30
5,"Модуль 5. AI-интеграция, деплой и финальный проект",15,Финальный проект: ТЗ,7,Проект 7,project,ide_plugin,125,3,50
5,"Модуль 5. AI-интеграция, деплой и финальный проект",15,Финальный проект: ТЗ,8,Практика 8,practice,ide_plugin,90,3,30
5,"Модуль 5. AI-интеграция, деплой и финальный проект",15,Финальный проект: ТЗ,9,Проект 9,project,ide_plugin,125,3,50
5,"Модуль 5. AI-интеграция, деплой и финальный проект",15,Финальный проект: ТЗ,10,Практика 10,practice,ide_plugin,90,3,30
5,"Модуль 5. AI-интеграция, деплой и финальный проект",15,Финальный проект: ТЗ,11,Проект 11,project,ide_plugin,125,3,50
5,"Модуль 5. AI-интеграция, деплой и финальный проект",15,Финальный проект: ТЗ,12,Проект 12,project,ide_plugin,125,3,50
5,"Модуль 5. AI-интеграция, деплой и финальный проект",15,Финальный проект: ТЗ,13,Закрепление,test,quiz_single,25,2,8
5,"Модуль 5. AI-интеграция, деплой и финальный проект",15,Финальный проект: ТЗ,14,Debug gate,practice,ide_plugin,105,4,36
5,"Модуль 5. AI-интеграция, деплой и финальный проект",15,Финальный проект: ТЗ,15,Edge gate,practice,ide_plugin,105,4,36
5,"Модуль 5. AI-интеграция, деплой и финальный проект",15,Финальный проект: ТЗ,16,Integration gate,project,ide_plugin,135,4,50
5,"Модуль 5. AI-интеграция, деплой и финальный проект",15,Финальный проект: ТЗ,17,Контроль,test,quiz_single,30,2,10
5,"Модуль 5. AI-интеграция, деплой и финальный проект",15,Финальный проект: ТЗ,18,Итоги,summary,,20,1,8
5,"Модуль 5. AI-интеграция, деплой и финальный проект",16,Финальный проект: User stories,1,Смысл,theory,,25,2,16
5,"Модуль 5. AI-интеграция, деплой и финальный проект",16,Финальный проект: User stories,2,Минимальный пример,theory,,25,2,14
5,"Модуль 5. AI-интеграция, деплой и финальный проект",16,Финальный проект: User stories,3,Понимание,test,quiz_single,25,2,8
5,"Модуль 5. AI-интеграция, деплой и финальный проект",16,Финальный проект: User stories,4,Практика 4,practice,ide_plugin,90,3,30
5,"Модуль 5. AI-интеграция, деплой и финальный проект",16,Финальный проект: User stories,5,Проект 5,project,ide_plugin,125,3,50
5,"Модуль 5. AI-интеграция, деплой и финальный проект",16,Финальный проект: User stories,6,Практика 6,practice,ide_plugin,90,3,30
5,"Модуль 5. AI-интеграция, деплой и финальный проект",16,Финальный проект: User stories,7,Проект 7,project,ide_plugin,125,3,50
5,"Модуль 5. AI-интеграция, деплой и финальный проект",16,Финальный проект: User stories,8,Практика 8,practice,ide_plugin,90,3,30
5,"Модуль 5. AI-интеграция, деплой и финальный проект",16,Финальный проект: User stories,9,Проект 9,project,ide_plugin,125,3,50
5,"Модуль 5. AI-интеграция, деплой и финальный проект",16,Финальный проект: User stories,10,Практика 10,practice,ide_plugin,90,3,30
5,"Модуль 5. AI-интеграция, деплой и финальный проект",16,Финальный проект: User stories,11,Проект 11,project,ide_plugin,125,3,50
5,"Модуль 5. AI-интеграция, деплой и финальный проект",16,Финальный проект: User stories,12,Проект 12,project,ide_plugin,125,3,50
5,"Модуль 5. AI-интеграция, деплой и финальный проект",16,Финальный проект: User stories,13,Закрепление,test,quiz_single,25,2,8
5,"Модуль 5. AI-интеграция, деплой и финальный проект",16,Финальный проект: User stories,14,Debug gate,practice,ide_plugin,105,4,36
5,"Модуль 5. AI-интеграция, деплой и финальный проект",16,Финальный проект: User stories,15,Edge gate,practice,ide_plugin,105,4,36
5,"Модуль 5. AI-интеграция, деплой и финальный проект",16,Финальный проект: User stories,16,Integration gate,project,ide_plugin,135,4,50
5,"Модуль 5. AI-интеграция, деплой и финальный проект",16,Финальный проект: User stories,17,Контроль,test,quiz_single,30,2,10
5,"Модуль 5. AI-интеграция, деплой и финальный проект",16,Финальный проект: User stories,18,Итоги,summary,,20,1,8
5,"Модуль 5. AI-интеграция, деплой и финальный проект",17,Финальный проект: схема БД,1,Смысл,theory,,25,2,16
5,"Модуль 5. AI-интеграция, деплой и финальный проект",17,Финальный проект: схема БД,2,Минимальный пример,theory,,25,2,14
5,"Модуль 5. AI-интеграция, деплой и финальный проект",17,Финальный проект: схема БД,3,Понимание,test,quiz_single,25,2,8
5,"Модуль 5. AI-интеграция, деплой и финальный проект",17,Финальный проект: схема БД,4,Практика 4,practice,ide_plugin,90,3,30
5,"Модуль 5. AI-интеграция, деплой и финальный проект",17,Финальный проект: схема БД,5,Проект 5,project,ide_plugin,125,3,50
5,"Модуль 5. AI-интеграция, деплой и финальный проект",17,Финальный проект: схема БД,6,Практика 6,practice,ide_plugin,90,3,30
5,"Модуль 5. AI-интеграция, деплой и финальный проект",17,Финальный проект: схема БД,7,Проект 7,project,ide_plugin,125,3,50
5,"Модуль 5. AI-интеграция, деплой и финальный проект",17,Финальный проект: схема БД,8,Практика 8,practice,ide_plugin,90,3,30
5,"Модуль 5. AI-интеграция, деплой и финальный проект",17,Финальный проект: схема БД,9,Проект 9,project,ide_plugin,125,3,50
5,"Модуль 5. AI-интеграция, деплой и финальный проект",17,Финальный проект: схема БД,10,Практика 10,practice,ide_plugin,90,3,30
5,"Модуль 5. AI-интеграция, деплой и финальный проект",17,Финальный проект: схема БД,11,Проект 11,project,ide_plugin,125,3,50
5,"Модуль 5. AI-интеграция, деплой и финальный проект",17,Финальный проект: схема БД,12,Проект 12,project,ide_plugin,125,3,50
5,"Модуль 5. AI-интеграция, деплой и финальный проект",17,Финальный проект: схема БД,13,Закрепление,test,quiz_single,25,2,8
5,"Модуль 5. AI-интеграция, деплой и финальный проект",17,Финальный проект: схема БД,14,Debug gate,practice,ide_plugin,105,4,36
5,"Модуль 5. AI-интеграция, деплой и финальный проект",17,Финальный проект: схема БД,15,Edge gate,practice,ide_plugin,105,4,36
5,"Модуль 5. AI-интеграция, деплой и финальный проект",17,Финальный проект: схема БД,16,Integration gate,project,ide_plugin,135,4,50
5,"Модуль 5. AI-интеграция, деплой и финальный проект",17,Финальный проект: схема БД,17,Контроль,test,quiz_single,30,2,10
5,"Модуль 5. AI-интеграция, деплой и финальный проект",17,Финальный проект: схема БД,18,Итоги,summary,,20,1,8
5,"Модуль 5. AI-интеграция, деплой и финальный проект",18,Финальный проект: API contract,1,Смысл,theory,,25,2,16
5,"Модуль 5. AI-интеграция, деплой и финальный проект",18,Финальный проект: API contract,2,Минимальный пример,theory,,25,2,14
5,"Модуль 5. AI-интеграция, деплой и финальный проект",18,Финальный проект: API contract,3,Понимание,test,quiz_single,25,2,8
5,"Модуль 5. AI-интеграция, деплой и финальный проект",18,Финальный проект: API contract,4,Практика 4,practice,ide_plugin,90,3,30
5,"Модуль 5. AI-интеграция, деплой и финальный проект",18,Финальный проект: API contract,5,Проект 5,project,ide_plugin,125,3,50
5,"Модуль 5. AI-интеграция, деплой и финальный проект",18,Финальный проект: API contract,6,Практика 6,practice,ide_plugin,90,3,30
5,"Модуль 5. AI-интеграция, деплой и финальный проект",18,Финальный проект: API contract,7,Проект 7,project,ide_plugin,125,3,50
5,"Модуль 5. AI-интеграция, деплой и финальный проект",18,Финальный проект: API contract,8,Практика 8,practice,ide_plugin,90,3,30
5,"Модуль 5. AI-интеграция, деплой и финальный проект",18,Финальный проект: API contract,9,Проект 9,project,ide_plugin,125,3,50
5,"Модуль 5. AI-интеграция, деплой и финальный проект",18,Финальный проект: API contract,10,Практика 10,practice,ide_plugin,90,3,30
5,"Модуль 5. AI-интеграция, деплой и финальный проект",18,Финальный проект: API contract,11,Проект 11,project,ide_plugin,125,3,50
5,"Модуль 5. AI-интеграция, деплой и финальный проект",18,Финальный проект: API contract,12,Проект 12,project,ide_plugin,125,3,50
5,"Модуль 5. AI-интеграция, деплой и финальный проект",18,Финальный проект: API contract,13,Закрепление,test,quiz_single,25,2,8
5,"Модуль 5. AI-интеграция, деплой и финальный проект",18,Финальный проект: API contract,14,Debug gate,practice,ide_plugin,105,4,36
5,"Модуль 5. AI-интеграция, деплой и финальный проект",18,Финальный проект: API contract,15,Edge gate,practice,ide_plugin,105,4,36
5,"Модуль 5. AI-интеграция, деплой и финальный проект",18,Финальный проект: API contract,16,Integration gate,project,ide_plugin,135,4,50
5,"Модуль 5. AI-интеграция, деплой и финальный проект",18,Финальный проект: API contract,17,Контроль,test,quiz_single,30,2,10
5,"Модуль 5. AI-интеграция, деплой и финальный проект",18,Финальный проект: API contract,18,Итоги,summary,,20,1,8
5,"Модуль 5. AI-интеграция, деплой и финальный проект",19,Финальный проект: Git workflow,1,Смысл,theory,,25,2,16
5,"Модуль 5. AI-интеграция, деплой и финальный проект",19,Финальный проект: Git workflow,2,Минимальный пример,theory,,25,2,14
5,"Модуль 5. AI-интеграция, деплой и финальный проект",19,Финальный проект: Git workflow,3,Понимание,test,quiz_single,25,2,8
5,"Модуль 5. AI-интеграция, деплой и финальный проект",19,Финальный проект: Git workflow,4,Практика 4,practice,ide_plugin,90,3,30
5,"Модуль 5. AI-интеграция, деплой и финальный проект",19,Финальный проект: Git workflow,5,Проект 5,project,ide_plugin,125,3,50
5,"Модуль 5. AI-интеграция, деплой и финальный проект",19,Финальный проект: Git workflow,6,Практика 6,practice,ide_plugin,90,3,30
5,"Модуль 5. AI-интеграция, деплой и финальный проект",19,Финальный проект: Git workflow,7,Проект 7,project,ide_plugin,125,3,50
5,"Модуль 5. AI-интеграция, деплой и финальный проект",19,Финальный проект: Git workflow,8,Практика 8,practice,ide_plugin,90,3,30
5,"Модуль 5. AI-интеграция, деплой и финальный проект",19,Финальный проект: Git workflow,9,Проект 9,project,ide_plugin,125,3,50
5,"Модуль 5. AI-интеграция, деплой и финальный проект",19,Финальный проект: Git workflow,10,Практика 10,practice,ide_plugin,90,3,30
5,"Модуль 5. AI-интеграция, деплой и финальный проект",19,Финальный проект: Git workflow,11,Проект 11,project,ide_plugin,125,3,50
5,"Модуль 5. AI-интеграция, деплой и финальный проект",19,Финальный проект: Git workflow,12,Проект 12,project,ide_plugin,125,3,50
5,"Модуль 5. AI-интеграция, деплой и финальный проект",19,Финальный проект: Git workflow,13,Закрепление,test,quiz_single,25,2,8
5,"Модуль 5. AI-интеграция, деплой и финальный проект",19,Финальный проект: Git workflow,14,Debug gate,practice,ide_plugin,105,4,36
5,"Модуль 5. AI-интеграция, деплой и финальный проект",19,Финальный проект: Git workflow,15,Edge gate,practice,ide_plugin,105,4,36
5,"Модуль 5. AI-интеграция, деплой и финальный проект",19,Финальный проект: Git workflow,16,Integration gate,project,ide_plugin,135,4,50
5,"Модуль 5. AI-интеграция, деплой и финальный проект",19,Финальный проект: Git workflow,17,Контроль,test,quiz_single,30,2,10
5,"Модуль 5. AI-интеграция, деплой и финальный проект",19,Финальный проект: Git workflow,18,Итоги,summary,,20,1,8
5,"Модуль 5. AI-интеграция, деплой и финальный проект",20,Финальный проект: FastAPI-структура,1,Смысл,theory,,25,2,16
5,"Модуль 5. AI-интеграция, деплой и финальный проект",20,Финальный проект: FastAPI-структура,2,Минимальный пример,theory,,25,2,14
5,"Модуль 5. AI-интеграция, деплой и финальный проект",20,Финальный проект: FastAPI-структура,3,Понимание,test,quiz_single,25,2,8
5,"Модуль 5. AI-интеграция, деплой и финальный проект",20,Финальный проект: FastAPI-структура,4,Практика 4,practice,ide_plugin,90,3,30
5,"Модуль 5. AI-интеграция, деплой и финальный проект",20,Финальный проект: FastAPI-структура,5,Проект 5,project,ide_plugin,125,3,50
5,"Модуль 5. AI-интеграция, деплой и финальный проект",20,Финальный проект: FastAPI-структура,6,Практика 6,practice,ide_plugin,90,3,30
5,"Модуль 5. AI-интеграция, деплой и финальный проект",20,Финальный проект: FastAPI-структура,7,Проект 7,project,ide_plugin,125,3,50
5,"Модуль 5. AI-интеграция, деплой и финальный проект",20,Финальный проект: FastAPI-структура,8,Практика 8,practice,ide_plugin,90,3,30
5,"Модуль 5. AI-интеграция, деплой и финальный проект",20,Финальный проект: FastAPI-структура,9,Проект 9,project,ide_plugin,125,3,50
5,"Модуль 5. AI-интеграция, деплой и финальный проект",20,Финальный проект: FastAPI-структура,10,Практика 10,practice,ide_plugin,90,3,30
5,"Модуль 5. AI-интеграция, деплой и финальный проект",20,Финальный проект: FastAPI-структура,11,Проект 11,project,ide_plugin,125,3,50
5,"Модуль 5. AI-интеграция, деплой и финальный проект",20,Финальный проект: FastAPI-структура,12,Проект 12,project,ide_plugin,125,3,50
5,"Модуль 5. AI-интеграция, деплой и финальный проект",20,Финальный проект: FastAPI-структура,13,Закрепление,test,quiz_single,25,2,8
5,"Модуль 5. AI-интеграция, деплой и финальный проект",20,Финальный проект: FastAPI-структура,14,Debug gate,practice,ide_plugin,105,4,36
5,"Модуль 5. AI-интеграция, деплой и финальный проект",20,Финальный проект: FastAPI-структура,15,Edge gate,practice,ide_plugin,105,4,36
5,"Модуль 5. AI-интеграция, деплой и финальный проект",20,Финальный проект: FastAPI-структура,16,Integration gate,project,ide_plugin,135,4,50
5,"Модуль 5. AI-интеграция, деплой и финальный проект",20,Финальный проект: FastAPI-структура,17,Контроль,test,quiz_single,30,2,10
5,"Модуль 5. AI-интеграция, деплой и финальный проект",20,Финальный проект: FastAPI-структура,18,Итоги,summary,,20,1,8
5,"Модуль 5. AI-интеграция, деплой и финальный проект",21,Финальный проект: SQLAlchemy models,1,Смысл,theory,,25,2,16
5,"Модуль 5. AI-интеграция, деплой и финальный проект",21,Финальный проект: SQLAlchemy models,2,Минимальный пример,theory,,25,2,14
5,"Модуль 5. AI-интеграция, деплой и финальный проект",21,Финальный проект: SQLAlchemy models,3,Понимание,test,quiz_single,25,2,8
5,"Модуль 5. AI-интеграция, деплой и финальный проект",21,Финальный проект: SQLAlchemy models,4,Практика 4,practice,ide_plugin,90,3,30
5,"Модуль 5. AI-интеграция, деплой и финальный проект",21,Финальный проект: SQLAlchemy models,5,Проект 5,project,ide_plugin,125,3,50
5,"Модуль 5. AI-интеграция, деплой и финальный проект",21,Финальный проект: SQLAlchemy models,6,Практика 6,practice,ide_plugin,90,3,30
5,"Модуль 5. AI-интеграция, деплой и финальный проект",21,Финальный проект: SQLAlchemy models,7,Проект 7,project,ide_plugin,125,3,50
5,"Модуль 5. AI-интеграция, деплой и финальный проект",21,Финальный проект: SQLAlchemy models,8,Практика 8,practice,ide_plugin,90,3,30
5,"Модуль 5. AI-интеграция, деплой и финальный проект",21,Финальный проект: SQLAlchemy models,9,Проект 9,project,ide_plugin,125,3,50
5,"Модуль 5. AI-интеграция, деплой и финальный проект",21,Финальный проект: SQLAlchemy models,10,Практика 10,practice,ide_plugin,90,3,30
5,"Модуль 5. AI-интеграция, деплой и финальный проект",21,Финальный проект: SQLAlchemy models,11,Проект 11,project,ide_plugin,125,3,50
5,"Модуль 5. AI-интеграция, деплой и финальный проект",21,Финальный проект: SQLAlchemy models,12,Проект 12,project,ide_plugin,125,3,50
5,"Модуль 5. AI-интеграция, деплой и финальный проект",21,Финальный проект: SQLAlchemy models,13,Закрепление,test,quiz_single,25,2,8
5,"Модуль 5. AI-интеграция, деплой и финальный проект",21,Финальный проект: SQLAlchemy models,14,Debug gate,practice,ide_plugin,105,4,36
5,"Модуль 5. AI-интеграция, деплой и финальный проект",21,Финальный проект: SQLAlchemy models,15,Edge gate,practice,ide_plugin,105,4,36
5,"Модуль 5. AI-интеграция, деплой и финальный проект",21,Финальный проект: SQLAlchemy models,16,Integration gate,project,ide_plugin,135,4,50
5,"Модуль 5. AI-интеграция, деплой и финальный проект",21,Финальный проект: SQLAlchemy models,17,Контроль,test,quiz_single,30,2,10
5,"Модуль 5. AI-интеграция, деплой и финальный проект",21,Финальный проект: SQLAlchemy models,18,Итоги,summary,,20,1,8
5,"Модуль 5. AI-интеграция, деплой и финальный проект",22,Финальный проект: Alembic migrations,1,Смысл,theory,,25,2,16
5,"Модуль 5. AI-интеграция, деплой и финальный проект",22,Финальный проект: Alembic migrations,2,Минимальный пример,theory,,25,2,14
5,"Модуль 5. AI-интеграция, деплой и финальный проект",22,Финальный проект: Alembic migrations,3,Понимание,test,quiz_single,25,2,8
5,"Модуль 5. AI-интеграция, деплой и финальный проект",22,Финальный проект: Alembic migrations,4,Практика 4,practice,ide_plugin,90,3,30
5,"Модуль 5. AI-интеграция, деплой и финальный проект",22,Финальный проект: Alembic migrations,5,Проект 5,project,ide_plugin,125,3,50
5,"Модуль 5. AI-интеграция, деплой и финальный проект",22,Финальный проект: Alembic migrations,6,Практика 6,practice,ide_plugin,90,3,30
5,"Модуль 5. AI-интеграция, деплой и финальный проект",22,Финальный проект: Alembic migrations,7,Проект 7,project,ide_plugin,125,3,50
5,"Модуль 5. AI-интеграция, деплой и финальный проект",22,Финальный проект: Alembic migrations,8,Практика 8,practice,ide_plugin,90,3,30
5,"Модуль 5. AI-интеграция, деплой и финальный проект",22,Финальный проект: Alembic migrations,9,Проект 9,project,ide_plugin,125,3,50
5,"Модуль 5. AI-интеграция, деплой и финальный проект",22,Финальный проект: Alembic migrations,10,Практика 10,practice,ide_plugin,90,3,30
5,"Модуль 5. AI-интеграция, деплой и финальный проект",22,Финальный проект: Alembic migrations,11,Проект 11,project,ide_plugin,125,3,50
5,"Модуль 5. AI-интеграция, деплой и финальный проект",22,Финальный проект: Alembic migrations,12,Проект 12,project,ide_plugin,125,3,50
5,"Модуль 5. AI-интеграция, деплой и финальный проект",22,Финальный проект: Alembic migrations,13,Закрепление,test,quiz_single,25,2,8
5,"Модуль 5. AI-интеграция, деплой и финальный проект",22,Финальный проект: Alembic migrations,14,Debug gate,practice,ide_plugin,105,4,36
5,"Модуль 5. AI-интеграция, деплой и финальный проект",22,Финальный проект: Alembic migrations,15,Edge gate,practice,ide_plugin,105,4,36
5,"Модуль 5. AI-интеграция, деплой и финальный проект",22,Финальный проект: Alembic migrations,16,Integration gate,project,ide_plugin,135,4,50
5,"Модуль 5. AI-интеграция, деплой и финальный проект",22,Финальный проект: Alembic migrations,17,Контроль,test,quiz_single,30,2,10
5,"Модуль 5. AI-интеграция, деплой и финальный проект",22,Финальный проект: Alembic migrations,18,Итоги,summary,,20,1,8
5,"Модуль 5. AI-интеграция, деплой и финальный проект",23,Финальный проект: Auth,1,Смысл,theory,,25,2,16
5,"Модуль 5. AI-интеграция, деплой и финальный проект",23,Финальный проект: Auth,2,Минимальный пример,theory,,25,2,14
5,"Модуль 5. AI-интеграция, деплой и финальный проект",23,Финальный проект: Auth,3,Понимание,test,quiz_single,25,2,8
5,"Модуль 5. AI-интеграция, деплой и финальный проект",23,Финальный проект: Auth,4,Практика 4,practice,ide_plugin,90,3,30
5,"Модуль 5. AI-интеграция, деплой и финальный проект",23,Финальный проект: Auth,5,Проект 5,project,ide_plugin,125,3,50
5,"Модуль 5. AI-интеграция, деплой и финальный проект",23,Финальный проект: Auth,6,Практика 6,practice,ide_plugin,90,3,30
5,"Модуль 5. AI-интеграция, деплой и финальный проект",23,Финальный проект: Auth,7,Проект 7,project,ide_plugin,125,3,50
5,"Модуль 5. AI-интеграция, деплой и финальный проект",23,Финальный проект: Auth,8,Практика 8,practice,ide_plugin,90,3,30
5,"Модуль 5. AI-интеграция, деплой и финальный проект",23,Финальный проект: Auth,9,Проект 9,project,ide_plugin,125,3,50
5,"Модуль 5. AI-интеграция, деплой и финальный проект",23,Финальный проект: Auth,10,Практика 10,practice,ide_plugin,90,3,30
5,"Модуль 5. AI-интеграция, деплой и финальный проект",23,Финальный проект: Auth,11,Проект 11,project,ide_plugin,125,3,50
5,"Модуль 5. AI-интеграция, деплой и финальный проект",23,Финальный проект: Auth,12,Проект 12,project,ide_plugin,125,3,50
5,"Модуль 5. AI-интеграция, деплой и финальный проект",23,Финальный проект: Auth,13,Закрепление,test,quiz_single,25,2,8
5,"Модуль 5. AI-интеграция, деплой и финальный проект",23,Финальный проект: Auth,14,Debug gate,practice,ide_plugin,105,4,36
5,"Модуль 5. AI-интеграция, деплой и финальный проект",23,Финальный проект: Auth,15,Edge gate,practice,ide_plugin,105,4,36
5,"Модуль 5. AI-интеграция, деплой и финальный проект",23,Финальный проект: Auth,16,Integration gate,project,ide_plugin,135,4,50
5,"Модуль 5. AI-интеграция, деплой и финальный проект",23,Финальный проект: Auth,17,Контроль,test,quiz_single,30,2,10
5,"Модуль 5. AI-интеграция, деплой и финальный проект",23,Финальный проект: Auth,18,Итоги,summary,,20,1,8
5,"Модуль 5. AI-интеграция, деплой и финальный проект",24,Финальный проект: CRUD,1,Смысл,theory,,25,2,16
5,"Модуль 5. AI-интеграция, деплой и финальный проект",24,Финальный проект: CRUD,2,Минимальный пример,theory,,25,2,14
5,"Модуль 5. AI-интеграция, деплой и финальный проект",24,Финальный проект: CRUD,3,Понимание,test,quiz_single,25,2,8
5,"Модуль 5. AI-интеграция, деплой и финальный проект",24,Финальный проект: CRUD,4,Практика 4,practice,ide_plugin,90,3,30
5,"Модуль 5. AI-интеграция, деплой и финальный проект",24,Финальный проект: CRUD,5,Проект 5,project,ide_plugin,125,3,50
5,"Модуль 5. AI-интеграция, деплой и финальный проект",24,Финальный проект: CRUD,6,Практика 6,practice,ide_plugin,90,3,30
5,"Модуль 5. AI-интеграция, деплой и финальный проект",24,Финальный проект: CRUD,7,Проект 7,project,ide_plugin,125,3,50
5,"Модуль 5. AI-интеграция, деплой и финальный проект",24,Финальный проект: CRUD,8,Практика 8,practice,ide_plugin,90,3,30
5,"Модуль 5. AI-интеграция, деплой и финальный проект",24,Финальный проект: CRUD,9,Проект 9,project,ide_plugin,125,3,50
5,"Модуль 5. AI-интеграция, деплой и финальный проект",24,Финальный проект: CRUD,10,Практика 10,practice,ide_plugin,90,3,30
5,"Модуль 5. AI-интеграция, деплой и финальный проект",24,Финальный проект: CRUD,11,Проект 11,project,ide_plugin,125,3,50
5,"Модуль 5. AI-интеграция, деплой и финальный проект",24,Финальный проект: CRUD,12,Проект 12,project,ide_plugin,125,3,50
5,"Модуль 5. AI-интеграция, деплой и финальный проект",24,Финальный проект: CRUD,13,Закрепление,test,quiz_single,25,2,8
5,"Модуль 5. AI-интеграция, деплой и финальный проект",24,Финальный проект: CRUD,14,Debug gate,practice,ide_plugin,105,4,36
5,"Модуль 5. AI-интеграция, деплой и финальный проект",24,Финальный проект: CRUD,15,Edge gate,practice,ide_plugin,105,4,36
5,"Модуль 5. AI-интеграция, деплой и финальный проект",24,Финальный проект: CRUD,16,Integration gate,project,ide_plugin,135,4,50
5,"Модуль 5. AI-интеграция, деплой и финальный проект",24,Финальный проект: CRUD,17,Контроль,test,quiz_single,30,2,10
5,"Модуль 5. AI-интеграция, деплой и финальный проект",24,Финальный проект: CRUD,18,Итоги,summary,,20,1,8
5,"Модуль 5. AI-интеграция, деплой и финальный проект",25,Финальный проект: Tests,1,Смысл,theory,,25,2,16
5,"Модуль 5. AI-интеграция, деплой и финальный проект",25,Финальный проект: Tests,2,Минимальный пример,theory,,25,2,14
5,"Модуль 5. AI-интеграция, деплой и финальный проект",25,Финальный проект: Tests,3,Понимание,test,quiz_single,25,2,8
5,"Модуль 5. AI-интеграция, деплой и финальный проект",25,Финальный проект: Tests,4,Практика 4,practice,ide_plugin,90,3,30
5,"Модуль 5. AI-интеграция, деплой и финальный проект",25,Финальный проект: Tests,5,Проект 5,project,ide_plugin,125,3,50
5,"Модуль 5. AI-интеграция, деплой и финальный проект",25,Финальный проект: Tests,6,Практика 6,practice,ide_plugin,90,3,30
5,"Модуль 5. AI-интеграция, деплой и финальный проект",25,Финальный проект: Tests,7,Проект 7,project,ide_plugin,125,3,50
5,"Модуль 5. AI-интеграция, деплой и финальный проект",25,Финальный проект: Tests,8,Практика 8,practice,ide_plugin,90,3,30
5,"Модуль 5. AI-интеграция, деплой и финальный проект",25,Финальный проект: Tests,9,Проект 9,project,ide_plugin,125,3,50
5,"Модуль 5. AI-интеграция, деплой и финальный проект",25,Финальный проект: Tests,10,Практика 10,practice,ide_plugin,90,3,30
5,"Модуль 5. AI-интеграция, деплой и финальный проект",25,Финальный проект: Tests,11,Проект 11,project,ide_plugin,125,3,50
5,"Модуль 5. AI-интеграция, деплой и финальный проект",25,Финальный проект: Tests,12,Проект 12,project,ide_plugin,125,3,50
5,"Модуль 5. AI-интеграция, деплой и финальный проект",25,Финальный проект: Tests,13,Закрепление,test,quiz_single,25,2,8
5,"Модуль 5. AI-интеграция, деплой и финальный проект",25,Финальный проект: Tests,14,Debug gate,practice,ide_plugin,105,4,36
5,"Модуль 5. AI-интеграция, деплой и финальный проект",25,Финальный проект: Tests,15,Edge gate,practice,ide_plugin,105,4,36
5,"Модуль 5. AI-интеграция, деплой и финальный проект",25,Финальный проект: Tests,16,Integration gate,project,ide_plugin,135,4,50
5,"Модуль 5. AI-интеграция, деплой и финальный проект",25,Финальный проект: Tests,17,Контроль,test,quiz_single,30,2,10
5,"Модуль 5. AI-интеграция, деплой и финальный проект",25,Финальный проект: Tests,18,Итоги,summary,,20,1,8
5,"Модуль 5. AI-интеграция, деплой и финальный проект",26,Финальный проект: Docker,1,Смысл,theory,,25,2,16
5,"Модуль 5. AI-интеграция, деплой и финальный проект",26,Финальный проект: Docker,2,Минимальный пример,theory,,25,2,14
5,"Модуль 5. AI-интеграция, деплой и финальный проект",26,Финальный проект: Docker,3,Понимание,test,quiz_single,25,2,8
5,"Модуль 5. AI-интеграция, деплой и финальный проект",26,Финальный проект: Docker,4,Практика 4,practice,ide_plugin,90,3,30
5,"Модуль 5. AI-интеграция, деплой и финальный проект",26,Финальный проект: Docker,5,Проект 5,project,ide_plugin,125,3,50
5,"Модуль 5. AI-интеграция, деплой и финальный проект",26,Финальный проект: Docker,6,Практика 6,practice,ide_plugin,90,3,30
5,"Модуль 5. AI-интеграция, деплой и финальный проект",26,Финальный проект: Docker,7,Проект 7,project,ide_plugin,125,3,50
5,"Модуль 5. AI-интеграция, деплой и финальный проект",26,Финальный проект: Docker,8,Практика 8,practice,ide_plugin,90,3,30
5,"Модуль 5. AI-интеграция, деплой и финальный проект",26,Финальный проект: Docker,9,Проект 9,project,ide_plugin,125,3,50
5,"Модуль 5. AI-интеграция, деплой и финальный проект",26,Финальный проект: Docker,10,Практика 10,practice,ide_plugin,90,3,30
5,"Модуль 5. AI-интеграция, деплой и финальный проект",26,Финальный проект: Docker,11,Проект 11,project,ide_plugin,125,3,50
5,"Модуль 5. AI-интеграция, деплой и финальный проект",26,Финальный проект: Docker,12,Проект 12,project,ide_plugin,125,3,50
5,"Модуль 5. AI-интеграция, деплой и финальный проект",26,Финальный проект: Docker,13,Закрепление,test,quiz_single,25,2,8
5,"Модуль 5. AI-интеграция, деплой и финальный проект",26,Финальный проект: Docker,14,Debug gate,practice,ide_plugin,105,4,36
5,"Модуль 5. AI-интеграция, деплой и финальный проект",26,Финальный проект: Docker,15,Edge gate,practice,ide_plugin,105,4,36
5,"Модуль 5. AI-интеграция, деплой и финальный проект",26,Финальный проект: Docker,16,Integration gate,project,ide_plugin,135,4,50
5,"Модуль 5. AI-интеграция, деплой и финальный проект",26,Финальный проект: Docker,17,Контроль,test,quiz_single,30,2,10
5,"Модуль 5. AI-интеграция, деплой и финальный проект",26,Финальный проект: Docker,18,Итоги,summary,,20,1,8
5,"Модуль 5. AI-интеграция, деплой и финальный проект",27,Финальный проект: CI/CD,1,Смысл,theory,,25,2,16
5,"Модуль 5. AI-интеграция, деплой и финальный проект",27,Финальный проект: CI/CD,2,Минимальный пример,theory,,25,2,14
5,"Модуль 5. AI-интеграция, деплой и финальный проект",27,Финальный проект: CI/CD,3,Понимание,test,quiz_single,25,2,8
5,"Модуль 5. AI-интеграция, деплой и финальный проект",27,Финальный проект: CI/CD,4,Практика 4,practice,ide_plugin,90,3,30
5,"Модуль 5. AI-интеграция, деплой и финальный проект",27,Финальный проект: CI/CD,5,Проект 5,project,ide_plugin,125,3,50
5,"Модуль 5. AI-интеграция, деплой и финальный проект",27,Финальный проект: CI/CD,6,Практика 6,practice,ide_plugin,90,3,30
5,"Модуль 5. AI-интеграция, деплой и финальный проект",27,Финальный проект: CI/CD,7,Проект 7,project,ide_plugin,125,3,50
5,"Модуль 5. AI-интеграция, деплой и финальный проект",27,Финальный проект: CI/CD,8,Практика 8,practice,ide_plugin,90,3,30
5,"Модуль 5. AI-интеграция, деплой и финальный проект",27,Финальный проект: CI/CD,9,Проект 9,project,ide_plugin,125,3,50
5,"Модуль 5. AI-интеграция, деплой и финальный проект",27,Финальный проект: CI/CD,10,Практика 10,practice,ide_plugin,90,3,30
5,"Модуль 5. AI-интеграция, деплой и финальный проект",27,Финальный проект: CI/CD,11,Проект 11,project,ide_plugin,125,3,50
5,"Модуль 5. AI-интеграция, деплой и финальный проект",27,Финальный проект: CI/CD,12,Проект 12,project,ide_plugin,125,3,50
5,"Модуль 5. AI-интеграция, деплой и финальный проект",27,Финальный проект: CI/CD,13,Закрепление,test,quiz_single,25,2,8
5,"Модуль 5. AI-интеграция, деплой и финальный проект",27,Финальный проект: CI/CD,14,Debug gate,practice,ide_plugin,105,4,36
5,"Модуль 5. AI-интеграция, деплой и финальный проект",27,Финальный проект: CI/CD,15,Edge gate,practice,ide_plugin,105,4,36
5,"Модуль 5. AI-интеграция, деплой и финальный проект",27,Финальный проект: CI/CD,16,Integration gate,project,ide_plugin,135,4,50
5,"Модуль 5. AI-интеграция, деплой и финальный проект",27,Финальный проект: CI/CD,17,Контроль,test,quiz_single,30,2,10
5,"Модуль 5. AI-интеграция, деплой и финальный проект",27,Финальный проект: CI/CD,18,Итоги,summary,,20,1,8
5,"Модуль 5. AI-интеграция, деплой и финальный проект",28,Финальный проект: AI integration,1,Смысл,theory,,25,2,16
5,"Модуль 5. AI-интеграция, деплой и финальный проект",28,Финальный проект: AI integration,2,Минимальный пример,theory,,25,2,14
5,"Модуль 5. AI-интеграция, деплой и финальный проект",28,Финальный проект: AI integration,3,Понимание,test,quiz_single,25,2,8
5,"Модуль 5. AI-интеграция, деплой и финальный проект",28,Финальный проект: AI integration,4,Практика 4,practice,ide_plugin,90,3,30
5,"Модуль 5. AI-интеграция, деплой и финальный проект",28,Финальный проект: AI integration,5,Проект 5,project,ide_plugin,125,3,50
5,"Модуль 5. AI-интеграция, деплой и финальный проект",28,Финальный проект: AI integration,6,Практика 6,practice,ide_plugin,90,3,30
5,"Модуль 5. AI-интеграция, деплой и финальный проект",28,Финальный проект: AI integration,7,Проект 7,project,ide_plugin,125,3,50
5,"Модуль 5. AI-интеграция, деплой и финальный проект",28,Финальный проект: AI integration,8,Практика 8,practice,ide_plugin,90,3,30
5,"Модуль 5. AI-интеграция, деплой и финальный проект",28,Финальный проект: AI integration,9,Проект 9,project,ide_plugin,125,3,50
5,"Модуль 5. AI-интеграция, деплой и финальный проект",28,Финальный проект: AI integration,10,Практика 10,practice,ide_plugin,90,3,30
5,"Модуль 5. AI-интеграция, деплой и финальный проект",28,Финальный проект: AI integration,11,Проект 11,project,ide_plugin,125,3,50
5,"Модуль 5. AI-интеграция, деплой и финальный проект",28,Финальный проект: AI integration,12,Проект 12,project,ide_plugin,125,3,50
5,"Модуль 5. AI-интеграция, деплой и финальный проект",28,Финальный проект: AI integration,13,Закрепление,test,quiz_single,25,2,8
5,"Модуль 5. AI-интеграция, деплой и финальный проект",28,Финальный проект: AI integration,14,Debug gate,practice,ide_plugin,105,4,36
5,"Модуль 5. AI-интеграция, деплой и финальный проект",28,Финальный проект: AI integration,15,Edge gate,practice,ide_plugin,105,4,36
5,"Модуль 5. AI-интеграция, деплой и финальный проект",28,Финальный проект: AI integration,16,Integration gate,project,ide_plugin,135,4,50
5,"Модуль 5. AI-интеграция, деплой и финальный проект",28,Финальный проект: AI integration,17,Контроль,test,quiz_single,30,2,10
5,"Модуль 5. AI-интеграция, деплой и финальный проект",28,Финальный проект: AI integration,18,Итоги,summary,,20,1,8
5,"Модуль 5. AI-интеграция, деплой и финальный проект",29,Финальный проект: Logging,1,Смысл,theory,,25,2,16
5,"Модуль 5. AI-интеграция, деплой и финальный проект",29,Финальный проект: Logging,2,Минимальный пример,theory,,25,2,14
5,"Модуль 5. AI-интеграция, деплой и финальный проект",29,Финальный проект: Logging,3,Понимание,test,quiz_single,25,2,8
5,"Модуль 5. AI-интеграция, деплой и финальный проект",29,Финальный проект: Logging,4,Практика 4,practice,ide_plugin,90,3,30
5,"Модуль 5. AI-интеграция, деплой и финальный проект",29,Финальный проект: Logging,5,Проект 5,project,ide_plugin,125,3,50
5,"Модуль 5. AI-интеграция, деплой и финальный проект",29,Финальный проект: Logging,6,Практика 6,practice,ide_plugin,90,3,30
5,"Модуль 5. AI-интеграция, деплой и финальный проект",29,Финальный проект: Logging,7,Проект 7,project,ide_plugin,125,3,50
5,"Модуль 5. AI-интеграция, деплой и финальный проект",29,Финальный проект: Logging,8,Практика 8,practice,ide_plugin,90,3,30
5,"Модуль 5. AI-интеграция, деплой и финальный проект",29,Финальный проект: Logging,9,Проект 9,project,ide_plugin,125,3,50
5,"Модуль 5. AI-интеграция, деплой и финальный проект",29,Финальный проект: Logging,10,Практика 10,practice,ide_plugin,90,3,30
5,"Модуль 5. AI-интеграция, деплой и финальный проект",29,Финальный проект: Logging,11,Проект 11,project,ide_plugin,125,3,50
5,"Модуль 5. AI-интеграция, деплой и финальный проект",29,Финальный проект: Logging,12,Проект 12,project,ide_plugin,125,3,50
5,"Модуль 5. AI-интеграция, деплой и финальный проект",29,Финальный проект: Logging,13,Закрепление,test,quiz_single,25,2,8
5,"Модуль 5. AI-интеграция, деплой и финальный проект",29,Финальный проект: Logging,14,Debug gate,practice,ide_plugin,105,4,36
5,"Модуль 5. AI-интеграция, деплой и финальный проект",29,Финальный проект: Logging,15,Edge gate,practice,ide_plugin,105,4,36
5,"Модуль 5. AI-интеграция, деплой и финальный проект",29,Финальный проект: Logging,16,Integration gate,project,ide_plugin,135,4,50
5,"Модуль 5. AI-интеграция, деплой и финальный проект",29,Финальный проект: Logging,17,Контроль,test,quiz_single,30,2,10
5,"Модуль 5. AI-интеграция, деплой и финальный проект",29,Финальный проект: Logging,18,Итоги,summary,,20,1,8
5,"Модуль 5. AI-интеграция, деплой и финальный проект",30,Финальный проект: README,1,Смысл,theory,,25,2,16
5,"Модуль 5. AI-интеграция, деплой и финальный проект",30,Финальный проект: README,2,Минимальный пример,theory,,25,2,14
5,"Модуль 5. AI-интеграция, деплой и финальный проект",30,Финальный проект: README,3,Понимание,test,quiz_single,25,2,8
5,"Модуль 5. AI-интеграция, деплой и финальный проект",30,Финальный проект: README,4,Практика 4,practice,ide_plugin,90,3,30
5,"Модуль 5. AI-интеграция, деплой и финальный проект",30,Финальный проект: README,5,Проект 5,project,ide_plugin,125,3,50
5,"Модуль 5. AI-интеграция, деплой и финальный проект",30,Финальный проект: README,6,Практика 6,practice,ide_plugin,90,3,30
5,"Модуль 5. AI-интеграция, деплой и финальный проект",30,Финальный проект: README,7,Проект 7,project,ide_plugin,125,3,50
5,"Модуль 5. AI-интеграция, деплой и финальный проект",30,Финальный проект: README,8,Практика 8,practice,ide_plugin,90,3,30
5,"Модуль 5. AI-интеграция, деплой и финальный проект",30,Финальный проект: README,9,Проект 9,project,ide_plugin,125,3,50
5,"Модуль 5. AI-интеграция, деплой и финальный проект",30,Финальный проект: README,10,Практика 10,practice,ide_plugin,90,3,30
5,"Модуль 5. AI-интеграция, деплой и финальный проект",30,Финальный проект: README,11,Проект 11,project,ide_plugin,125,3,50
5,"Модуль 5. AI-интеграция, деплой и финальный проект",30,Финальный проект: README,12,Проект 12,project,ide_plugin,125,3,50
5,"Модуль 5. AI-интеграция, деплой и финальный проект",30,Финальный проект: README,13,Закрепление,test,quiz_single,25,2,8
5,"Модуль 5. AI-интеграция, деплой и финальный проект",30,Финальный проект: README,14,Debug gate,practice,ide_plugin,105,4,36
5,"Модуль 5. AI-интеграция, деплой и финальный проект",30,Финальный проект: README,15,Edge gate,practice,ide_plugin,105,4,36
5,"Модуль 5. AI-интеграция, деплой и финальный проект",30,Финальный проект: README,16,Integration gate,project,ide_plugin,135,4,50
5,"Модуль 5. AI-интеграция, деплой и финальный проект",30,Финальный проект: README,17,Контроль,test,quiz_single,30,2,10
5,"Модуль 5. AI-интеграция, деплой и финальный проект",30,Финальный проект: README,18,Итоги,summary,,20,1,8
5,"Модуль 5. AI-интеграция, деплой и финальный проект",31,Финальный проект: Deploy,1,Смысл,theory,,25,2,16
5,"Модуль 5. AI-интеграция, деплой и финальный проект",31,Финальный проект: Deploy,2,Минимальный пример,theory,,25,2,14
5,"Модуль 5. AI-интеграция, деплой и финальный проект",31,Финальный проект: Deploy,3,Понимание,test,quiz_single,25,2,8
5,"Модуль 5. AI-интеграция, деплой и финальный проект",31,Финальный проект: Deploy,4,Практика 4,practice,ide_plugin,90,3,30
5,"Модуль 5. AI-интеграция, деплой и финальный проект",31,Финальный проект: Deploy,5,Проект 5,project,ide_plugin,125,3,50
5,"Модуль 5. AI-интеграция, деплой и финальный проект",31,Финальный проект: Deploy,6,Практика 6,practice,ide_plugin,90,3,30
5,"Модуль 5. AI-интеграция, деплой и финальный проект",31,Финальный проект: Deploy,7,Проект 7,project,ide_plugin,125,3,50
5,"Модуль 5. AI-интеграция, деплой и финальный проект",31,Финальный проект: Deploy,8,Практика 8,practice,ide_plugin,90,3,30
5,"Модуль 5. AI-интеграция, деплой и финальный проект",31,Финальный проект: Deploy,9,Проект 9,project,ide_plugin,125,3,50
5,"Модуль 5. AI-интеграция, деплой и финальный проект",31,Финальный проект: Deploy,10,Практика 10,practice,ide_plugin,90,3,30
5,"Модуль 5. AI-интеграция, деплой и финальный проект",31,Финальный проект: Deploy,11,Проект 11,project,ide_plugin,125,3,50
5,"Модуль 5. AI-интеграция, деплой и финальный проект",31,Финальный проект: Deploy,12,Проект 12,project,ide_plugin,125,3,50
5,"Модуль 5. AI-интеграция, деплой и финальный проект",31,Финальный проект: Deploy,13,Закрепление,test,quiz_single,25,2,8
5,"Модуль 5. AI-интеграция, деплой и финальный проект",31,Финальный проект: Deploy,14,Debug gate,practice,ide_plugin,105,4,36
5,"Модуль 5. AI-интеграция, деплой и финальный проект",31,Финальный проект: Deploy,15,Edge gate,practice,ide_plugin,105,4,36
5,"Модуль 5. AI-интеграция, деплой и финальный проект",31,Финальный проект: Deploy,16,Integration gate,project,ide_plugin,135,4,50
5,"Модуль 5. AI-интеграция, деплой и финальный проект",31,Финальный проект: Deploy,17,Контроль,test,quiz_single,30,2,10
5,"Модуль 5. AI-интеграция, деплой и финальный проект",31,Финальный проект: Deploy,18,Итоги,summary,,20,1,8
5,"Модуль 5. AI-интеграция, деплой и финальный проект",32,Финальный проект: Final defense,1,Смысл,theory,,25,2,16
5,"Модуль 5. AI-интеграция, деплой и финальный проект",32,Финальный проект: Final defense,2,Минимальный пример,theory,,25,2,14
5,"Модуль 5. AI-интеграция, деплой и финальный проект",32,Финальный проект: Final defense,3,Понимание,test,quiz_single,25,2,8
5,"Модуль 5. AI-интеграция, деплой и финальный проект",32,Финальный проект: Final defense,4,Практика 4,practice,ide_plugin,90,3,30
5,"Модуль 5. AI-интеграция, деплой и финальный проект",32,Финальный проект: Final defense,5,Проект 5,project,ide_plugin,125,3,50
5,"Модуль 5. AI-интеграция, деплой и финальный проект",32,Финальный проект: Final defense,6,Практика 6,practice,ide_plugin,90,3,30
5,"Модуль 5. AI-интеграция, деплой и финальный проект",32,Финальный проект: Final defense,7,Проект 7,project,ide_plugin,125,3,50
5,"Модуль 5. AI-интеграция, деплой и финальный проект",32,Финальный проект: Final defense,8,Практика 8,practice,ide_plugin,90,3,30
5,"Модуль 5. AI-интеграция, деплой и финальный проект",32,Финальный проект: Final defense,9,Проект 9,project,ide_plugin,125,3,50
5,"Модуль 5. AI-интеграция, деплой и финальный проект",32,Финальный проект: Final defense,10,Практика 10,practice,ide_plugin,90,3,30
5,"Модуль 5. AI-интеграция, деплой и финальный проект",32,Финальный проект: Final defense,11,Проект 11,project,ide_plugin,125,3,50
5,"Модуль 5. AI-интеграция, деплой и финальный проект",32,Финальный проект: Final defense,12,Проект 12,project,ide_plugin,125,3,50
5,"Модуль 5. AI-интеграция, деплой и финальный проект",32,Финальный проект: Final defense,13,Закрепление,test,quiz_single,25,2,8
5,"Модуль 5. AI-интеграция, деплой и финальный проект",32,Финальный проект: Final defense,14,Debug gate,practice,ide_plugin,105,4,36
5,"Модуль 5. AI-интеграция, деплой и финальный проект",32,Финальный проект: Final defense,15,Edge gate,practice,ide_plugin,105,4,36
5,"Модуль 5. AI-интеграция, деплой и финальный проект",32,Финальный проект: Final defense,16,Integration gate,project,ide_plugin,135,4,50
5,"Модуль 5. AI-интеграция, деплой и финальный проект",32,Финальный проект: Final defense,17,Контроль,test,quiz_single,30,2,10
5,"Модуль 5. AI-интеграция, деплой и финальный проект",32,Финальный проект: Final defense,18,Итоги,summary,,20,1,8
